[ 1105175ms] [ERROR] Warning: Cannot update a component (`%s`) while rendering a different component (`%s`). To locate the bad setState() call inside `%s`, follow the stack trace as described in https://reactjs.org/link/setstate-in-render%s HotReload DroppableColumn DroppableColumn 
    at DroppableColumn (webpack-internal:///(app-pages-browser)/./src/components/inmobiliaria/PipelineBoard.tsx:74:11)
    at div
    at div
    at DndContext (webpack-internal:///(app-pages-browser)/./node_modules/.pnpm/@dnd-kit+core@6.3.1_react-dom@18.3.1_react@18.3.1__react@18.3.1/node_modules/@dnd-kit/core/dist/core.esm.js:2898:5)
    at PipelineBoard (webpack-internal:///(app-pages-browser)/./src/components/inmobiliaria/PipelineBoard.tsx:551:11)
    at div
    at MotionDOMComponent (webpack-internal:///(app-pages-browser)/./node_modules/.pnpm/framer-motion@12.27.1_react-dom@18.3.1_react@18.3.1__react@18.3.1/node_modules/framer-motion/dist/es/motion/index.mjs:67:65)
    at div
    at PipelinePage (webpack-internal:///(app-pages-browser)/./src/app/panel/inmobiliaria/pipeline/page.tsx:28:78)
    at ClientPageRoot (webpack-internal:///(app-pages-browser)/./node_modules/.pnpm/next@14.2.21_react-dom@18.3.1_react@18.3.1__react@18.3.1/node_modules/next/dist/client/components/client-page.js:14:11)
    at InnerLayoutRouter (webpack-internal:///(app-pages-browser)/./node_modules/.pnpm/next@14.2.21_react-dom@18.3.1_react@18.3.1__react@18.3.1/node_modules/next/dist/client/components/layout-router.js:243:11)
    at RedirectErrorBoundary (webpack-internal:///(app-pages-browser)/./node_modules/.pnpm/next@14.2.21_react-dom@18.3.1_react@18.3.1__react@18.3.1/node_modules/next/dist/client/components/redirect-boundary.js:74:9)
    at RedirectBoundary (webpack-internal:///(app-pages-browser)/./node_modules/.pnpm/next@14.2.21_react-dom@18.3.1_react@18.3.1__react@18.3.1/node_modules/next/dist/client/components/redirect-boundary.js:82:11)
    at NotFoundBoundary (webpack-internal:///(app-pages-browser)/./node_modules/.pnpm/next@14.2.21_react-dom@18.3.1_react@18.3.1__react@18.3.1/node_modules/next/dist/client/components/not-found-boundary.js:84:11)
    at LoadingBoundary (webpack-internal:///(app-pages-browser)/./node_modules/.pnpm/next@14.2.21_react-dom@18.3.1_react@18.3.1__react@18.3.1/node_modules/next/dist/client/components/layout-router.js:349:11)
    at ErrorBoundary (webpack-internal:///(app-pages-browser)/./node_modules/.pnpm/next@14.2.21_react-dom@18.3.1_react@18.3.1__react@18.3.1/node_modules/next/dist/client/components/error-boundary.js:160:11)
    at InnerScrollAndFocusHandler (webpack-internal:///(app-pages-browser)/./node_modules/.pnpm/next@14.2.21_react-dom@18.3.1_react@18.3.1__react@18.3.1/node_modules/next/dist/client/components/layout-router.js:153:9)
    at ScrollAndFocusHandler (webpack-internal:///(app-pages-browser)/./node_modules/.pnpm/next@14.2.21_react-dom@18.3.1_react@18.3.1__react@18.3.1/node_modules/next/dist/client/components/layout-router.js:228:11)
    at RenderFromTemplateContext (webpack-internal:///(app-pages-browser)/./node_modules/.pnpm/next@14.2.21_react-dom@18.3.1_react@18.3.1__react@18.3.1/node_modules/next/dist/client/components/render-from-template-context.js:16:44)
    at OuterLayoutRouter (webpack-internal:///(app-pages-browser)/./node_modules/.pnpm/next@14.2.21_react-dom@18.3.1_react@18.3.1__react@18.3.1/node_modules/next/dist/client/components/layout-router.js:370:11)
    at InnerLayoutRouter (webpack-internal:///(app-pages-browser)/./node_modules/.pnpm/next@14.2.21_react-dom@18.3.1_react@18.3.1__react@18.3.1/node_modules/next/dist/client/components/layout-router.js:243:11)
    at RedirectErrorBoundary (webpack-internal:///(app-pages-browser)/./node_modules/.pnpm/next@14.2.21_react-dom@18.3.1_react@18.3.1__react@18.3.1/node_modules/next/dist/client/components/redirect-boundary.js:74:9)
    at RedirectBoundary (webpack-internal:///(app-pages-browser)/./node_modules/.pnpm/next@14.2.21_react-dom@18.3.1_react@18.3.1__react@18.3.1/node_modules/next/dist/client/components/redirect-boundary.js:82:11)
    at NotFoundBoundary (webpack-internal:///(app-pages-browser)/./node_modules/.pnpm/next@14.2.21_react-dom@18.3.1_react@18.3.1__react@18.3.1/node_modules/next/dist/client/components/not-found-boundary.js:84:11)
    at LoadingBoundary (webpack-internal:///(app-pages-browser)/./node_modules/.pnpm/next@14.2.21_react-dom@18.3.1_react@18.3.1__react@18.3.1/node_modules/next/dist/client/components/layout-router.js:349:11)
    at ErrorBoundary (webpack-internal:///(app-pages-browser)/./node_modules/.pnpm/next@14.2.21_react-dom@18.3.1_react@18.3.1__react@18.3.1/node_modules/next/dist/client/components/error-boundary.js:160:11)
    at InnerScrollAndFocusHandler (webpack-internal:///(app-pages-browser)/./node_modules/.pnpm/next@14.2.21_react-dom@18.3.1_react@18.3.1__react@18.3.1/node_modules/next/dist/client/components/layout-router.js:153:9)
    at ScrollAndFocusHandler (webpack-internal:///(app-pages-browser)/./node_modules/.pnpm/next@14.2.21_react-dom@18.3.1_react@18.3.1__react@18.3.1/node_modules/next/dist/client/components/layout-router.js:228:11)
    at RenderFromTemplateContext (webpack-internal:///(app-pages-browser)/./node_modules/.pnpm/next@14.2.21_react-dom@18.3.1_react@18.3.1__react@18.3.1/node_modules/next/dist/client/components/render-from-template-context.js:16:44)
    at OuterLayoutRouter (webpack-internal:///(app-pages-browser)/./node_modules/.pnpm/next@14.2.21_react-dom@18.3.1_react@18.3.1__react@18.3.1/node_modules/next/dist/client/components/layout-router.js:370:11)
    at main
    at div
    at div
    at InmobiliariaLayoutInner (webpack-internal:///(app-pages-browser)/./src/app/panel/inmobiliaria/layout.tsx:111:11)
    at SidebarProvider (webpack-internal:///(app-pages-browser)/./src/lib/context/SidebarContext.tsx:14:11)
    at I18nProvider (webpack-internal:///(app-pages-browser)/./src/lib/i18n/i18n-context.tsx:48:11)
    at ProtectedRoute (webpack-internal:///(app-pages-browser)/./src/components/auth/ProtectedRoute.tsx:29:11)
    at InmobiliariaLayout (webpack-internal:///(app-pages-browser)/./src/app/panel/inmobiliaria/layout.tsx:184:11)
    at InnerLayoutRouter (webpack-internal:///(app-pages-browser)/./node_modules/.pnpm/next@14.2.21_react-dom@18.3.1_react@18.3.1__react@18.3.1/node_modules/next/dist/client/components/layout-router.js:243:11)
    at RedirectErrorBoundary (webpack-internal:///(app-pages-browser)/./node_modules/.pnpm/next@14.2.21_react-dom@18.3.1_react@18.3.1__react@18.3.1/node_modules/next/dist/client/components/redirect-boundary.js:74:9)
    at RedirectBoundary (webpack-internal:///(app-pages-browser)/./node_modules/.pnpm/next@14.2.21_react-dom@18.3.1_react@18.3.1__react@18.3.1/node_modules/next/dist/client/components/redirect-boundary.js:82:11)
    at NotFoundBoundary (webpack-internal:///(app-pages-browser)/./node_modules/.pnpm/next@14.2.21_react-dom@18.3.1_react@18.3.1__react@18.3.1/node_modules/next/dist/client/components/not-found-boundary.js:84:11)
    at LoadingBoundary (webpack-internal:///(app-pages-browser)/./node_modules/.pnpm/next@14.2.21_react-dom@18.3.1_react@18.3.1__react@18.3.1/node_modules/next/dist/client/components/layout-router.js:349:11)
    at ErrorBoundary (webpack-internal:///(app-pages-browser)/./node_modules/.pnpm/next@14.2.21_react-dom@18.3.1_react@18.3.1__react@18.3.1/node_modules/next/dist/client/components/error-boundary.js:160:11)
    at InnerScrollAndFocusHandler (webpack-internal:///(app-pages-browser)/./node_modules/.pnpm/next@14.2.21_react-dom@18.3.1_react@18.3.1__react@18.3.1/node_modules/next/dist/client/components/layout-router.js:153:9)
    at ScrollAndFocusHandler (webpack-internal:///(app-pages-browser)/./node_modules/.pnpm/next@14.2.21_react-dom@18.3.1_react@18.3.1__react@18.3.1/node_modules/next/dist/client/components/layout-router.js:228:11)
    at RenderFromTemplateContext (webpack-internal:///(app-pages-browser)/./node_modules/.pnpm/next@14.2.21_react-dom@18.3.1_react@18.3.1__react@18.3.1/node_modules/next/dist/client/components/render-from-template-context.js:16:44)
    at OuterLayoutRouter (webpack-internal:///(app-pages-browser)/./node_modules/.pnpm/next@14.2.21_react-dom@18.3.1_react@18.3.1__react@18.3.1/node_modules/next/dist/client/components/layout-router.js:370:11)
    at InnerLayoutRouter (webpack-internal:///(app-pages-browser)/./node_modules/.pnpm/next@14.2.21_react-dom@18.3.1_react@18.3.1__react@18.3.1/node_modules/next/dist/client/components/layout-router.js:243:11)
    at RedirectErrorBoundary (webpack-internal:///(app-pages-browser)/./node_modules/.pnpm/next@14.2.21_react-dom@18.3.1_react@18.3.1__react@18.3.1/node_modules/next/dist/client/components/redirect-boundary.js:74:9)
    at RedirectBoundary (webpack-internal:///(app-pages-browser)/./node_modules/.pnpm/next@14.2.21_react-dom@18.3.1_react@18.3.1__react@18.3.1/node_modules/next/dist/client/components/redirect-boundary.js:82:11)
    at NotFoundErrorBoundary (webpack-internal:///(app-pages-browser)/./node_modules/.pnpm/next@14.2.21_react-dom@18.3.1_react@18.3.1__react@18.3.1/node_modules/next/dist/client/components/not-found-boundary.js:76:9)
    at NotFoundBoundary (webpack-internal:///(app-pages-browser)/./node_modules/.pnpm/next@14.2.21_react-dom@18.3.1_react@18.3.1__react@18.3.1/node_modules/next/dist/client/components/not-found-boundary.js:84:11)
    at LoadingBoundary (webpack-internal:///(app-pages-browser)/./node_modules/.pnpm/next@14.2.21_react-dom@18.3.1_react@18.3.1__react@18.3.1/node_modules/next/dist/client/components/layout-router.js:349:11)
    at ErrorBoundary (webpack-internal:///(app-pages-browser)/./node_modules/.pnpm/next@14.2.21_react-dom@18.3.1_react@18.3.1__react@18.3.1/node_modules/next/dist/client/components/error-boundary.js:160:11)
    at InnerScrollAndFocusHandler (webpack-internal:///(app-pages-browser)/./node_modules/.pnpm/next@14.2.21_react-dom@18.3.1_react@18.3.1__react@18.3.1/node_modules/next/dist/client/components/layout-router.js:153:9)
    at ScrollAndFocusHandler (webpack-internal:///(app-pages-browser)/./node_modules/.pnpm/next@14.2.21_react-dom@18.3.1_react@18.3.1__react@18.3.1/node_modules/next/dist/client/components/layout-router.js:228:11)
    at RenderFromTemplateContext (webpack-internal:///(app-pages-browser)/./node_modules/.pnpm/next@14.2.21_react-dom@18.3.1_react@18.3.1__react@18.3.1/node_modules/next/dist/client/components/render-from-template-context.js:16:44)
    at div
    at MotionDOMComponent (webpack-internal:///(app-pages-browser)/./node_modules/.pnpm/framer-motion@12.27.1_react-dom@18.3.1_react@18.3.1__react@18.3.1/node_modules/framer-motion/dist/es/motion/index.mjs:67:65)
    at PageTransition (webpack-internal:///(app-pages-browser)/./src/components/providers/PageTransition.tsx:13:11)
    at Template (webpack-internal:///(app-pages-browser)/./src/app/template.tsx:13:11)
    at OuterLayoutRouter (webpack-internal:///(app-pages-browser)/./node_modules/.pnpm/next@14.2.21_react-dom@18.3.1_react@18.3.1__react@18.3.1/node_modules/next/dist/client/components/layout-router.js:370:11)
    at SmoothScroll (webpack-internal:///(app-pages-browser)/./src/components/providers/SmoothScroll.tsx:36:11)
    at WishlistProvider (webpack-internal:///(app-pages-browser)/./src/lib/stores/wishlist.tsx:17:11)
    at AuthProvider (webpack-internal:///(app-pages-browser)/./src/lib/auth/auth-context.tsx:28:11)
    at V (webpack-internal:///(app-pages-browser)/./node_modules/.pnpm/next-themes@0.4.6_react-dom@18.3.1_react@18.3.1__react@18.3.1/node_modules/next-themes/dist/index.mjs:54:24)
    at J (webpack-internal:///(app-pages-browser)/./node_modules/.pnpm/next-themes@0.4.6_react-dom@18.3.1_react@18.3.1__react@18.3.1/node_modules/next-themes/dist/index.mjs:47:47)
    at ThemeProvider (webpack-internal:///(app-pages-browser)/./src/components/providers/ThemeProvider.tsx:10:11)
    at body
    at html
    at RootLayout (Server)
    at RedirectErrorBoundary (webpack-internal:///(app-pages-browser)/./node_modules/.pnpm/next@14.2.21_react-dom@18.3.1_react@18.3.1__react@18.3.1/node_modules/next/dist/client/components/redirect-boundary.js:74:9)
    at RedirectBoundary (webpack-internal:///(app-pages-browser)/./node_modules/.pnpm/next@14.2.21_react-dom@18.3.1_react@18.3.1__react@18.3.1/node_modules/next/dist/client/components/redirect-boundary.js:82:11)
    at NotFoundErrorBoundary (webpack-internal:///(app-pages-browser)/./node_modules/.pnpm/next@14.2.21_react-dom@18.3.1_react@18.3.1__react@18.3.1/node_modules/next/dist/client/components/not-found-boundary.js:76:9)
    at NotFoundBoundary (webpack-internal:///(app-pages-browser)/./node_modules/.pnpm/next@14.2.21_react-dom@18.3.1_react@18.3.1__react@18.3.1/node_modules/next/dist/client/components/not-found-boundary.js:84:11)
    at DevRootNotFoundBoundary (webpack-internal:///(app-pages-browser)/./node_modules/.pnpm/next@14.2.21_react-dom@18.3.1_react@18.3.1__react@18.3.1/node_modules/next/dist/client/components/dev-root-not-found-boundary.js:33:11)
    at ReactDevOverlay (webpack-internal:///(app-pages-browser)/./node_modules/.pnpm/next@14.2.21_react-dom@18.3.1_react@18.3.1__react@18.3.1/node_modules/next/dist/client/components/react-dev-overlay/app/ReactDevOverlay.js:87:9)
    at HotReload (webpack-internal:///(app-pages-browser)/./node_modules/.pnpm/next@14.2.21_react-dom@18.3.1_react@18.3.1__react@18.3.1/node_modules/next/dist/client/components/react-dev-overlay/app/hot-reloader-client.js:321:11)
    at Router (webpack-internal:///(app-pages-browser)/./node_modules/.pnpm/next@14.2.21_react-dom@18.3.1_react@18.3.1__react@18.3.1/node_modules/next/dist/client/components/app-router.js:207:11)
    at ErrorBoundaryHandler (webpack-internal:///(app-pages-browser)/./node_modules/.pnpm/next@14.2.21_react-dom@18.3.1_react@18.3.1__react@18.3.1/node_modules/next/dist/client/components/error-boundary.js:113:9)
    at ErrorBoundary (webpack-internal:///(app-pages-browser)/./node_modules/.pnpm/next@14.2.21_react-dom@18.3.1_react@18.3.1__react@18.3.1/node_modules/next/dist/client/components/error-boundary.js:160:11)
    at AppRouter (webpack-internal:///(app-pages-browser)/./node_modules/.pnpm/next@14.2.21_react-dom@18.3.1_react@18.3.1__react@18.3.1/node_modules/next/dist/client/components/app-router.js:585:13)
    at ServerRoot (webpack-internal:///(app-pages-browser)/./node_modules/.pnpm/next@14.2.21_react-dom@18.3.1_react@18.3.1__react@18.3.1/node_modules/next/dist/client/app-index.js:112:27)
    at Root (webpack-internal:///(app-pages-browser)/./node_modules/.pnpm/next@14.2.21_react-dom@18.3.1_react@18.3.1__react@18.3.1/node_modules/next/dist/client/app-index.js:117:11) @ webpack-internal:///(app-pages-browser)/./node_modules/.pnpm/next@14.2.21_react-dom@18.3.1_react@18.3.1__react@18.3.1/node_modules/next/dist/client/app-index.js:32
[ 1105199ms] ReferenceError: useEffect is not defined
    at DroppableColumn (webpack-internal:///(app-pages-browser)/./src/components/inmobiliaria/PipelineBoard.tsx:92:5)
    at renderWithHooks (webpack-internal:///(app-pages-browser)/./node_modules/.pnpm/next@14.2.21_react-dom@18.3.1_react@18.3.1__react@18.3.1/node_modules/next/dist/compiled/react-dom/cjs/react-dom.development.js:11121:18)
    at updateFunctionComponent (webpack-internal:///(app-pages-browser)/./node_modules/.pnpm/next@14.2.21_react-dom@18.3.1_react@18.3.1__react@18.3.1/node_modules/next/dist/compiled/react-dom/cjs/react-dom.development.js:16290:20)
    at beginWork$1 (webpack-internal:///(app-pages-browser)/./node_modules/.pnpm/next@14.2.21_react-dom@18.3.1_react@18.3.1__react@18.3.1/node_modules/next/dist/compiled/react-dom/cjs/react-dom.development.js:18472:16)
    at HTMLUnknownElement.callCallback (webpack-internal:///(app-pages-browser)/./node_modules/.pnpm/next@14.2.21_react-dom@18.3.1_react@18.3.1__react@18.3.1/node_modules/next/dist/compiled/react-dom/cjs/react-dom.development.js:20565:14)
    at Object.invokeGuardedCallbackImpl (webpack-internal:///(app-pages-browser)/./node_modules/.pnpm/next@14.2.21_react-dom@18.3.1_react@18.3.1__react@18.3.1/node_modules/next/dist/compiled/react-dom/cjs/react-dom.development.js:20614:16)
    at invokeGuardedCallback (webpack-internal:///(app-pages-browser)/./node_modules/.pnpm/next@14.2.21_react-dom@18.3.1_react@18.3.1__react@18.3.1/node_modules/next/dist/compiled/react-dom/cjs/react-dom.development.js:20689:29)
    at beginWork (webpack-internal:///(app-pages-browser)/./node_modules/.pnpm/next@14.2.21_react-dom@18.3.1_react@18.3.1__react@18.3.1/node_modules/next/dist/compiled/react-dom/cjs/react-dom.development.js:26949:7)
    at performUnitOfWork (webpack-internal:///(app-pages-browser)/./node_modules/.pnpm/next@14.2.21_react-dom@18.3.1_react@18.3.1__react@18.3.1/node_modules/next/dist/compiled/react-dom/cjs/react-dom.development.js:25748:12)
    at workLoopSync (webpack-internal:///(app-pages-browser)/./node_modules/.pnpm/next@14.2.21_react-dom@18.3.1_react@18.3.1__react@18.3.1/node_modules/next/dist/compiled/react-dom/cjs/react-dom.development.js:25464:5)
    at renderRootSync (webpack-internal:///(app-pages-browser)/./node_modules/.pnpm/next@14.2.21_react-dom@18.3.1_react@18.3.1__react@18.3.1/node_modules/next/dist/compiled/react-dom/cjs/react-dom.development.js:25419:7)
    at performSyncWorkOnRoot (webpack-internal:///(app-pages-browser)/./node_modules/.pnpm/next@14.2.21_react-dom@18.3.1_react@18.3.1__react@18.3.1/node_modules/next/dist/compiled/react-dom/cjs/react-dom.development.js:24887:20)
    at flushSyncWorkAcrossRoots_impl (webpack-internal:///(app-pages-browser)/./node_modules/.pnpm/next@14.2.21_react-dom@18.3.1_react@18.3.1__react@18.3.1/node_modules/next/dist/compiled/react-dom/cjs/react-dom.development.js:7758:13)
    at flushSyncWorkOnAllRoots (webpack-internal:///(app-pages-browser)/./node_modules/.pnpm/next@14.2.21_react-dom@18.3.1_react@18.3.1__react@18.3.1/node_modules/next/dist/compiled/react-dom/cjs/react-dom.development.js:7718:3)
    at flushSync$1 (webpack-internal:///(app-pages-browser)/./node_modules/.pnpm/next@14.2.21_react-dom@18.3.1_react@18.3.1__react@18.3.1/node_modules/next/dist/compiled/react-dom/cjs/react-dom.development.js:24999:7)
    at Object.scheduleRefresh (webpack-internal:///(app-pages-browser)/./node_modules/.pnpm/next@14.2.21_react-dom@18.3.1_react@18.3.1__react@18.3.1/node_modules/next/dist/compiled/react-dom/cjs/react-dom.development.js:27285:5)
    at eval (webpack-internal:///(app-pages-browser)/./node_modules/.pnpm/next@14.2.21_react-dom@18.3.1_react@18.3.1__react@18.3.1/node_modules/next/dist/compiled/react-refresh/cjs/react-refresh-runtime.development.js:265:17)
    at Set.forEach (<anonymous>)
    at Object.performReactRefresh (webpack-internal:///(app-pages-browser)/./node_modules/.pnpm/next@14.2.21_react-dom@18.3.1_react@18.3.1__react@18.3.1/node_modules/next/dist/compiled/react-refresh/cjs/react-refresh-runtime.development.js:254:26)
    at applyUpdate (webpack-internal:///(app-pages-browser)/./node_modules/.pnpm/next@14.2.21_react-dom@18.3.1_react@18.3.1__react@18.3.1/node_modules/next/dist/compiled/@next/react-refresh-utils/dist/internal/helpers.js:139:31)
    at statusHandler (webpack-internal:///(app-pages-browser)/./node_modules/.pnpm/next@14.2.21_react-dom@18.3.1_react@18.3.1__react@18.3.1/node_modules/next/dist/compiled/@next/react-refresh-utils/dist/internal/helpers.js:156:13)
    at setStatus (http://localhost:3000/_next/static/chunks/webpack.js?v=1770615031567:508:55)
    at http://localhost:3000/_next/static/chunks/webpack.js?v=1770615031567:678:21
[ 1105205ms] ReferenceError: useEffect is not defined
    at DroppableColumn (webpack-internal:///(app-pages-browser)/./src/components/inmobiliaria/PipelineBoard.tsx:92:5)
    at renderWithHooks (webpack-internal:///(app-pages-browser)/./node_modules/.pnpm/next@14.2.21_react-dom@18.3.1_react@18.3.1__react@18.3.1/node_modules/next/dist/compiled/react-dom/cjs/react-dom.development.js:11121:18)
    at updateFunctionComponent (webpack-internal:///(app-pages-browser)/./node_modules/.pnpm/next@14.2.21_react-dom@18.3.1_react@18.3.1__react@18.3.1/node_modules/next/dist/compiled/react-dom/cjs/react-dom.development.js:16290:20)
    at beginWork$1 (webpack-internal:///(app-pages-browser)/./node_modules/.pnpm/next@14.2.21_react-dom@18.3.1_react@18.3.1__react@18.3.1/node_modules/next/dist/compiled/react-dom/cjs/react-dom.development.js:18472:16)
    at beginWork (webpack-internal:///(app-pages-browser)/./node_modules/.pnpm/next@14.2.21_react-dom@18.3.1_react@18.3.1__react@18.3.1/node_modules/next/dist/compiled/react-dom/cjs/react-dom.development.js:26927:14)
    at performUnitOfWork (webpack-internal:///(app-pages-browser)/./node_modules/.pnpm/next@14.2.21_react-dom@18.3.1_react@18.3.1__react@18.3.1/node_modules/next/dist/compiled/react-dom/cjs/react-dom.development.js:25748:12)
    at workLoopSync (webpack-internal:///(app-pages-browser)/./node_modules/.pnpm/next@14.2.21_react-dom@18.3.1_react@18.3.1__react@18.3.1/node_modules/next/dist/compiled/react-dom/cjs/react-dom.development.js:25464:5)
    at renderRootSync (webpack-internal:///(app-pages-browser)/./node_modules/.pnpm/next@14.2.21_react-dom@18.3.1_react@18.3.1__react@18.3.1/node_modules/next/dist/compiled/react-dom/cjs/react-dom.development.js:25419:7)
    at performSyncWorkOnRoot (webpack-internal:///(app-pages-browser)/./node_modules/.pnpm/next@14.2.21_react-dom@18.3.1_react@18.3.1__react@18.3.1/node_modules/next/dist/compiled/react-dom/cjs/react-dom.development.js:24887:20)
    at flushSyncWorkAcrossRoots_impl (webpack-internal:///(app-pages-browser)/./node_modules/.pnpm/next@14.2.21_react-dom@18.3.1_react@18.3.1__react@18.3.1/node_modules/next/dist/compiled/react-dom/cjs/react-dom.development.js:7758:13)
    at flushSyncWorkOnAllRoots (webpack-internal:///(app-pages-browser)/./node_modules/.pnpm/next@14.2.21_react-dom@18.3.1_react@18.3.1__react@18.3.1/node_modules/next/dist/compiled/react-dom/cjs/react-dom.development.js:7718:3)
    at flushSync$1 (webpack-internal:///(app-pages-browser)/./node_modules/.pnpm/next@14.2.21_react-dom@18.3.1_react@18.3.1__react@18.3.1/node_modules/next/dist/compiled/react-dom/cjs/react-dom.development.js:24999:7)
    at Object.scheduleRefresh (webpack-internal:///(app-pages-browser)/./node_modules/.pnpm/next@14.2.21_react-dom@18.3.1_react@18.3.1__react@18.3.1/node_modules/next/dist/compiled/react-dom/cjs/react-dom.development.js:27285:5)
    at eval (webpack-internal:///(app-pages-browser)/./node_modules/.pnpm/next@14.2.21_react-dom@18.3.1_react@18.3.1__react@18.3.1/node_modules/next/dist/compiled/react-refresh/cjs/react-refresh-runtime.development.js:265:17)
    at Set.forEach (<anonymous>)
    at Object.performReactRefresh (webpack-internal:///(app-pages-browser)/./node_modules/.pnpm/next@14.2.21_react-dom@18.3.1_react@18.3.1__react@18.3.1/node_modules/next/dist/compiled/react-refresh/cjs/react-refresh-runtime.development.js:254:26)
    at applyUpdate (webpack-internal:///(app-pages-browser)/./node_modules/.pnpm/next@14.2.21_react-dom@18.3.1_react@18.3.1__react@18.3.1/node_modules/next/dist/compiled/@next/react-refresh-utils/dist/internal/helpers.js:139:31)
    at statusHandler (webpack-internal:///(app-pages-browser)/./node_modules/.pnpm/next@14.2.21_react-dom@18.3.1_react@18.3.1__react@18.3.1/node_modules/next/dist/compiled/@next/react-refresh-utils/dist/internal/helpers.js:156:13)
    at setStatus (http://localhost:3000/_next/static/chunks/webpack.js?v=1770615031567:508:55)
    at http://localhost:3000/_next/static/chunks/webpack.js?v=1770615031567:678:21
[ 1105223ms] ReferenceError: useEffect is not defined
    at DroppableColumn (webpack-internal:///(app-pages-browser)/./src/components/inmobiliaria/PipelineBoard.tsx:92:5)
    at renderWithHooks (webpack-internal:///(app-pages-browser)/./node_modules/.pnpm/next@14.2.21_react-dom@18.3.1_react@18.3.1__react@18.3.1/node_modules/next/dist/compiled/react-dom/cjs/react-dom.development.js:11121:18)
    at updateFunctionComponent (webpack-internal:///(app-pages-browser)/./node_modules/.pnpm/next@14.2.21_react-dom@18.3.1_react@18.3.1__react@18.3.1/node_modules/next/dist/compiled/react-dom/cjs/react-dom.development.js:16290:20)
    at beginWork$1 (webpack-internal:///(app-pages-browser)/./node_modules/.pnpm/next@14.2.21_react-dom@18.3.1_react@18.3.1__react@18.3.1/node_modules/next/dist/compiled/react-dom/cjs/react-dom.development.js:18472:16)
    at beginWork (webpack-internal:///(app-pages-browser)/./node_modules/.pnpm/next@14.2.21_react-dom@18.3.1_react@18.3.1__react@18.3.1/node_modules/next/dist/compiled/react-dom/cjs/react-dom.development.js:26927:14)
    at performUnitOfWork (webpack-internal:///(app-pages-browser)/./node_modules/.pnpm/next@14.2.21_react-dom@18.3.1_react@18.3.1__react@18.3.1/node_modules/next/dist/compiled/react-dom/cjs/react-dom.development.js:25748:12)
    at workLoopSync (webpack-internal:///(app-pages-browser)/./node_modules/.pnpm/next@14.2.21_react-dom@18.3.1_react@18.3.1__react@18.3.1/node_modules/next/dist/compiled/react-dom/cjs/react-dom.development.js:25464:5)
    at renderRootSync (webpack-internal:///(app-pages-browser)/./node_modules/.pnpm/next@14.2.21_react-dom@18.3.1_react@18.3.1__react@18.3.1/node_modules/next/dist/compiled/react-dom/cjs/react-dom.development.js:25419:7)
    at performSyncWorkOnRoot (webpack-internal:///(app-pages-browser)/./node_modules/.pnpm/next@14.2.21_react-dom@18.3.1_react@18.3.1__react@18.3.1/node_modules/next/dist/compiled/react-dom/cjs/react-dom.development.js:24887:20)
    at flushSyncWorkAcrossRoots_impl (webpack-internal:///(app-pages-browser)/./node_modules/.pnpm/next@14.2.21_react-dom@18.3.1_react@18.3.1__react@18.3.1/node_modules/next/dist/compiled/react-dom/cjs/react-dom.development.js:7758:13)
    at flushSyncWorkOnAllRoots (webpack-internal:///(app-pages-browser)/./node_modules/.pnpm/next@14.2.21_react-dom@18.3.1_react@18.3.1__react@18.3.1/node_modules/next/dist/compiled/react-dom/cjs/react-dom.development.js:7718:3)
    at flushSync$1 (webpack-internal:///(app-pages-browser)/./node_modules/.pnpm/next@14.2.21_react-dom@18.3.1_react@18.3.1__react@18.3.1/node_modules/next/dist/compiled/react-dom/cjs/react-dom.development.js:24999:7)
    at Object.scheduleRefresh (webpack-internal:///(app-pages-browser)/./node_modules/.pnpm/next@14.2.21_react-dom@18.3.1_react@18.3.1__react@18.3.1/node_modules/next/dist/compiled/react-dom/cjs/react-dom.development.js:27285:5)
    at eval (webpack-internal:///(app-pages-browser)/./node_modules/.pnpm/next@14.2.21_react-dom@18.3.1_react@18.3.1__react@18.3.1/node_modules/next/dist/compiled/react-refresh/cjs/react-refresh-runtime.development.js:265:17)
    at Set.forEach (<anonymous>)
    at Object.performReactRefresh (webpack-internal:///(app-pages-browser)/./node_modules/.pnpm/next@14.2.21_react-dom@18.3.1_react@18.3.1__react@18.3.1/node_modules/next/dist/compiled/react-refresh/cjs/react-refresh-runtime.development.js:254:26)
    at applyUpdate (webpack-internal:///(app-pages-browser)/./node_modules/.pnpm/next@14.2.21_react-dom@18.3.1_react@18.3.1__react@18.3.1/node_modules/next/dist/compiled/@next/react-refresh-utils/dist/internal/helpers.js:139:31)
    at statusHandler (webpack-internal:///(app-pages-browser)/./node_modules/.pnpm/next@14.2.21_react-dom@18.3.1_react@18.3.1__react@18.3.1/node_modules/next/dist/compiled/@next/react-refresh-utils/dist/internal/helpers.js:156:13)
    at setStatus (http://localhost:3000/_next/static/chunks/webpack.js?v=1770615031567:508:55)
    at http://localhost:3000/_next/static/chunks/webpack.js?v=1770615031567:678:21
[ 1105225ms] ReferenceError: useEffect is not defined
    at DroppableColumn (webpack-internal:///(app-pages-browser)/./src/components/inmobiliaria/PipelineBoard.tsx:92:5)
    at renderWithHooks (webpack-internal:///(app-pages-browser)/./node_modules/.pnpm/next@14.2.21_react-dom@18.3.1_react@18.3.1__react@18.3.1/node_modules/next/dist/compiled/react-dom/cjs/react-dom.development.js:11121:18)
    at updateFunctionComponent (webpack-internal:///(app-pages-browser)/./node_modules/.pnpm/next@14.2.21_react-dom@18.3.1_react@18.3.1__react@18.3.1/node_modules/next/dist/compiled/react-dom/cjs/react-dom.development.js:16290:20)
    at beginWork$1 (webpack-internal:///(app-pages-browser)/./node_modules/.pnpm/next@14.2.21_react-dom@18.3.1_react@18.3.1__react@18.3.1/node_modules/next/dist/compiled/react-dom/cjs/react-dom.development.js:18472:16)
    at beginWork (webpack-internal:///(app-pages-browser)/./node_modules/.pnpm/next@14.2.21_react-dom@18.3.1_react@18.3.1__react@18.3.1/node_modules/next/dist/compiled/react-dom/cjs/react-dom.development.js:26927:14)
    at performUnitOfWork (webpack-internal:///(app-pages-browser)/./node_modules/.pnpm/next@14.2.21_react-dom@18.3.1_react@18.3.1__react@18.3.1/node_modules/next/dist/compiled/react-dom/cjs/react-dom.development.js:25748:12)
    at workLoopSync (webpack-internal:///(app-pages-browser)/./node_modules/.pnpm/next@14.2.21_react-dom@18.3.1_react@18.3.1__react@18.3.1/node_modules/next/dist/compiled/react-dom/cjs/react-dom.development.js:25464:5)
    at renderRootSync (webpack-internal:///(app-pages-browser)/./node_modules/.pnpm/next@14.2.21_react-dom@18.3.1_react@18.3.1__react@18.3.1/node_modules/next/dist/compiled/react-dom/cjs/react-dom.development.js:25419:7)
    at performSyncWorkOnRoot (webpack-internal:///(app-pages-browser)/./node_modules/.pnpm/next@14.2.21_react-dom@18.3.1_react@18.3.1__react@18.3.1/node_modules/next/dist/compiled/react-dom/cjs/react-dom.development.js:24887:20)
    at flushSyncWorkAcrossRoots_impl (webpack-internal:///(app-pages-browser)/./node_modules/.pnpm/next@14.2.21_react-dom@18.3.1_react@18.3.1__react@18.3.1/node_modules/next/dist/compiled/react-dom/cjs/react-dom.development.js:7758:13)
    at flushSyncWorkOnAllRoots (webpack-internal:///(app-pages-browser)/./node_modules/.pnpm/next@14.2.21_react-dom@18.3.1_react@18.3.1__react@18.3.1/node_modules/next/dist/compiled/react-dom/cjs/react-dom.development.js:7718:3)
    at flushSync$1 (webpack-internal:///(app-pages-browser)/./node_modules/.pnpm/next@14.2.21_react-dom@18.3.1_react@18.3.1__react@18.3.1/node_modules/next/dist/compiled/react-dom/cjs/react-dom.development.js:24999:7)
    at Object.scheduleRefresh (webpack-internal:///(app-pages-browser)/./node_modules/.pnpm/next@14.2.21_react-dom@18.3.1_react@18.3.1__react@18.3.1/node_modules/next/dist/compiled/react-dom/cjs/react-dom.development.js:27285:5)
    at eval (webpack-internal:///(app-pages-browser)/./node_modules/.pnpm/next@14.2.21_react-dom@18.3.1_react@18.3.1__react@18.3.1/node_modules/next/dist/compiled/react-refresh/cjs/react-refresh-runtime.development.js:265:17)
    at Set.forEach (<anonymous>)
    at Object.performReactRefresh (webpack-internal:///(app-pages-browser)/./node_modules/.pnpm/next@14.2.21_react-dom@18.3.1_react@18.3.1__react@18.3.1/node_modules/next/dist/compiled/react-refresh/cjs/react-refresh-runtime.development.js:254:26)
    at applyUpdate (webpack-internal:///(app-pages-browser)/./node_modules/.pnpm/next@14.2.21_react-dom@18.3.1_react@18.3.1__react@18.3.1/node_modules/next/dist/compiled/@next/react-refresh-utils/dist/internal/helpers.js:139:31)
    at statusHandler (webpack-internal:///(app-pages-browser)/./node_modules/.pnpm/next@14.2.21_react-dom@18.3.1_react@18.3.1__react@18.3.1/node_modules/next/dist/compiled/@next/react-refresh-utils/dist/internal/helpers.js:156:13)
    at setStatus (http://localhost:3000/_next/static/chunks/webpack.js?v=1770615031567:508:55)
    at http://localhost:3000/_next/static/chunks/webpack.js?v=1770615031567:678:21
[ 1105231ms] ReferenceError: useEffect is not defined
    at DroppableColumn (webpack-internal:///(app-pages-browser)/./src/components/inmobiliaria/PipelineBoard.tsx:92:5)
    at renderWithHooks (webpack-internal:///(app-pages-browser)/./node_modules/.pnpm/next@14.2.21_react-dom@18.3.1_react@18.3.1__react@18.3.1/node_modules/next/dist/compiled/react-dom/cjs/react-dom.development.js:11121:18)
    at updateFunctionComponent (webpack-internal:///(app-pages-browser)/./node_modules/.pnpm/next@14.2.21_react-dom@18.3.1_react@18.3.1__react@18.3.1/node_modules/next/dist/compiled/react-dom/cjs/react-dom.development.js:16290:20)
    at beginWork$1 (webpack-internal:///(app-pages-browser)/./node_modules/.pnpm/next@14.2.21_react-dom@18.3.1_react@18.3.1__react@18.3.1/node_modules/next/dist/compiled/react-dom/cjs/react-dom.development.js:18472:16)
    at beginWork (webpack-internal:///(app-pages-browser)/./node_modules/.pnpm/next@14.2.21_react-dom@18.3.1_react@18.3.1__react@18.3.1/node_modules/next/dist/compiled/react-dom/cjs/react-dom.development.js:26927:14)
    at performUnitOfWork (webpack-internal:///(app-pages-browser)/./node_modules/.pnpm/next@14.2.21_react-dom@18.3.1_react@18.3.1__react@18.3.1/node_modules/next/dist/compiled/react-dom/cjs/react-dom.development.js:25748:12)
    at workLoopSync (webpack-internal:///(app-pages-browser)/./node_modules/.pnpm/next@14.2.21_react-dom@18.3.1_react@18.3.1__react@18.3.1/node_modules/next/dist/compiled/react-dom/cjs/react-dom.development.js:25464:5)
    at renderRootSync (webpack-internal:///(app-pages-browser)/./node_modules/.pnpm/next@14.2.21_react-dom@18.3.1_react@18.3.1__react@18.3.1/node_modules/next/dist/compiled/react-dom/cjs/react-dom.development.js:25419:7)
    at performSyncWorkOnRoot (webpack-internal:///(app-pages-browser)/./node_modules/.pnpm/next@14.2.21_react-dom@18.3.1_react@18.3.1__react@18.3.1/node_modules/next/dist/compiled/react-dom/cjs/react-dom.development.js:24887:20)
    at flushSyncWorkAcrossRoots_impl (webpack-internal:///(app-pages-browser)/./node_modules/.pnpm/next@14.2.21_react-dom@18.3.1_react@18.3.1__react@18.3.1/node_modules/next/dist/compiled/react-dom/cjs/react-dom.development.js:7758:13)
    at flushSyncWorkOnAllRoots (webpack-internal:///(app-pages-browser)/./node_modules/.pnpm/next@14.2.21_react-dom@18.3.1_react@18.3.1__react@18.3.1/node_modules/next/dist/compiled/react-dom/cjs/react-dom.development.js:7718:3)
    at flushSync$1 (webpack-internal:///(app-pages-browser)/./node_modules/.pnpm/next@14.2.21_react-dom@18.3.1_react@18.3.1__react@18.3.1/node_modules/next/dist/compiled/react-dom/cjs/react-dom.development.js:24999:7)
    at Object.scheduleRefresh (webpack-internal:///(app-pages-browser)/./node_modules/.pnpm/next@14.2.21_react-dom@18.3.1_react@18.3.1__react@18.3.1/node_modules/next/dist/compiled/react-dom/cjs/react-dom.development.js:27285:5)
    at eval (webpack-internal:///(app-pages-browser)/./node_modules/.pnpm/next@14.2.21_react-dom@18.3.1_react@18.3.1__react@18.3.1/node_modules/next/dist/compiled/react-refresh/cjs/react-refresh-runtime.development.js:265:17)
    at Set.forEach (<anonymous>)
    at Object.performReactRefresh (webpack-internal:///(app-pages-browser)/./node_modules/.pnpm/next@14.2.21_react-dom@18.3.1_react@18.3.1__react@18.3.1/node_modules/next/dist/compiled/react-refresh/cjs/react-refresh-runtime.development.js:254:26)
    at applyUpdate (webpack-internal:///(app-pages-browser)/./node_modules/.pnpm/next@14.2.21_react-dom@18.3.1_react@18.3.1__react@18.3.1/node_modules/next/dist/compiled/@next/react-refresh-utils/dist/internal/helpers.js:139:31)
    at statusHandler (webpack-internal:///(app-pages-browser)/./node_modules/.pnpm/next@14.2.21_react-dom@18.3.1_react@18.3.1__react@18.3.1/node_modules/next/dist/compiled/@next/react-refresh-utils/dist/internal/helpers.js:156:13)
    at setStatus (http://localhost:3000/_next/static/chunks/webpack.js?v=1770615031567:508:55)
    at http://localhost:3000/_next/static/chunks/webpack.js?v=1770615031567:678:21
[ 1105242ms] ReferenceError: useEffect is not defined
    at DroppableColumn (webpack-internal:///(app-pages-browser)/./src/components/inmobiliaria/PipelineBoard.tsx:92:5)
    at renderWithHooks (webpack-internal:///(app-pages-browser)/./node_modules/.pnpm/next@14.2.21_react-dom@18.3.1_react@18.3.1__react@18.3.1/node_modules/next/dist/compiled/react-dom/cjs/react-dom.development.js:11121:18)
    at updateFunctionComponent (webpack-internal:///(app-pages-browser)/./node_modules/.pnpm/next@14.2.21_react-dom@18.3.1_react@18.3.1__react@18.3.1/node_modules/next/dist/compiled/react-dom/cjs/react-dom.development.js:16290:20)
    at beginWork$1 (webpack-internal:///(app-pages-browser)/./node_modules/.pnpm/next@14.2.21_react-dom@18.3.1_react@18.3.1__react@18.3.1/node_modules/next/dist/compiled/react-dom/cjs/react-dom.development.js:18472:16)
    at beginWork (webpack-internal:///(app-pages-browser)/./node_modules/.pnpm/next@14.2.21_react-dom@18.3.1_react@18.3.1__react@18.3.1/node_modules/next/dist/compiled/react-dom/cjs/react-dom.development.js:26927:14)
    at performUnitOfWork (webpack-internal:///(app-pages-browser)/./node_modules/.pnpm/next@14.2.21_react-dom@18.3.1_react@18.3.1__react@18.3.1/node_modules/next/dist/compiled/react-dom/cjs/react-dom.development.js:25748:12)
    at workLoopSync (webpack-internal:///(app-pages-browser)/./node_modules/.pnpm/next@14.2.21_react-dom@18.3.1_react@18.3.1__react@18.3.1/node_modules/next/dist/compiled/react-dom/cjs/react-dom.development.js:25464:5)
    at renderRootSync (webpack-internal:///(app-pages-browser)/./node_modules/.pnpm/next@14.2.21_react-dom@18.3.1_react@18.3.1__react@18.3.1/node_modules/next/dist/compiled/react-dom/cjs/react-dom.development.js:25419:7)
    at performSyncWorkOnRoot (webpack-internal:///(app-pages-browser)/./node_modules/.pnpm/next@14.2.21_react-dom@18.3.1_react@18.3.1__react@18.3.1/node_modules/next/dist/compiled/react-dom/cjs/react-dom.development.js:24887:20)
    at flushSyncWorkAcrossRoots_impl (webpack-internal:///(app-pages-browser)/./node_modules/.pnpm/next@14.2.21_react-dom@18.3.1_react@18.3.1__react@18.3.1/node_modules/next/dist/compiled/react-dom/cjs/react-dom.development.js:7758:13)
    at flushSyncWorkOnAllRoots (webpack-internal:///(app-pages-browser)/./node_modules/.pnpm/next@14.2.21_react-dom@18.3.1_react@18.3.1__react@18.3.1/node_modules/next/dist/compiled/react-dom/cjs/react-dom.development.js:7718:3)
    at flushSync$1 (webpack-internal:///(app-pages-browser)/./node_modules/.pnpm/next@14.2.21_react-dom@18.3.1_react@18.3.1__react@18.3.1/node_modules/next/dist/compiled/react-dom/cjs/react-dom.development.js:24999:7)
    at Object.scheduleRefresh (webpack-internal:///(app-pages-browser)/./node_modules/.pnpm/next@14.2.21_react-dom@18.3.1_react@18.3.1__react@18.3.1/node_modules/next/dist/compiled/react-dom/cjs/react-dom.development.js:27285:5)
    at eval (webpack-internal:///(app-pages-browser)/./node_modules/.pnpm/next@14.2.21_react-dom@18.3.1_react@18.3.1__react@18.3.1/node_modules/next/dist/compiled/react-refresh/cjs/react-refresh-runtime.development.js:265:17)
    at Set.forEach (<anonymous>)
    at Object.performReactRefresh (webpack-internal:///(app-pages-browser)/./node_modules/.pnpm/next@14.2.21_react-dom@18.3.1_react@18.3.1__react@18.3.1/node_modules/next/dist/compiled/react-refresh/cjs/react-refresh-runtime.development.js:254:26)
    at applyUpdate (webpack-internal:///(app-pages-browser)/./node_modules/.pnpm/next@14.2.21_react-dom@18.3.1_react@18.3.1__react@18.3.1/node_modules/next/dist/compiled/@next/react-refresh-utils/dist/internal/helpers.js:139:31)
    at statusHandler (webpack-internal:///(app-pages-browser)/./node_modules/.pnpm/next@14.2.21_react-dom@18.3.1_react@18.3.1__react@18.3.1/node_modules/next/dist/compiled/@next/react-refresh-utils/dist/internal/helpers.js:156:13)
    at setStatus (http://localhost:3000/_next/static/chunks/webpack.js?v=1770615031567:508:55)
    at http://localhost:3000/_next/static/chunks/webpack.js?v=1770615031567:678:21
[ 1105244ms] ReferenceError: useEffect is not defined
    at DroppableColumn (webpack-internal:///(app-pages-browser)/./src/components/inmobiliaria/PipelineBoard.tsx:92:5)
    at renderWithHooks (webpack-internal:///(app-pages-browser)/./node_modules/.pnpm/next@14.2.21_react-dom@18.3.1_react@18.3.1__react@18.3.1/node_modules/next/dist/compiled/react-dom/cjs/react-dom.development.js:11121:18)
    at updateFunctionComponent (webpack-internal:///(app-pages-browser)/./node_modules/.pnpm/next@14.2.21_react-dom@18.3.1_react@18.3.1__react@18.3.1/node_modules/next/dist/compiled/react-dom/cjs/react-dom.development.js:16290:20)
    at beginWork$1 (webpack-internal:///(app-pages-browser)/./node_modules/.pnpm/next@14.2.21_react-dom@18.3.1_react@18.3.1__react@18.3.1/node_modules/next/dist/compiled/react-dom/cjs/react-dom.development.js:18472:16)
    at beginWork (webpack-internal:///(app-pages-browser)/./node_modules/.pnpm/next@14.2.21_react-dom@18.3.1_react@18.3.1__react@18.3.1/node_modules/next/dist/compiled/react-dom/cjs/react-dom.development.js:26927:14)
    at performUnitOfWork (webpack-internal:///(app-pages-browser)/./node_modules/.pnpm/next@14.2.21_react-dom@18.3.1_react@18.3.1__react@18.3.1/node_modules/next/dist/compiled/react-dom/cjs/react-dom.development.js:25748:12)
    at workLoopSync (webpack-internal:///(app-pages-browser)/./node_modules/.pnpm/next@14.2.21_react-dom@18.3.1_react@18.3.1__react@18.3.1/node_modules/next/dist/compiled/react-dom/cjs/react-dom.development.js:25464:5)
    at renderRootSync (webpack-internal:///(app-pages-browser)/./node_modules/.pnpm/next@14.2.21_react-dom@18.3.1_react@18.3.1__react@18.3.1/node_modules/next/dist/compiled/react-dom/cjs/react-dom.development.js:25419:7)
    at performSyncWorkOnRoot (webpack-internal:///(app-pages-browser)/./node_modules/.pnpm/next@14.2.21_react-dom@18.3.1_react@18.3.1__react@18.3.1/node_modules/next/dist/compiled/react-dom/cjs/react-dom.development.js:24887:20)
    at flushSyncWorkAcrossRoots_impl (webpack-internal:///(app-pages-browser)/./node_modules/.pnpm/next@14.2.21_react-dom@18.3.1_react@18.3.1__react@18.3.1/node_modules/next/dist/compiled/react-dom/cjs/react-dom.development.js:7758:13)
    at flushSyncWorkOnAllRoots (webpack-internal:///(app-pages-browser)/./node_modules/.pnpm/next@14.2.21_react-dom@18.3.1_react@18.3.1__react@18.3.1/node_modules/next/dist/compiled/react-dom/cjs/react-dom.development.js:7718:3)
    at flushSync$1 (webpack-internal:///(app-pages-browser)/./node_modules/.pnpm/next@14.2.21_react-dom@18.3.1_react@18.3.1__react@18.3.1/node_modules/next/dist/compiled/react-dom/cjs/react-dom.development.js:24999:7)
    at Object.scheduleRefresh (webpack-internal:///(app-pages-browser)/./node_modules/.pnpm/next@14.2.21_react-dom@18.3.1_react@18.3.1__react@18.3.1/node_modules/next/dist/compiled/react-dom/cjs/react-dom.development.js:27285:5)
    at eval (webpack-internal:///(app-pages-browser)/./node_modules/.pnpm/next@14.2.21_react-dom@18.3.1_react@18.3.1__react@18.3.1/node_modules/next/dist/compiled/react-refresh/cjs/react-refresh-runtime.development.js:265:17)
    at Set.forEach (<anonymous>)
    at Object.performReactRefresh (webpack-internal:///(app-pages-browser)/./node_modules/.pnpm/next@14.2.21_react-dom@18.3.1_react@18.3.1__react@18.3.1/node_modules/next/dist/compiled/react-refresh/cjs/react-refresh-runtime.development.js:254:26)
    at applyUpdate (webpack-internal:///(app-pages-browser)/./node_modules/.pnpm/next@14.2.21_react-dom@18.3.1_react@18.3.1__react@18.3.1/node_modules/next/dist/compiled/@next/react-refresh-utils/dist/internal/helpers.js:139:31)
    at statusHandler (webpack-internal:///(app-pages-browser)/./node_modules/.pnpm/next@14.2.21_react-dom@18.3.1_react@18.3.1__react@18.3.1/node_modules/next/dist/compiled/@next/react-refresh-utils/dist/internal/helpers.js:156:13)
    at setStatus (http://localhost:3000/_next/static/chunks/webpack.js?v=1770615031567:508:55)
    at http://localhost:3000/_next/static/chunks/webpack.js?v=1770615031567:678:21
[ 1105248ms] ReferenceError: useEffect is not defined
    at DroppableColumn (webpack-internal:///(app-pages-browser)/./src/components/inmobiliaria/PipelineBoard.tsx:92:5)
    at renderWithHooks (webpack-internal:///(app-pages-browser)/./node_modules/.pnpm/next@14.2.21_react-dom@18.3.1_react@18.3.1__react@18.3.1/node_modules/next/dist/compiled/react-dom/cjs/react-dom.development.js:11121:18)
    at updateFunctionComponent (webpack-internal:///(app-pages-browser)/./node_modules/.pnpm/next@14.2.21_react-dom@18.3.1_react@18.3.1__react@18.3.1/node_modules/next/dist/compiled/react-dom/cjs/react-dom.development.js:16290:20)
    at beginWork$1 (webpack-internal:///(app-pages-browser)/./node_modules/.pnpm/next@14.2.21_react-dom@18.3.1_react@18.3.1__react@18.3.1/node_modules/next/dist/compiled/react-dom/cjs/react-dom.development.js:18472:16)
    at beginWork (webpack-internal:///(app-pages-browser)/./node_modules/.pnpm/next@14.2.21_react-dom@18.3.1_react@18.3.1__react@18.3.1/node_modules/next/dist/compiled/react-dom/cjs/react-dom.development.js:26927:14)
    at performUnitOfWork (webpack-internal:///(app-pages-browser)/./node_modules/.pnpm/next@14.2.21_react-dom@18.3.1_react@18.3.1__react@18.3.1/node_modules/next/dist/compiled/react-dom/cjs/react-dom.development.js:25748:12)
    at workLoopSync (webpack-internal:///(app-pages-browser)/./node_modules/.pnpm/next@14.2.21_react-dom@18.3.1_react@18.3.1__react@18.3.1/node_modules/next/dist/compiled/react-dom/cjs/react-dom.development.js:25464:5)
    at renderRootSync (webpack-internal:///(app-pages-browser)/./node_modules/.pnpm/next@14.2.21_react-dom@18.3.1_react@18.3.1__react@18.3.1/node_modules/next/dist/compiled/react-dom/cjs/react-dom.development.js:25419:7)
    at performSyncWorkOnRoot (webpack-internal:///(app-pages-browser)/./node_modules/.pnpm/next@14.2.21_react-dom@18.3.1_react@18.3.1__react@18.3.1/node_modules/next/dist/compiled/react-dom/cjs/react-dom.development.js:24887:20)
    at flushSyncWorkAcrossRoots_impl (webpack-internal:///(app-pages-browser)/./node_modules/.pnpm/next@14.2.21_react-dom@18.3.1_react@18.3.1__react@18.3.1/node_modules/next/dist/compiled/react-dom/cjs/react-dom.development.js:7758:13)
    at flushSyncWorkOnAllRoots (webpack-internal:///(app-pages-browser)/./node_modules/.pnpm/next@14.2.21_react-dom@18.3.1_react@18.3.1__react@18.3.1/node_modules/next/dist/compiled/react-dom/cjs/react-dom.development.js:7718:3)
    at flushSync$1 (webpack-internal:///(app-pages-browser)/./node_modules/.pnpm/next@14.2.21_react-dom@18.3.1_react@18.3.1__react@18.3.1/node_modules/next/dist/compiled/react-dom/cjs/react-dom.development.js:24999:7)
    at Object.scheduleRefresh (webpack-internal:///(app-pages-browser)/./node_modules/.pnpm/next@14.2.21_react-dom@18.3.1_react@18.3.1__react@18.3.1/node_modules/next/dist/compiled/react-dom/cjs/react-dom.development.js:27285:5)
    at eval (webpack-internal:///(app-pages-browser)/./node_modules/.pnpm/next@14.2.21_react-dom@18.3.1_react@18.3.1__react@18.3.1/node_modules/next/dist/compiled/react-refresh/cjs/react-refresh-runtime.development.js:265:17)
    at Set.forEach (<anonymous>)
    at Object.performReactRefresh (webpack-internal:///(app-pages-browser)/./node_modules/.pnpm/next@14.2.21_react-dom@18.3.1_react@18.3.1__react@18.3.1/node_modules/next/dist/compiled/react-refresh/cjs/react-refresh-runtime.development.js:254:26)
    at applyUpdate (webpack-internal:///(app-pages-browser)/./node_modules/.pnpm/next@14.2.21_react-dom@18.3.1_react@18.3.1__react@18.3.1/node_modules/next/dist/compiled/@next/react-refresh-utils/dist/internal/helpers.js:139:31)
    at statusHandler (webpack-internal:///(app-pages-browser)/./node_modules/.pnpm/next@14.2.21_react-dom@18.3.1_react@18.3.1__react@18.3.1/node_modules/next/dist/compiled/@next/react-refresh-utils/dist/internal/helpers.js:156:13)
    at setStatus (http://localhost:3000/_next/static/chunks/webpack.js?v=1770615031567:508:55)
    at http://localhost:3000/_next/static/chunks/webpack.js?v=1770615031567:678:21
[ 1105249ms] ReferenceError: useEffect is not defined
    at DroppableColumn (webpack-internal:///(app-pages-browser)/./src/components/inmobiliaria/PipelineBoard.tsx:92:5)
    at renderWithHooks (webpack-internal:///(app-pages-browser)/./node_modules/.pnpm/next@14.2.21_react-dom@18.3.1_react@18.3.1__react@18.3.1/node_modules/next/dist/compiled/react-dom/cjs/react-dom.development.js:11121:18)
    at updateFunctionComponent (webpack-internal:///(app-pages-browser)/./node_modules/.pnpm/next@14.2.21_react-dom@18.3.1_react@18.3.1__react@18.3.1/node_modules/next/dist/compiled/react-dom/cjs/react-dom.development.js:16290:20)
    at beginWork$1 (webpack-internal:///(app-pages-browser)/./node_modules/.pnpm/next@14.2.21_react-dom@18.3.1_react@18.3.1__react@18.3.1/node_modules/next/dist/compiled/react-dom/cjs/react-dom.development.js:18472:16)
    at HTMLUnknownElement.callCallback (webpack-internal:///(app-pages-browser)/./node_modules/.pnpm/next@14.2.21_react-dom@18.3.1_react@18.3.1__react@18.3.1/node_modules/next/dist/compiled/react-dom/cjs/react-dom.development.js:20565:14)
    at Object.invokeGuardedCallbackImpl (webpack-internal:///(app-pages-browser)/./node_modules/.pnpm/next@14.2.21_react-dom@18.3.1_react@18.3.1__react@18.3.1/node_modules/next/dist/compiled/react-dom/cjs/react-dom.development.js:20614:16)
    at invokeGuardedCallback (webpack-internal:///(app-pages-browser)/./node_modules/.pnpm/next@14.2.21_react-dom@18.3.1_react@18.3.1__react@18.3.1/node_modules/next/dist/compiled/react-dom/cjs/react-dom.development.js:20689:29)
    at beginWork (webpack-internal:///(app-pages-browser)/./node_modules/.pnpm/next@14.2.21_react-dom@18.3.1_react@18.3.1__react@18.3.1/node_modules/next/dist/compiled/react-dom/cjs/react-dom.development.js:26949:7)
    at performUnitOfWork (webpack-internal:///(app-pages-browser)/./node_modules/.pnpm/next@14.2.21_react-dom@18.3.1_react@18.3.1__react@18.3.1/node_modules/next/dist/compiled/react-dom/cjs/react-dom.development.js:25748:12)
    at workLoopSync (webpack-internal:///(app-pages-browser)/./node_modules/.pnpm/next@14.2.21_react-dom@18.3.1_react@18.3.1__react@18.3.1/node_modules/next/dist/compiled/react-dom/cjs/react-dom.development.js:25464:5)
    at renderRootSync (webpack-internal:///(app-pages-browser)/./node_modules/.pnpm/next@14.2.21_react-dom@18.3.1_react@18.3.1__react@18.3.1/node_modules/next/dist/compiled/react-dom/cjs/react-dom.development.js:25419:7)
    at recoverFromConcurrentError (webpack-internal:///(app-pages-browser)/./node_modules/.pnpm/next@14.2.21_react-dom@18.3.1_react@18.3.1__react@18.3.1/node_modules/next/dist/compiled/react-dom/cjs/react-dom.development.js:24597:20)
    at performSyncWorkOnRoot (webpack-internal:///(app-pages-browser)/./node_modules/.pnpm/next@14.2.21_react-dom@18.3.1_react@18.3.1__react@18.3.1/node_modules/next/dist/compiled/react-dom/cjs/react-dom.development.js:24899:20)
    at flushSyncWorkAcrossRoots_impl (webpack-internal:///(app-pages-browser)/./node_modules/.pnpm/next@14.2.21_react-dom@18.3.1_react@18.3.1__react@18.3.1/node_modules/next/dist/compiled/react-dom/cjs/react-dom.development.js:7758:13)
    at flushSyncWorkOnAllRoots (webpack-internal:///(app-pages-browser)/./node_modules/.pnpm/next@14.2.21_react-dom@18.3.1_react@18.3.1__react@18.3.1/node_modules/next/dist/compiled/react-dom/cjs/react-dom.development.js:7718:3)
    at flushSync$1 (webpack-internal:///(app-pages-browser)/./node_modules/.pnpm/next@14.2.21_react-dom@18.3.1_react@18.3.1__react@18.3.1/node_modules/next/dist/compiled/react-dom/cjs/react-dom.development.js:24999:7)
    at Object.scheduleRefresh (webpack-internal:///(app-pages-browser)/./node_modules/.pnpm/next@14.2.21_react-dom@18.3.1_react@18.3.1__react@18.3.1/node_modules/next/dist/compiled/react-dom/cjs/react-dom.development.js:27285:5)
    at eval (webpack-internal:///(app-pages-browser)/./node_modules/.pnpm/next@14.2.21_react-dom@18.3.1_react@18.3.1__react@18.3.1/node_modules/next/dist/compiled/react-refresh/cjs/react-refresh-runtime.development.js:265:17)
    at Set.forEach (<anonymous>)
    at Object.performReactRefresh (webpack-internal:///(app-pages-browser)/./node_modules/.pnpm/next@14.2.21_react-dom@18.3.1_react@18.3.1__react@18.3.1/node_modules/next/dist/compiled/react-refresh/cjs/react-refresh-runtime.development.js:254:26)
    at applyUpdate (webpack-internal:///(app-pages-browser)/./node_modules/.pnpm/next@14.2.21_react-dom@18.3.1_react@18.3.1__react@18.3.1/node_modules/next/dist/compiled/@next/react-refresh-utils/dist/internal/helpers.js:139:31)
    at statusHandler (webpack-internal:///(app-pages-browser)/./node_modules/.pnpm/next@14.2.21_react-dom@18.3.1_react@18.3.1__react@18.3.1/node_modules/next/dist/compiled/@next/react-refresh-utils/dist/internal/helpers.js:156:13)
    at setStatus (http://localhost:3000/_next/static/chunks/webpack.js?v=1770615031567:508:55)
    at http://localhost:3000/_next/static/chunks/webpack.js?v=1770615031567:678:21
[ 1105250ms] ReferenceError: useEffect is not defined
    at DroppableColumn (webpack-internal:///(app-pages-browser)/./src/components/inmobiliaria/PipelineBoard.tsx:92:5)
    at renderWithHooks (webpack-internal:///(app-pages-browser)/./node_modules/.pnpm/next@14.2.21_react-dom@18.3.1_react@18.3.1__react@18.3.1/node_modules/next/dist/compiled/react-dom/cjs/react-dom.development.js:11121:18)
    at updateFunctionComponent (webpack-internal:///(app-pages-browser)/./node_modules/.pnpm/next@14.2.21_react-dom@18.3.1_react@18.3.1__react@18.3.1/node_modules/next/dist/compiled/react-dom/cjs/react-dom.development.js:16290:20)
    at beginWork$1 (webpack-internal:///(app-pages-browser)/./node_modules/.pnpm/next@14.2.21_react-dom@18.3.1_react@18.3.1__react@18.3.1/node_modules/next/dist/compiled/react-dom/cjs/react-dom.development.js:18472:16)
    at beginWork (webpack-internal:///(app-pages-browser)/./node_modules/.pnpm/next@14.2.21_react-dom@18.3.1_react@18.3.1__react@18.3.1/node_modules/next/dist/compiled/react-dom/cjs/react-dom.development.js:26927:14)
    at performUnitOfWork (webpack-internal:///(app-pages-browser)/./node_modules/.pnpm/next@14.2.21_react-dom@18.3.1_react@18.3.1__react@18.3.1/node_modules/next/dist/compiled/react-dom/cjs/react-dom.development.js:25748:12)
    at workLoopSync (webpack-internal:///(app-pages-browser)/./node_modules/.pnpm/next@14.2.21_react-dom@18.3.1_react@18.3.1__react@18.3.1/node_modules/next/dist/compiled/react-dom/cjs/react-dom.development.js:25464:5)
    at renderRootSync (webpack-internal:///(app-pages-browser)/./node_modules/.pnpm/next@14.2.21_react-dom@18.3.1_react@18.3.1__react@18.3.1/node_modules/next/dist/compiled/react-dom/cjs/react-dom.development.js:25419:7)
    at recoverFromConcurrentError (webpack-internal:///(app-pages-browser)/./node_modules/.pnpm/next@14.2.21_react-dom@18.3.1_react@18.3.1__react@18.3.1/node_modules/next/dist/compiled/react-dom/cjs/react-dom.development.js:24597:20)
    at performSyncWorkOnRoot (webpack-internal:///(app-pages-browser)/./node_modules/.pnpm/next@14.2.21_react-dom@18.3.1_react@18.3.1__react@18.3.1/node_modules/next/dist/compiled/react-dom/cjs/react-dom.development.js:24899:20)
    at flushSyncWorkAcrossRoots_impl (webpack-internal:///(app-pages-browser)/./node_modules/.pnpm/next@14.2.21_react-dom@18.3.1_react@18.3.1__react@18.3.1/node_modules/next/dist/compiled/react-dom/cjs/react-dom.development.js:7758:13)
    at flushSyncWorkOnAllRoots (webpack-internal:///(app-pages-browser)/./node_modules/.pnpm/next@14.2.21_react-dom@18.3.1_react@18.3.1__react@18.3.1/node_modules/next/dist/compiled/react-dom/cjs/react-dom.development.js:7718:3)
    at flushSync$1 (webpack-internal:///(app-pages-browser)/./node_modules/.pnpm/next@14.2.21_react-dom@18.3.1_react@18.3.1__react@18.3.1/node_modules/next/dist/compiled/react-dom/cjs/react-dom.development.js:24999:7)
    at Object.scheduleRefresh (webpack-internal:///(app-pages-browser)/./node_modules/.pnpm/next@14.2.21_react-dom@18.3.1_react@18.3.1__react@18.3.1/node_modules/next/dist/compiled/react-dom/cjs/react-dom.development.js:27285:5)
    at eval (webpack-internal:///(app-pages-browser)/./node_modules/.pnpm/next@14.2.21_react-dom@18.3.1_react@18.3.1__react@18.3.1/node_modules/next/dist/compiled/react-refresh/cjs/react-refresh-runtime.development.js:265:17)
    at Set.forEach (<anonymous>)
    at Object.performReactRefresh (webpack-internal:///(app-pages-browser)/./node_modules/.pnpm/next@14.2.21_react-dom@18.3.1_react@18.3.1__react@18.3.1/node_modules/next/dist/compiled/react-refresh/cjs/react-refresh-runtime.development.js:254:26)
    at applyUpdate (webpack-internal:///(app-pages-browser)/./node_modules/.pnpm/next@14.2.21_react-dom@18.3.1_react@18.3.1__react@18.3.1/node_modules/next/dist/compiled/@next/react-refresh-utils/dist/internal/helpers.js:139:31)
    at statusHandler (webpack-internal:///(app-pages-browser)/./node_modules/.pnpm/next@14.2.21_react-dom@18.3.1_react@18.3.1__react@18.3.1/node_modules/next/dist/compiled/@next/react-refresh-utils/dist/internal/helpers.js:156:13)
    at setStatus (http://localhost:3000/_next/static/chunks/webpack.js?v=1770615031567:508:55)
    at http://localhost:3000/_next/static/chunks/webpack.js?v=1770615031567:678:21
[ 1105252ms] ReferenceError: useEffect is not defined
    at DroppableColumn (webpack-internal:///(app-pages-browser)/./src/components/inmobiliaria/PipelineBoard.tsx:92:5)
    at renderWithHooks (webpack-internal:///(app-pages-browser)/./node_modules/.pnpm/next@14.2.21_react-dom@18.3.1_react@18.3.1__react@18.3.1/node_modules/next/dist/compiled/react-dom/cjs/react-dom.development.js:11121:18)
    at updateFunctionComponent (webpack-internal:///(app-pages-browser)/./node_modules/.pnpm/next@14.2.21_react-dom@18.3.1_react@18.3.1__react@18.3.1/node_modules/next/dist/compiled/react-dom/cjs/react-dom.development.js:16290:20)
    at beginWork$1 (webpack-internal:///(app-pages-browser)/./node_modules/.pnpm/next@14.2.21_react-dom@18.3.1_react@18.3.1__react@18.3.1/node_modules/next/dist/compiled/react-dom/cjs/react-dom.development.js:18472:16)
    at beginWork (webpack-internal:///(app-pages-browser)/./node_modules/.pnpm/next@14.2.21_react-dom@18.3.1_react@18.3.1__react@18.3.1/node_modules/next/dist/compiled/react-dom/cjs/react-dom.development.js:26927:14)
    at performUnitOfWork (webpack-internal:///(app-pages-browser)/./node_modules/.pnpm/next@14.2.21_react-dom@18.3.1_react@18.3.1__react@18.3.1/node_modules/next/dist/compiled/react-dom/cjs/react-dom.development.js:25748:12)
    at workLoopSync (webpack-internal:///(app-pages-browser)/./node_modules/.pnpm/next@14.2.21_react-dom@18.3.1_react@18.3.1__react@18.3.1/node_modules/next/dist/compiled/react-dom/cjs/react-dom.development.js:25464:5)
    at renderRootSync (webpack-internal:///(app-pages-browser)/./node_modules/.pnpm/next@14.2.21_react-dom@18.3.1_react@18.3.1__react@18.3.1/node_modules/next/dist/compiled/react-dom/cjs/react-dom.development.js:25419:7)
    at recoverFromConcurrentError (webpack-internal:///(app-pages-browser)/./node_modules/.pnpm/next@14.2.21_react-dom@18.3.1_react@18.3.1__react@18.3.1/node_modules/next/dist/compiled/react-dom/cjs/react-dom.development.js:24597:20)
    at performSyncWorkOnRoot (webpack-internal:///(app-pages-browser)/./node_modules/.pnpm/next@14.2.21_react-dom@18.3.1_react@18.3.1__react@18.3.1/node_modules/next/dist/compiled/react-dom/cjs/react-dom.development.js:24899:20)
    at flushSyncWorkAcrossRoots_impl (webpack-internal:///(app-pages-browser)/./node_modules/.pnpm/next@14.2.21_react-dom@18.3.1_react@18.3.1__react@18.3.1/node_modules/next/dist/compiled/react-dom/cjs/react-dom.development.js:7758:13)
    at flushSyncWorkOnAllRoots (webpack-internal:///(app-pages-browser)/./node_modules/.pnpm/next@14.2.21_react-dom@18.3.1_react@18.3.1__react@18.3.1/node_modules/next/dist/compiled/react-dom/cjs/react-dom.development.js:7718:3)
    at flushSync$1 (webpack-internal:///(app-pages-browser)/./node_modules/.pnpm/next@14.2.21_react-dom@18.3.1_react@18.3.1__react@18.3.1/node_modules/next/dist/compiled/react-dom/cjs/react-dom.development.js:24999:7)
    at Object.scheduleRefresh (webpack-internal:///(app-pages-browser)/./node_modules/.pnpm/next@14.2.21_react-dom@18.3.1_react@18.3.1__react@18.3.1/node_modules/next/dist/compiled/react-dom/cjs/react-dom.development.js:27285:5)
    at eval (webpack-internal:///(app-pages-browser)/./node_modules/.pnpm/next@14.2.21_react-dom@18.3.1_react@18.3.1__react@18.3.1/node_modules/next/dist/compiled/react-refresh/cjs/react-refresh-runtime.development.js:265:17)
    at Set.forEach (<anonymous>)
    at Object.performReactRefresh (webpack-internal:///(app-pages-browser)/./node_modules/.pnpm/next@14.2.21_react-dom@18.3.1_react@18.3.1__react@18.3.1/node_modules/next/dist/compiled/react-refresh/cjs/react-refresh-runtime.development.js:254:26)
    at applyUpdate (webpack-internal:///(app-pages-browser)/./node_modules/.pnpm/next@14.2.21_react-dom@18.3.1_react@18.3.1__react@18.3.1/node_modules/next/dist/compiled/@next/react-refresh-utils/dist/internal/helpers.js:139:31)
    at statusHandler (webpack-internal:///(app-pages-browser)/./node_modules/.pnpm/next@14.2.21_react-dom@18.3.1_react@18.3.1__react@18.3.1/node_modules/next/dist/compiled/@next/react-refresh-utils/dist/internal/helpers.js:156:13)
    at setStatus (http://localhost:3000/_next/static/chunks/webpack.js?v=1770615031567:508:55)
    at http://localhost:3000/_next/static/chunks/webpack.js?v=1770615031567:678:21
[ 1105257ms] ReferenceError: useEffect is not defined
    at DroppableColumn (webpack-internal:///(app-pages-browser)/./src/components/inmobiliaria/PipelineBoard.tsx:92:5)
    at renderWithHooks (webpack-internal:///(app-pages-browser)/./node_modules/.pnpm/next@14.2.21_react-dom@18.3.1_react@18.3.1__react@18.3.1/node_modules/next/dist/compiled/react-dom/cjs/react-dom.development.js:11121:18)
    at updateFunctionComponent (webpack-internal:///(app-pages-browser)/./node_modules/.pnpm/next@14.2.21_react-dom@18.3.1_react@18.3.1__react@18.3.1/node_modules/next/dist/compiled/react-dom/cjs/react-dom.development.js:16290:20)
    at beginWork$1 (webpack-internal:///(app-pages-browser)/./node_modules/.pnpm/next@14.2.21_react-dom@18.3.1_react@18.3.1__react@18.3.1/node_modules/next/dist/compiled/react-dom/cjs/react-dom.development.js:18472:16)
    at beginWork (webpack-internal:///(app-pages-browser)/./node_modules/.pnpm/next@14.2.21_react-dom@18.3.1_react@18.3.1__react@18.3.1/node_modules/next/dist/compiled/react-dom/cjs/react-dom.development.js:26927:14)
    at performUnitOfWork (webpack-internal:///(app-pages-browser)/./node_modules/.pnpm/next@14.2.21_react-dom@18.3.1_react@18.3.1__react@18.3.1/node_modules/next/dist/compiled/react-dom/cjs/react-dom.development.js:25748:12)
    at workLoopSync (webpack-internal:///(app-pages-browser)/./node_modules/.pnpm/next@14.2.21_react-dom@18.3.1_react@18.3.1__react@18.3.1/node_modules/next/dist/compiled/react-dom/cjs/react-dom.development.js:25464:5)
    at renderRootSync (webpack-internal:///(app-pages-browser)/./node_modules/.pnpm/next@14.2.21_react-dom@18.3.1_react@18.3.1__react@18.3.1/node_modules/next/dist/compiled/react-dom/cjs/react-dom.development.js:25419:7)
    at recoverFromConcurrentError (webpack-internal:///(app-pages-browser)/./node_modules/.pnpm/next@14.2.21_react-dom@18.3.1_react@18.3.1__react@18.3.1/node_modules/next/dist/compiled/react-dom/cjs/react-dom.development.js:24597:20)
    at performSyncWorkOnRoot (webpack-internal:///(app-pages-browser)/./node_modules/.pnpm/next@14.2.21_react-dom@18.3.1_react@18.3.1__react@18.3.1/node_modules/next/dist/compiled/react-dom/cjs/react-dom.development.js:24899:20)
    at flushSyncWorkAcrossRoots_impl (webpack-internal:///(app-pages-browser)/./node_modules/.pnpm/next@14.2.21_react-dom@18.3.1_react@18.3.1__react@18.3.1/node_modules/next/dist/compiled/react-dom/cjs/react-dom.development.js:7758:13)
    at flushSyncWorkOnAllRoots (webpack-internal:///(app-pages-browser)/./node_modules/.pnpm/next@14.2.21_react-dom@18.3.1_react@18.3.1__react@18.3.1/node_modules/next/dist/compiled/react-dom/cjs/react-dom.development.js:7718:3)
    at flushSync$1 (webpack-internal:///(app-pages-browser)/./node_modules/.pnpm/next@14.2.21_react-dom@18.3.1_react@18.3.1__react@18.3.1/node_modules/next/dist/compiled/react-dom/cjs/react-dom.development.js:24999:7)
    at Object.scheduleRefresh (webpack-internal:///(app-pages-browser)/./node_modules/.pnpm/next@14.2.21_react-dom@18.3.1_react@18.3.1__react@18.3.1/node_modules/next/dist/compiled/react-dom/cjs/react-dom.development.js:27285:5)
    at eval (webpack-internal:///(app-pages-browser)/./node_modules/.pnpm/next@14.2.21_react-dom@18.3.1_react@18.3.1__react@18.3.1/node_modules/next/dist/compiled/react-refresh/cjs/react-refresh-runtime.development.js:265:17)
    at Set.forEach (<anonymous>)
    at Object.performReactRefresh (webpack-internal:///(app-pages-browser)/./node_modules/.pnpm/next@14.2.21_react-dom@18.3.1_react@18.3.1__react@18.3.1/node_modules/next/dist/compiled/react-refresh/cjs/react-refresh-runtime.development.js:254:26)
    at applyUpdate (webpack-internal:///(app-pages-browser)/./node_modules/.pnpm/next@14.2.21_react-dom@18.3.1_react@18.3.1__react@18.3.1/node_modules/next/dist/compiled/@next/react-refresh-utils/dist/internal/helpers.js:139:31)
    at statusHandler (webpack-internal:///(app-pages-browser)/./node_modules/.pnpm/next@14.2.21_react-dom@18.3.1_react@18.3.1__react@18.3.1/node_modules/next/dist/compiled/@next/react-refresh-utils/dist/internal/helpers.js:156:13)
    at setStatus (http://localhost:3000/_next/static/chunks/webpack.js?v=1770615031567:508:55)
    at http://localhost:3000/_next/static/chunks/webpack.js?v=1770615031567:678:21
[ 1105259ms] ReferenceError: useEffect is not defined
    at DroppableColumn (webpack-internal:///(app-pages-browser)/./src/components/inmobiliaria/PipelineBoard.tsx:92:5)
    at renderWithHooks (webpack-internal:///(app-pages-browser)/./node_modules/.pnpm/next@14.2.21_react-dom@18.3.1_react@18.3.1__react@18.3.1/node_modules/next/dist/compiled/react-dom/cjs/react-dom.development.js:11121:18)
    at updateFunctionComponent (webpack-internal:///(app-pages-browser)/./node_modules/.pnpm/next@14.2.21_react-dom@18.3.1_react@18.3.1__react@18.3.1/node_modules/next/dist/compiled/react-dom/cjs/react-dom.development.js:16290:20)
    at beginWork$1 (webpack-internal:///(app-pages-browser)/./node_modules/.pnpm/next@14.2.21_react-dom@18.3.1_react@18.3.1__react@18.3.1/node_modules/next/dist/compiled/react-dom/cjs/react-dom.development.js:18472:16)
    at beginWork (webpack-internal:///(app-pages-browser)/./node_modules/.pnpm/next@14.2.21_react-dom@18.3.1_react@18.3.1__react@18.3.1/node_modules/next/dist/compiled/react-dom/cjs/react-dom.development.js:26927:14)
    at performUnitOfWork (webpack-internal:///(app-pages-browser)/./node_modules/.pnpm/next@14.2.21_react-dom@18.3.1_react@18.3.1__react@18.3.1/node_modules/next/dist/compiled/react-dom/cjs/react-dom.development.js:25748:12)
    at workLoopSync (webpack-internal:///(app-pages-browser)/./node_modules/.pnpm/next@14.2.21_react-dom@18.3.1_react@18.3.1__react@18.3.1/node_modules/next/dist/compiled/react-dom/cjs/react-dom.development.js:25464:5)
    at renderRootSync (webpack-internal:///(app-pages-browser)/./node_modules/.pnpm/next@14.2.21_react-dom@18.3.1_react@18.3.1__react@18.3.1/node_modules/next/dist/compiled/react-dom/cjs/react-dom.development.js:25419:7)
    at recoverFromConcurrentError (webpack-internal:///(app-pages-browser)/./node_modules/.pnpm/next@14.2.21_react-dom@18.3.1_react@18.3.1__react@18.3.1/node_modules/next/dist/compiled/react-dom/cjs/react-dom.development.js:24597:20)
    at performSyncWorkOnRoot (webpack-internal:///(app-pages-browser)/./node_modules/.pnpm/next@14.2.21_react-dom@18.3.1_react@18.3.1__react@18.3.1/node_modules/next/dist/compiled/react-dom/cjs/react-dom.development.js:24899:20)
    at flushSyncWorkAcrossRoots_impl (webpack-internal:///(app-pages-browser)/./node_modules/.pnpm/next@14.2.21_react-dom@18.3.1_react@18.3.1__react@18.3.1/node_modules/next/dist/compiled/react-dom/cjs/react-dom.development.js:7758:13)
    at flushSyncWorkOnAllRoots (webpack-internal:///(app-pages-browser)/./node_modules/.pnpm/next@14.2.21_react-dom@18.3.1_react@18.3.1__react@18.3.1/node_modules/next/dist/compiled/react-dom/cjs/react-dom.development.js:7718:3)
    at flushSync$1 (webpack-internal:///(app-pages-browser)/./node_modules/.pnpm/next@14.2.21_react-dom@18.3.1_react@18.3.1__react@18.3.1/node_modules/next/dist/compiled/react-dom/cjs/react-dom.development.js:24999:7)
    at Object.scheduleRefresh (webpack-internal:///(app-pages-browser)/./node_modules/.pnpm/next@14.2.21_react-dom@18.3.1_react@18.3.1__react@18.3.1/node_modules/next/dist/compiled/react-dom/cjs/react-dom.development.js:27285:5)
    at eval (webpack-internal:///(app-pages-browser)/./node_modules/.pnpm/next@14.2.21_react-dom@18.3.1_react@18.3.1__react@18.3.1/node_modules/next/dist/compiled/react-refresh/cjs/react-refresh-runtime.development.js:265:17)
    at Set.forEach (<anonymous>)
    at Object.performReactRefresh (webpack-internal:///(app-pages-browser)/./node_modules/.pnpm/next@14.2.21_react-dom@18.3.1_react@18.3.1__react@18.3.1/node_modules/next/dist/compiled/react-refresh/cjs/react-refresh-runtime.development.js:254:26)
    at applyUpdate (webpack-internal:///(app-pages-browser)/./node_modules/.pnpm/next@14.2.21_react-dom@18.3.1_react@18.3.1__react@18.3.1/node_modules/next/dist/compiled/@next/react-refresh-utils/dist/internal/helpers.js:139:31)
    at statusHandler (webpack-internal:///(app-pages-browser)/./node_modules/.pnpm/next@14.2.21_react-dom@18.3.1_react@18.3.1__react@18.3.1/node_modules/next/dist/compiled/@next/react-refresh-utils/dist/internal/helpers.js:156:13)
    at setStatus (http://localhost:3000/_next/static/chunks/webpack.js?v=1770615031567:508:55)
    at http://localhost:3000/_next/static/chunks/webpack.js?v=1770615031567:678:21
[ 1105261ms] ReferenceError: useEffect is not defined
    at DroppableColumn (webpack-internal:///(app-pages-browser)/./src/components/inmobiliaria/PipelineBoard.tsx:92:5)
    at renderWithHooks (webpack-internal:///(app-pages-browser)/./node_modules/.pnpm/next@14.2.21_react-dom@18.3.1_react@18.3.1__react@18.3.1/node_modules/next/dist/compiled/react-dom/cjs/react-dom.development.js:11121:18)
    at updateFunctionComponent (webpack-internal:///(app-pages-browser)/./node_modules/.pnpm/next@14.2.21_react-dom@18.3.1_react@18.3.1__react@18.3.1/node_modules/next/dist/compiled/react-dom/cjs/react-dom.development.js:16290:20)
    at beginWork$1 (webpack-internal:///(app-pages-browser)/./node_modules/.pnpm/next@14.2.21_react-dom@18.3.1_react@18.3.1__react@18.3.1/node_modules/next/dist/compiled/react-dom/cjs/react-dom.development.js:18472:16)
    at beginWork (webpack-internal:///(app-pages-browser)/./node_modules/.pnpm/next@14.2.21_react-dom@18.3.1_react@18.3.1__react@18.3.1/node_modules/next/dist/compiled/react-dom/cjs/react-dom.development.js:26927:14)
    at performUnitOfWork (webpack-internal:///(app-pages-browser)/./node_modules/.pnpm/next@14.2.21_react-dom@18.3.1_react@18.3.1__react@18.3.1/node_modules/next/dist/compiled/react-dom/cjs/react-dom.development.js:25748:12)
    at workLoopSync (webpack-internal:///(app-pages-browser)/./node_modules/.pnpm/next@14.2.21_react-dom@18.3.1_react@18.3.1__react@18.3.1/node_modules/next/dist/compiled/react-dom/cjs/react-dom.development.js:25464:5)
    at renderRootSync (webpack-internal:///(app-pages-browser)/./node_modules/.pnpm/next@14.2.21_react-dom@18.3.1_react@18.3.1__react@18.3.1/node_modules/next/dist/compiled/react-dom/cjs/react-dom.development.js:25419:7)
    at recoverFromConcurrentError (webpack-internal:///(app-pages-browser)/./node_modules/.pnpm/next@14.2.21_react-dom@18.3.1_react@18.3.1__react@18.3.1/node_modules/next/dist/compiled/react-dom/cjs/react-dom.development.js:24597:20)
    at performSyncWorkOnRoot (webpack-internal:///(app-pages-browser)/./node_modules/.pnpm/next@14.2.21_react-dom@18.3.1_react@18.3.1__react@18.3.1/node_modules/next/dist/compiled/react-dom/cjs/react-dom.development.js:24899:20)
    at flushSyncWorkAcrossRoots_impl (webpack-internal:///(app-pages-browser)/./node_modules/.pnpm/next@14.2.21_react-dom@18.3.1_react@18.3.1__react@18.3.1/node_modules/next/dist/compiled/react-dom/cjs/react-dom.development.js:7758:13)
    at flushSyncWorkOnAllRoots (webpack-internal:///(app-pages-browser)/./node_modules/.pnpm/next@14.2.21_react-dom@18.3.1_react@18.3.1__react@18.3.1/node_modules/next/dist/compiled/react-dom/cjs/react-dom.development.js:7718:3)
    at flushSync$1 (webpack-internal:///(app-pages-browser)/./node_modules/.pnpm/next@14.2.21_react-dom@18.3.1_react@18.3.1__react@18.3.1/node_modules/next/dist/compiled/react-dom/cjs/react-dom.development.js:24999:7)
    at Object.scheduleRefresh (webpack-internal:///(app-pages-browser)/./node_modules/.pnpm/next@14.2.21_react-dom@18.3.1_react@18.3.1__react@18.3.1/node_modules/next/dist/compiled/react-dom/cjs/react-dom.development.js:27285:5)
    at eval (webpack-internal:///(app-pages-browser)/./node_modules/.pnpm/next@14.2.21_react-dom@18.3.1_react@18.3.1__react@18.3.1/node_modules/next/dist/compiled/react-refresh/cjs/react-refresh-runtime.development.js:265:17)
    at Set.forEach (<anonymous>)
    at Object.performReactRefresh (webpack-internal:///(app-pages-browser)/./node_modules/.pnpm/next@14.2.21_react-dom@18.3.1_react@18.3.1__react@18.3.1/node_modules/next/dist/compiled/react-refresh/cjs/react-refresh-runtime.development.js:254:26)
    at applyUpdate (webpack-internal:///(app-pages-browser)/./node_modules/.pnpm/next@14.2.21_react-dom@18.3.1_react@18.3.1__react@18.3.1/node_modules/next/dist/compiled/@next/react-refresh-utils/dist/internal/helpers.js:139:31)
    at statusHandler (webpack-internal:///(app-pages-browser)/./node_modules/.pnpm/next@14.2.21_react-dom@18.3.1_react@18.3.1__react@18.3.1/node_modules/next/dist/compiled/@next/react-refresh-utils/dist/internal/helpers.js:156:13)
    at setStatus (http://localhost:3000/_next/static/chunks/webpack.js?v=1770615031567:508:55)
    at http://localhost:3000/_next/static/chunks/webpack.js?v=1770615031567:678:21
[ 1105272ms] ReferenceError: useEffect is not defined
    at DroppableColumn (webpack-internal:///(app-pages-browser)/./src/components/inmobiliaria/PipelineBoard.tsx:92:5)
    at renderWithHooks (webpack-internal:///(app-pages-browser)/./node_modules/.pnpm/next@14.2.21_react-dom@18.3.1_react@18.3.1__react@18.3.1/node_modules/next/dist/compiled/react-dom/cjs/react-dom.development.js:11121:18)
    at updateFunctionComponent (webpack-internal:///(app-pages-browser)/./node_modules/.pnpm/next@14.2.21_react-dom@18.3.1_react@18.3.1__react@18.3.1/node_modules/next/dist/compiled/react-dom/cjs/react-dom.development.js:16290:20)
    at beginWork$1 (webpack-internal:///(app-pages-browser)/./node_modules/.pnpm/next@14.2.21_react-dom@18.3.1_react@18.3.1__react@18.3.1/node_modules/next/dist/compiled/react-dom/cjs/react-dom.development.js:18472:16)
    at beginWork (webpack-internal:///(app-pages-browser)/./node_modules/.pnpm/next@14.2.21_react-dom@18.3.1_react@18.3.1__react@18.3.1/node_modules/next/dist/compiled/react-dom/cjs/react-dom.development.js:26927:14)
    at performUnitOfWork (webpack-internal:///(app-pages-browser)/./node_modules/.pnpm/next@14.2.21_react-dom@18.3.1_react@18.3.1__react@18.3.1/node_modules/next/dist/compiled/react-dom/cjs/react-dom.development.js:25748:12)
    at workLoopSync (webpack-internal:///(app-pages-browser)/./node_modules/.pnpm/next@14.2.21_react-dom@18.3.1_react@18.3.1__react@18.3.1/node_modules/next/dist/compiled/react-dom/cjs/react-dom.development.js:25464:5)
    at renderRootSync (webpack-internal:///(app-pages-browser)/./node_modules/.pnpm/next@14.2.21_react-dom@18.3.1_react@18.3.1__react@18.3.1/node_modules/next/dist/compiled/react-dom/cjs/react-dom.development.js:25419:7)
    at recoverFromConcurrentError (webpack-internal:///(app-pages-browser)/./node_modules/.pnpm/next@14.2.21_react-dom@18.3.1_react@18.3.1__react@18.3.1/node_modules/next/dist/compiled/react-dom/cjs/react-dom.development.js:24597:20)
    at performSyncWorkOnRoot (webpack-internal:///(app-pages-browser)/./node_modules/.pnpm/next@14.2.21_react-dom@18.3.1_react@18.3.1__react@18.3.1/node_modules/next/dist/compiled/react-dom/cjs/react-dom.development.js:24899:20)
    at flushSyncWorkAcrossRoots_impl (webpack-internal:///(app-pages-browser)/./node_modules/.pnpm/next@14.2.21_react-dom@18.3.1_react@18.3.1__react@18.3.1/node_modules/next/dist/compiled/react-dom/cjs/react-dom.development.js:7758:13)
    at flushSyncWorkOnAllRoots (webpack-internal:///(app-pages-browser)/./node_modules/.pnpm/next@14.2.21_react-dom@18.3.1_react@18.3.1__react@18.3.1/node_modules/next/dist/compiled/react-dom/cjs/react-dom.development.js:7718:3)
    at flushSync$1 (webpack-internal:///(app-pages-browser)/./node_modules/.pnpm/next@14.2.21_react-dom@18.3.1_react@18.3.1__react@18.3.1/node_modules/next/dist/compiled/react-dom/cjs/react-dom.development.js:24999:7)
    at Object.scheduleRefresh (webpack-internal:///(app-pages-browser)/./node_modules/.pnpm/next@14.2.21_react-dom@18.3.1_react@18.3.1__react@18.3.1/node_modules/next/dist/compiled/react-dom/cjs/react-dom.development.js:27285:5)
    at eval (webpack-internal:///(app-pages-browser)/./node_modules/.pnpm/next@14.2.21_react-dom@18.3.1_react@18.3.1__react@18.3.1/node_modules/next/dist/compiled/react-refresh/cjs/react-refresh-runtime.development.js:265:17)
    at Set.forEach (<anonymous>)
    at Object.performReactRefresh (webpack-internal:///(app-pages-browser)/./node_modules/.pnpm/next@14.2.21_react-dom@18.3.1_react@18.3.1__react@18.3.1/node_modules/next/dist/compiled/react-refresh/cjs/react-refresh-runtime.development.js:254:26)
    at applyUpdate (webpack-internal:///(app-pages-browser)/./node_modules/.pnpm/next@14.2.21_react-dom@18.3.1_react@18.3.1__react@18.3.1/node_modules/next/dist/compiled/@next/react-refresh-utils/dist/internal/helpers.js:139:31)
    at statusHandler (webpack-internal:///(app-pages-browser)/./node_modules/.pnpm/next@14.2.21_react-dom@18.3.1_react@18.3.1__react@18.3.1/node_modules/next/dist/compiled/@next/react-refresh-utils/dist/internal/helpers.js:156:13)
    at setStatus (http://localhost:3000/_next/static/chunks/webpack.js?v=1770615031567:508:55)
    at http://localhost:3000/_next/static/chunks/webpack.js?v=1770615031567:678:21
[ 1105274ms] ReferenceError: useEffect is not defined
    at DroppableColumn (webpack-internal:///(app-pages-browser)/./src/components/inmobiliaria/PipelineBoard.tsx:92:5)
    at renderWithHooks (webpack-internal:///(app-pages-browser)/./node_modules/.pnpm/next@14.2.21_react-dom@18.3.1_react@18.3.1__react@18.3.1/node_modules/next/dist/compiled/react-dom/cjs/react-dom.development.js:11121:18)
    at updateFunctionComponent (webpack-internal:///(app-pages-browser)/./node_modules/.pnpm/next@14.2.21_react-dom@18.3.1_react@18.3.1__react@18.3.1/node_modules/next/dist/compiled/react-dom/cjs/react-dom.development.js:16290:20)
    at beginWork$1 (webpack-internal:///(app-pages-browser)/./node_modules/.pnpm/next@14.2.21_react-dom@18.3.1_react@18.3.1__react@18.3.1/node_modules/next/dist/compiled/react-dom/cjs/react-dom.development.js:18472:16)
    at beginWork (webpack-internal:///(app-pages-browser)/./node_modules/.pnpm/next@14.2.21_react-dom@18.3.1_react@18.3.1__react@18.3.1/node_modules/next/dist/compiled/react-dom/cjs/react-dom.development.js:26927:14)
    at performUnitOfWork (webpack-internal:///(app-pages-browser)/./node_modules/.pnpm/next@14.2.21_react-dom@18.3.1_react@18.3.1__react@18.3.1/node_modules/next/dist/compiled/react-dom/cjs/react-dom.development.js:25748:12)
    at workLoopSync (webpack-internal:///(app-pages-browser)/./node_modules/.pnpm/next@14.2.21_react-dom@18.3.1_react@18.3.1__react@18.3.1/node_modules/next/dist/compiled/react-dom/cjs/react-dom.development.js:25464:5)
    at renderRootSync (webpack-internal:///(app-pages-browser)/./node_modules/.pnpm/next@14.2.21_react-dom@18.3.1_react@18.3.1__react@18.3.1/node_modules/next/dist/compiled/react-dom/cjs/react-dom.development.js:25419:7)
    at recoverFromConcurrentError (webpack-internal:///(app-pages-browser)/./node_modules/.pnpm/next@14.2.21_react-dom@18.3.1_react@18.3.1__react@18.3.1/node_modules/next/dist/compiled/react-dom/cjs/react-dom.development.js:24597:20)
    at performSyncWorkOnRoot (webpack-internal:///(app-pages-browser)/./node_modules/.pnpm/next@14.2.21_react-dom@18.3.1_react@18.3.1__react@18.3.1/node_modules/next/dist/compiled/react-dom/cjs/react-dom.development.js:24899:20)
    at flushSyncWorkAcrossRoots_impl (webpack-internal:///(app-pages-browser)/./node_modules/.pnpm/next@14.2.21_react-dom@18.3.1_react@18.3.1__react@18.3.1/node_modules/next/dist/compiled/react-dom/cjs/react-dom.development.js:7758:13)
    at flushSyncWorkOnAllRoots (webpack-internal:///(app-pages-browser)/./node_modules/.pnpm/next@14.2.21_react-dom@18.3.1_react@18.3.1__react@18.3.1/node_modules/next/dist/compiled/react-dom/cjs/react-dom.development.js:7718:3)
    at flushSync$1 (webpack-internal:///(app-pages-browser)/./node_modules/.pnpm/next@14.2.21_react-dom@18.3.1_react@18.3.1__react@18.3.1/node_modules/next/dist/compiled/react-dom/cjs/react-dom.development.js:24999:7)
    at Object.scheduleRefresh (webpack-internal:///(app-pages-browser)/./node_modules/.pnpm/next@14.2.21_react-dom@18.3.1_react@18.3.1__react@18.3.1/node_modules/next/dist/compiled/react-dom/cjs/react-dom.development.js:27285:5)
    at eval (webpack-internal:///(app-pages-browser)/./node_modules/.pnpm/next@14.2.21_react-dom@18.3.1_react@18.3.1__react@18.3.1/node_modules/next/dist/compiled/react-refresh/cjs/react-refresh-runtime.development.js:265:17)
    at Set.forEach (<anonymous>)
    at Object.performReactRefresh (webpack-internal:///(app-pages-browser)/./node_modules/.pnpm/next@14.2.21_react-dom@18.3.1_react@18.3.1__react@18.3.1/node_modules/next/dist/compiled/react-refresh/cjs/react-refresh-runtime.development.js:254:26)
    at applyUpdate (webpack-internal:///(app-pages-browser)/./node_modules/.pnpm/next@14.2.21_react-dom@18.3.1_react@18.3.1__react@18.3.1/node_modules/next/dist/compiled/@next/react-refresh-utils/dist/internal/helpers.js:139:31)
    at statusHandler (webpack-internal:///(app-pages-browser)/./node_modules/.pnpm/next@14.2.21_react-dom@18.3.1_react@18.3.1__react@18.3.1/node_modules/next/dist/compiled/@next/react-refresh-utils/dist/internal/helpers.js:156:13)
    at setStatus (http://localhost:3000/_next/static/chunks/webpack.js?v=1770615031567:508:55)
    at http://localhost:3000/_next/static/chunks/webpack.js?v=1770615031567:678:21
[ 1105282ms] [ERROR] The above error occurred in the <NotFoundErrorBoundary> component:

    at DroppableColumn (webpack-internal:///(app-pages-browser)/./src/components/inmobiliaria/PipelineBoard.tsx:74:11)
    at div
    at div
    at DndContext (webpack-internal:///(app-pages-browser)/./node_modules/.pnpm/@dnd-kit+core@6.3.1_react-dom@18.3.1_react@18.3.1__react@18.3.1/node_modules/@dnd-kit/core/dist/core.esm.js:2898:5)
    at PipelineBoard (webpack-internal:///(app-pages-browser)/./src/components/inmobiliaria/PipelineBoard.tsx:551:11)
    at div
    at MotionDOMComponent (webpack-internal:///(app-pages-browser)/./node_modules/.pnpm/framer-motion@12.27.1_react-dom@18.3.1_react@18.3.1__react@18.3.1/node_modules/framer-motion/dist/es/motion/index.mjs:67:65)
    at div
    at PipelinePage (webpack-internal:///(app-pages-browser)/./src/app/panel/inmobiliaria/pipeline/page.tsx:28:78)
    at ClientPageRoot (webpack-internal:///(app-pages-browser)/./node_modules/.pnpm/next@14.2.21_react-dom@18.3.1_react@18.3.1__react@18.3.1/node_modules/next/dist/client/components/client-page.js:14:11)
    at InnerLayoutRouter (webpack-internal:///(app-pages-browser)/./node_modules/.pnpm/next@14.2.21_react-dom@18.3.1_react@18.3.1__react@18.3.1/node_modules/next/dist/client/components/layout-router.js:243:11)
    at RedirectErrorBoundary (webpack-internal:///(app-pages-browser)/./node_modules/.pnpm/next@14.2.21_react-dom@18.3.1_react@18.3.1__react@18.3.1/node_modules/next/dist/client/components/redirect-boundary.js:74:9)
    at RedirectBoundary (webpack-internal:///(app-pages-browser)/./node_modules/.pnpm/next@14.2.21_react-dom@18.3.1_react@18.3.1__react@18.3.1/node_modules/next/dist/client/components/redirect-boundary.js:82:11)
    at NotFoundBoundary (webpack-internal:///(app-pages-browser)/./node_modules/.pnpm/next@14.2.21_react-dom@18.3.1_react@18.3.1__react@18.3.1/node_modules/next/dist/client/components/not-found-boundary.js:84:11)
    at LoadingBoundary (webpack-internal:///(app-pages-browser)/./node_modules/.pnpm/next@14.2.21_react-dom@18.3.1_react@18.3.1__react@18.3.1/node_modules/next/dist/client/components/layout-router.js:349:11)
    at ErrorBoundary (webpack-internal:///(app-pages-browser)/./node_modules/.pnpm/next@14.2.21_react-dom@18.3.1_react@18.3.1__react@18.3.1/node_modules/next/dist/client/components/error-boundary.js:160:11)
    at InnerScrollAndFocusHandler (webpack-internal:///(app-pages-browser)/./node_modules/.pnpm/next@14.2.21_react-dom@18.3.1_react@18.3.1__react@18.3.1/node_modules/next/dist/client/components/layout-router.js:153:9)
    at ScrollAndFocusHandler (webpack-internal:///(app-pages-browser)/./node_modules/.pnpm/next@14.2.21_react-dom@18.3.1_react@18.3.1__react@18.3.1/node_modules/next/dist/client/components/layout-router.js:228:11)
    at RenderFromTemplateContext (webpack-internal:///(app-pages-browser)/./node_modules/.pnpm/next@14.2.21_react-dom@18.3.1_react@18.3.1__react@18.3.1/node_modules/next/dist/client/components/render-from-template-context.js:16:44)
    at OuterLayoutRouter (webpack-internal:///(app-pages-browser)/./node_modules/.pnpm/next@14.2.21_react-dom@18.3.1_react@18.3.1__react@18.3.1/node_modules/next/dist/client/components/layout-router.js:370:11)
    at InnerLayoutRouter (webpack-internal:///(app-pages-browser)/./node_modules/.pnpm/next@14.2.21_react-dom@18.3.1_react@18.3.1__react@18.3.1/node_modules/next/dist/client/components/layout-router.js:243:11)
    at RedirectErrorBoundary (webpack-internal:///(app-pages-browser)/./node_modules/.pnpm/next@14.2.21_react-dom@18.3.1_react@18.3.1__react@18.3.1/node_modules/next/dist/client/components/redirect-boundary.js:74:9)
    at RedirectBoundary (webpack-internal:///(app-pages-browser)/./node_modules/.pnpm/next@14.2.21_react-dom@18.3.1_react@18.3.1__react@18.3.1/node_modules/next/dist/client/components/redirect-boundary.js:82:11)
    at NotFoundBoundary (webpack-internal:///(app-pages-browser)/./node_modules/.pnpm/next@14.2.21_react-dom@18.3.1_react@18.3.1__react@18.3.1/node_modules/next/dist/client/components/not-found-boundary.js:84:11)
    at LoadingBoundary (webpack-internal:///(app-pages-browser)/./node_modules/.pnpm/next@14.2.21_react-dom@18.3.1_react@18.3.1__react@18.3.1/node_modules/next/dist/client/components/layout-router.js:349:11)
    at ErrorBoundary (webpack-internal:///(app-pages-browser)/./node_modules/.pnpm/next@14.2.21_react-dom@18.3.1_react@18.3.1__react@18.3.1/node_modules/next/dist/client/components/error-boundary.js:160:11)
    at InnerScrollAndFocusHandler (webpack-internal:///(app-pages-browser)/./node_modules/.pnpm/next@14.2.21_react-dom@18.3.1_react@18.3.1__react@18.3.1/node_modules/next/dist/client/components/layout-router.js:153:9)
    at ScrollAndFocusHandler (webpack-internal:///(app-pages-browser)/./node_modules/.pnpm/next@14.2.21_react-dom@18.3.1_react@18.3.1__react@18.3.1/node_modules/next/dist/client/components/layout-router.js:228:11)
    at RenderFromTemplateContext (webpack-internal:///(app-pages-browser)/./node_modules/.pnpm/next@14.2.21_react-dom@18.3.1_react@18.3.1__react@18.3.1/node_modules/next/dist/client/components/render-from-template-context.js:16:44)
    at OuterLayoutRouter (webpack-internal:///(app-pages-browser)/./node_modules/.pnpm/next@14.2.21_react-dom@18.3.1_react@18.3.1__react@18.3.1/node_modules/next/dist/client/components/layout-router.js:370:11)
    at main
    at div
    at div
    at InmobiliariaLayoutInner (webpack-internal:///(app-pages-browser)/./src/app/panel/inmobiliaria/layout.tsx:111:11)
    at SidebarProvider (webpack-internal:///(app-pages-browser)/./src/lib/context/SidebarContext.tsx:14:11)
    at I18nProvider (webpack-internal:///(app-pages-browser)/./src/lib/i18n/i18n-context.tsx:48:11)
    at ProtectedRoute (webpack-internal:///(app-pages-browser)/./src/components/auth/ProtectedRoute.tsx:29:11)
    at InmobiliariaLayout (webpack-internal:///(app-pages-browser)/./src/app/panel/inmobiliaria/layout.tsx:184:11)
    at InnerLayoutRouter (webpack-internal:///(app-pages-browser)/./node_modules/.pnpm/next@14.2.21_react-dom@18.3.1_react@18.3.1__react@18.3.1/node_modules/next/dist/client/components/layout-router.js:243:11)
    at RedirectErrorBoundary (webpack-internal:///(app-pages-browser)/./node_modules/.pnpm/next@14.2.21_react-dom@18.3.1_react@18.3.1__react@18.3.1/node_modules/next/dist/client/components/redirect-boundary.js:74:9)
    at RedirectBoundary (webpack-internal:///(app-pages-browser)/./node_modules/.pnpm/next@14.2.21_react-dom@18.3.1_react@18.3.1__react@18.3.1/node_modules/next/dist/client/components/redirect-boundary.js:82:11)
    at NotFoundBoundary (webpack-internal:///(app-pages-browser)/./node_modules/.pnpm/next@14.2.21_react-dom@18.3.1_react@18.3.1__react@18.3.1/node_modules/next/dist/client/components/not-found-boundary.js:84:11)
    at LoadingBoundary (webpack-internal:///(app-pages-browser)/./node_modules/.pnpm/next@14.2.21_react-dom@18.3.1_react@18.3.1__react@18.3.1/node_modules/next/dist/client/components/layout-router.js:349:11)
    at ErrorBoundary (webpack-internal:///(app-pages-browser)/./node_modules/.pnpm/next@14.2.21_react-dom@18.3.1_react@18.3.1__react@18.3.1/node_modules/next/dist/client/components/error-boundary.js:160:11)
    at InnerScrollAndFocusHandler (webpack-internal:///(app-pages-browser)/./node_modules/.pnpm/next@14.2.21_react-dom@18.3.1_react@18.3.1__react@18.3.1/node_modules/next/dist/client/components/layout-router.js:153:9)
    at ScrollAndFocusHandler (webpack-internal:///(app-pages-browser)/./node_modules/.pnpm/next@14.2.21_react-dom@18.3.1_react@18.3.1__react@18.3.1/node_modules/next/dist/client/components/layout-router.js:228:11)
    at RenderFromTemplateContext (webpack-internal:///(app-pages-browser)/./node_modules/.pnpm/next@14.2.21_react-dom@18.3.1_react@18.3.1__react@18.3.1/node_modules/next/dist/client/components/render-from-template-context.js:16:44)
    at OuterLayoutRouter (webpack-internal:///(app-pages-browser)/./node_modules/.pnpm/next@14.2.21_react-dom@18.3.1_react@18.3.1__react@18.3.1/node_modules/next/dist/client/components/layout-router.js:370:11)
    at InnerLayoutRouter (webpack-internal:///(app-pages-browser)/./node_modules/.pnpm/next@14.2.21_react-dom@18.3.1_react@18.3.1__react@18.3.1/node_modules/next/dist/client/components/layout-router.js:243:11)
    at RedirectErrorBoundary (webpack-internal:///(app-pages-browser)/./node_modules/.pnpm/next@14.2.21_react-dom@18.3.1_react@18.3.1__react@18.3.1/node_modules/next/dist/client/components/redirect-boundary.js:74:9)
    at RedirectBoundary (webpack-internal:///(app-pages-browser)/./node_modules/.pnpm/next@14.2.21_react-dom@18.3.1_react@18.3.1__react@18.3.1/node_modules/next/dist/client/components/redirect-boundary.js:82:11)
    at NotFoundErrorBoundary (webpack-internal:///(app-pages-browser)/./node_modules/.pnpm/next@14.2.21_react-dom@18.3.1_react@18.3.1__react@18.3.1/node_modules/next/dist/client/components/not-found-boundary.js:76:9)
    at NotFoundBoundary (webpack-internal:///(app-pages-browser)/./node_modules/.pnpm/next@14.2.21_react-dom@18.3.1_react@18.3.1__react@18.3.1/node_modules/next/dist/client/components/not-found-boundary.js:84:11)
    at LoadingBoundary (webpack-internal:///(app-pages-browser)/./node_modules/.pnpm/next@14.2.21_react-dom@18.3.1_react@18.3.1__react@18.3.1/node_modules/next/dist/client/components/layout-router.js:349:11)
    at ErrorBoundary (webpack-internal:///(app-pages-browser)/./node_modules/.pnpm/next@14.2.21_react-dom@18.3.1_react@18.3.1__react@18.3.1/node_modules/next/dist/client/components/error-boundary.js:160:11)
    at InnerScrollAndFocusHandler (webpack-internal:///(app-pages-browser)/./node_modules/.pnpm/next@14.2.21_react-dom@18.3.1_react@18.3.1__react@18.3.1/node_modules/next/dist/client/components/layout-router.js:153:9)
    at ScrollAndFocusHandler (webpack-internal:///(app-pages-browser)/./node_modules/.pnpm/next@14.2.21_react-dom@18.3.1_react@18.3.1__react@18.3.1/node_modules/next/dist/client/components/layout-router.js:228:11)
    at RenderFromTemplateContext (webpack-internal:///(app-pages-browser)/./node_modules/.pnpm/next@14.2.21_react-dom@18.3.1_react@18.3.1__react@18.3.1/node_modules/next/dist/client/components/render-from-template-context.js:16:44)
    at div
    at MotionDOMComponent (webpack-internal:///(app-pages-browser)/./node_modules/.pnpm/framer-motion@12.27.1_react-dom@18.3.1_react@18.3.1__react@18.3.1/node_modules/framer-motion/dist/es/motion/index.mjs:67:65)
    at PageTransition (webpack-internal:///(app-pages-browser)/./src/components/providers/PageTransition.tsx:13:11)
    at Template (webpack-internal:///(app-pages-browser)/./src/app/template.tsx:13:11)
    at OuterLayoutRouter (webpack-internal:///(app-pages-browser)/./node_modules/.pnpm/next@14.2.21_react-dom@18.3.1_react@18.3.1__react@18.3.1/node_modules/next/dist/client/components/layout-router.js:370:11)
    at SmoothScroll (webpack-internal:///(app-pages-browser)/./src/components/providers/SmoothScroll.tsx:36:11)
    at WishlistProvider (webpack-internal:///(app-pages-browser)/./src/lib/stores/wishlist.tsx:17:11)
    at AuthProvider (webpack-internal:///(app-pages-browser)/./src/lib/auth/auth-context.tsx:28:11)
    at V (webpack-internal:///(app-pages-browser)/./node_modules/.pnpm/next-themes@0.4.6_react-dom@18.3.1_react@18.3.1__react@18.3.1/node_modules/next-themes/dist/index.mjs:54:24)
    at J (webpack-internal:///(app-pages-browser)/./node_modules/.pnpm/next-themes@0.4.6_react-dom@18.3.1_react@18.3.1__react@18.3.1/node_modules/next-themes/dist/index.mjs:47:47)
    at ThemeProvider (webpack-internal:///(app-pages-browser)/./src/components/providers/ThemeProvider.tsx:10:11)
    at body
    at html
    at RootLayout (Server)
    at RedirectErrorBoundary (webpack-internal:///(app-pages-browser)/./node_modules/.pnpm/next@14.2.21_react-dom@18.3.1_react@18.3.1__react@18.3.1/node_modules/next/dist/client/components/redirect-boundary.js:74:9)
    at RedirectBoundary (webpack-internal:///(app-pages-browser)/./node_modules/.pnpm/next@14.2.21_react-dom@18.3.1_react@18.3.1__react@18.3.1/node_modules/next/dist/client/components/redirect-boundary.js:82:11)
    at NotFoundErrorBoundary (webpack-internal:///(app-pages-browser)/./node_modules/.pnpm/next@14.2.21_react-dom@18.3.1_react@18.3.1__react@18.3.1/node_modules/next/dist/client/components/not-found-boundary.js:76:9)
    at NotFoundBoundary (webpack-internal:///(app-pages-browser)/./node_modules/.pnpm/next@14.2.21_react-dom@18.3.1_react@18.3.1__react@18.3.1/node_modules/next/dist/client/components/not-found-boundary.js:84:11)
    at DevRootNotFoundBoundary (webpack-internal:///(app-pages-browser)/./node_modules/.pnpm/next@14.2.21_react-dom@18.3.1_react@18.3.1__react@18.3.1/node_modules/next/dist/client/components/dev-root-not-found-boundary.js:33:11)
    at ReactDevOverlay (webpack-internal:///(app-pages-browser)/./node_modules/.pnpm/next@14.2.21_react-dom@18.3.1_react@18.3.1__react@18.3.1/node_modules/next/dist/client/components/react-dev-overlay/app/ReactDevOverlay.js:87:9)
    at HotReload (webpack-internal:///(app-pages-browser)/./node_modules/.pnpm/next@14.2.21_react-dom@18.3.1_react@18.3.1__react@18.3.1/node_modules/next/dist/client/components/react-dev-overlay/app/hot-reloader-client.js:321:11)
    at Router (webpack-internal:///(app-pages-browser)/./node_modules/.pnpm/next@14.2.21_react-dom@18.3.1_react@18.3.1__react@18.3.1/node_modules/next/dist/client/components/app-router.js:207:11)
    at ErrorBoundaryHandler (webpack-internal:///(app-pages-browser)/./node_modules/.pnpm/next@14.2.21_react-dom@18.3.1_react@18.3.1__react@18.3.1/node_modules/next/dist/client/components/error-boundary.js:113:9)
    at ErrorBoundary (webpack-internal:///(app-pages-browser)/./node_modules/.pnpm/next@14.2.21_react-dom@18.3.1_react@18.3.1__react@18.3.1/node_modules/next/dist/client/components/error-boundary.js:160:11)
    at AppRouter (webpack-internal:///(app-pages-browser)/./node_modules/.pnpm/next@14.2.21_react-dom@18.3.1_react@18.3.1__react@18.3.1/node_modules/next/dist/client/components/app-router.js:585:13)
    at ServerRoot (webpack-internal:///(app-pages-browser)/./node_modules/.pnpm/next@14.2.21_react-dom@18.3.1_react@18.3.1__react@18.3.1/node_modules/next/dist/client/app-index.js:112:27)
    at Root (webpack-internal:///(app-pages-browser)/./node_modules/.pnpm/next@14.2.21_react-dom@18.3.1_react@18.3.1__react@18.3.1/node_modules/next/dist/client/app-index.js:117:11)

React will try to recreate this component tree from scratch using the error boundary you provided, ReactDevOverlay. @ webpack-internal:///(app-pages-browser)/./node_modules/.pnpm/next@14.2.21_react-dom@18.3.1_react@18.3.1__react@18.3.1/node_modules/next/dist/client/app-index.js:32
[ 1105321ms] [WARNING] [Fast Refresh] performing full reload because your application had an unrecoverable error @ webpack-internal:///(app-pages-browser)/./node_modules/.pnpm/next@14.2.21_react-dom@18.3.1_react@18.3.1__react@18.3.1/node_modules/next/dist/client/components/react-dev-overlay/app/hot-reloader-client.js:114
[ 1109817ms] ReferenceError: useEffect is not defined
    at DroppableColumn (webpack-internal:///(app-pages-browser)/./src/components/inmobiliaria/PipelineBoard.tsx:92:5)
    at renderWithHooks (webpack-internal:///(app-pages-browser)/./node_modules/.pnpm/next@14.2.21_react-dom@18.3.1_react@18.3.1__react@18.3.1/node_modules/next/dist/compiled/react-dom/cjs/react-dom.development.js:11121:18)
    at mountIndeterminateComponent (webpack-internal:///(app-pages-browser)/./node_modules/.pnpm/next@14.2.21_react-dom@18.3.1_react@18.3.1__react@18.3.1/node_modules/next/dist/compiled/react-dom/cjs/react-dom.development.js:16869:13)
    at beginWork$1 (webpack-internal:///(app-pages-browser)/./node_modules/.pnpm/next@14.2.21_react-dom@18.3.1_react@18.3.1__react@18.3.1/node_modules/next/dist/compiled/react-dom/cjs/react-dom.development.js:18458:16)
    at HTMLUnknownElement.callCallback (webpack-internal:///(app-pages-browser)/./node_modules/.pnpm/next@14.2.21_react-dom@18.3.1_react@18.3.1__react@18.3.1/node_modules/next/dist/compiled/react-dom/cjs/react-dom.development.js:20565:14)
    at Object.invokeGuardedCallbackImpl (webpack-internal:///(app-pages-browser)/./node_modules/.pnpm/next@14.2.21_react-dom@18.3.1_react@18.3.1__react@18.3.1/node_modules/next/dist/compiled/react-dom/cjs/react-dom.development.js:20614:16)
    at invokeGuardedCallback (webpack-internal:///(app-pages-browser)/./node_modules/.pnpm/next@14.2.21_react-dom@18.3.1_react@18.3.1__react@18.3.1/node_modules/next/dist/compiled/react-dom/cjs/react-dom.development.js:20689:29)
    at beginWork (webpack-internal:///(app-pages-browser)/./node_modules/.pnpm/next@14.2.21_react-dom@18.3.1_react@18.3.1__react@18.3.1/node_modules/next/dist/compiled/react-dom/cjs/react-dom.development.js:26949:7)
    at performUnitOfWork (webpack-internal:///(app-pages-browser)/./node_modules/.pnpm/next@14.2.21_react-dom@18.3.1_react@18.3.1__react@18.3.1/node_modules/next/dist/compiled/react-dom/cjs/react-dom.development.js:25748:12)
    at workLoopSync (webpack-internal:///(app-pages-browser)/./node_modules/.pnpm/next@14.2.21_react-dom@18.3.1_react@18.3.1__react@18.3.1/node_modules/next/dist/compiled/react-dom/cjs/react-dom.development.js:25464:5)
    at renderRootSync (webpack-internal:///(app-pages-browser)/./node_modules/.pnpm/next@14.2.21_react-dom@18.3.1_react@18.3.1__react@18.3.1/node_modules/next/dist/compiled/react-dom/cjs/react-dom.development.js:25419:7)
    at performSyncWorkOnRoot (webpack-internal:///(app-pages-browser)/./node_modules/.pnpm/next@14.2.21_react-dom@18.3.1_react@18.3.1__react@18.3.1/node_modules/next/dist/compiled/react-dom/cjs/react-dom.development.js:24887:20)
    at flushSyncWorkAcrossRoots_impl (webpack-internal:///(app-pages-browser)/./node_modules/.pnpm/next@14.2.21_react-dom@18.3.1_react@18.3.1__react@18.3.1/node_modules/next/dist/compiled/react-dom/cjs/react-dom.development.js:7758:13)
    at flushSyncWorkOnAllRoots (webpack-internal:///(app-pages-browser)/./node_modules/.pnpm/next@14.2.21_react-dom@18.3.1_react@18.3.1__react@18.3.1/node_modules/next/dist/compiled/react-dom/cjs/react-dom.development.js:7718:3)
    at flushSync$1 (webpack-internal:///(app-pages-browser)/./node_modules/.pnpm/next@14.2.21_react-dom@18.3.1_react@18.3.1__react@18.3.1/node_modules/next/dist/compiled/react-dom/cjs/react-dom.development.js:24999:7)
    at Object.scheduleRefresh (webpack-internal:///(app-pages-browser)/./node_modules/.pnpm/next@14.2.21_react-dom@18.3.1_react@18.3.1__react@18.3.1/node_modules/next/dist/compiled/react-dom/cjs/react-dom.development.js:27285:5)
    at eval (webpack-internal:///(app-pages-browser)/./node_modules/.pnpm/next@14.2.21_react-dom@18.3.1_react@18.3.1__react@18.3.1/node_modules/next/dist/compiled/react-refresh/cjs/react-refresh-runtime.development.js:265:17)
    at Set.forEach (<anonymous>)
    at Object.performReactRefresh (webpack-internal:///(app-pages-browser)/./node_modules/.pnpm/next@14.2.21_react-dom@18.3.1_react@18.3.1__react@18.3.1/node_modules/next/dist/compiled/react-refresh/cjs/react-refresh-runtime.development.js:254:26)
    at applyUpdate (webpack-internal:///(app-pages-browser)/./node_modules/.pnpm/next@14.2.21_react-dom@18.3.1_react@18.3.1__react@18.3.1/node_modules/next/dist/compiled/@next/react-refresh-utils/dist/internal/helpers.js:139:31)
    at statusHandler (webpack-internal:///(app-pages-browser)/./node_modules/.pnpm/next@14.2.21_react-dom@18.3.1_react@18.3.1__react@18.3.1/node_modules/next/dist/compiled/@next/react-refresh-utils/dist/internal/helpers.js:156:13)
    at setStatus (http://localhost:3000/_next/static/chunks/webpack.js?v=1770615031567:508:55)
    at http://localhost:3000/_next/static/chunks/webpack.js?v=1770615031567:678:21
[ 1109830ms] ReferenceError: useEffect is not defined
    at DroppableColumn (webpack-internal:///(app-pages-browser)/./src/components/inmobiliaria/PipelineBoard.tsx:92:5)
    at renderWithHooks (webpack-internal:///(app-pages-browser)/./node_modules/.pnpm/next@14.2.21_react-dom@18.3.1_react@18.3.1__react@18.3.1/node_modules/next/dist/compiled/react-dom/cjs/react-dom.development.js:11121:18)
    at mountIndeterminateComponent (webpack-internal:///(app-pages-browser)/./node_modules/.pnpm/next@14.2.21_react-dom@18.3.1_react@18.3.1__react@18.3.1/node_modules/next/dist/compiled/react-dom/cjs/react-dom.development.js:16869:13)
    at beginWork$1 (webpack-internal:///(app-pages-browser)/./node_modules/.pnpm/next@14.2.21_react-dom@18.3.1_react@18.3.1__react@18.3.1/node_modules/next/dist/compiled/react-dom/cjs/react-dom.development.js:18458:16)
    at beginWork (webpack-internal:///(app-pages-browser)/./node_modules/.pnpm/next@14.2.21_react-dom@18.3.1_react@18.3.1__react@18.3.1/node_modules/next/dist/compiled/react-dom/cjs/react-dom.development.js:26927:14)
    at performUnitOfWork (webpack-internal:///(app-pages-browser)/./node_modules/.pnpm/next@14.2.21_react-dom@18.3.1_react@18.3.1__react@18.3.1/node_modules/next/dist/compiled/react-dom/cjs/react-dom.development.js:25748:12)
    at workLoopSync (webpack-internal:///(app-pages-browser)/./node_modules/.pnpm/next@14.2.21_react-dom@18.3.1_react@18.3.1__react@18.3.1/node_modules/next/dist/compiled/react-dom/cjs/react-dom.development.js:25464:5)
    at renderRootSync (webpack-internal:///(app-pages-browser)/./node_modules/.pnpm/next@14.2.21_react-dom@18.3.1_react@18.3.1__react@18.3.1/node_modules/next/dist/compiled/react-dom/cjs/react-dom.development.js:25419:7)
    at performSyncWorkOnRoot (webpack-internal:///(app-pages-browser)/./node_modules/.pnpm/next@14.2.21_react-dom@18.3.1_react@18.3.1__react@18.3.1/node_modules/next/dist/compiled/react-dom/cjs/react-dom.development.js:24887:20)
    at flushSyncWorkAcrossRoots_impl (webpack-internal:///(app-pages-browser)/./node_modules/.pnpm/next@14.2.21_react-dom@18.3.1_react@18.3.1__react@18.3.1/node_modules/next/dist/compiled/react-dom/cjs/react-dom.development.js:7758:13)
    at flushSyncWorkOnAllRoots (webpack-internal:///(app-pages-browser)/./node_modules/.pnpm/next@14.2.21_react-dom@18.3.1_react@18.3.1__react@18.3.1/node_modules/next/dist/compiled/react-dom/cjs/react-dom.development.js:7718:3)
    at flushSync$1 (webpack-internal:///(app-pages-browser)/./node_modules/.pnpm/next@14.2.21_react-dom@18.3.1_react@18.3.1__react@18.3.1/node_modules/next/dist/compiled/react-dom/cjs/react-dom.development.js:24999:7)
    at Object.scheduleRefresh (webpack-internal:///(app-pages-browser)/./node_modules/.pnpm/next@14.2.21_react-dom@18.3.1_react@18.3.1__react@18.3.1/node_modules/next/dist/compiled/react-dom/cjs/react-dom.development.js:27285:5)
    at eval (webpack-internal:///(app-pages-browser)/./node_modules/.pnpm/next@14.2.21_react-dom@18.3.1_react@18.3.1__react@18.3.1/node_modules/next/dist/compiled/react-refresh/cjs/react-refresh-runtime.development.js:265:17)
    at Set.forEach (<anonymous>)
    at Object.performReactRefresh (webpack-internal:///(app-pages-browser)/./node_modules/.pnpm/next@14.2.21_react-dom@18.3.1_react@18.3.1__react@18.3.1/node_modules/next/dist/compiled/react-refresh/cjs/react-refresh-runtime.development.js:254:26)
    at applyUpdate (webpack-internal:///(app-pages-browser)/./node_modules/.pnpm/next@14.2.21_react-dom@18.3.1_react@18.3.1__react@18.3.1/node_modules/next/dist/compiled/@next/react-refresh-utils/dist/internal/helpers.js:139:31)
    at statusHandler (webpack-internal:///(app-pages-browser)/./node_modules/.pnpm/next@14.2.21_react-dom@18.3.1_react@18.3.1__react@18.3.1/node_modules/next/dist/compiled/@next/react-refresh-utils/dist/internal/helpers.js:156:13)
    at setStatus (http://localhost:3000/_next/static/chunks/webpack.js?v=1770615031567:508:55)
    at http://localhost:3000/_next/static/chunks/webpack.js?v=1770615031567:678:21
[ 1109831ms] ReferenceError: useEffect is not defined
    at DroppableColumn (webpack-internal:///(app-pages-browser)/./src/components/inmobiliaria/PipelineBoard.tsx:92:5)
    at renderWithHooks (webpack-internal:///(app-pages-browser)/./node_modules/.pnpm/next@14.2.21_react-dom@18.3.1_react@18.3.1__react@18.3.1/node_modules/next/dist/compiled/react-dom/cjs/react-dom.development.js:11121:18)
    at mountIndeterminateComponent (webpack-internal:///(app-pages-browser)/./node_modules/.pnpm/next@14.2.21_react-dom@18.3.1_react@18.3.1__react@18.3.1/node_modules/next/dist/compiled/react-dom/cjs/react-dom.development.js:16869:13)
    at beginWork$1 (webpack-internal:///(app-pages-browser)/./node_modules/.pnpm/next@14.2.21_react-dom@18.3.1_react@18.3.1__react@18.3.1/node_modules/next/dist/compiled/react-dom/cjs/react-dom.development.js:18458:16)
    at beginWork (webpack-internal:///(app-pages-browser)/./node_modules/.pnpm/next@14.2.21_react-dom@18.3.1_react@18.3.1__react@18.3.1/node_modules/next/dist/compiled/react-dom/cjs/react-dom.development.js:26927:14)
    at performUnitOfWork (webpack-internal:///(app-pages-browser)/./node_modules/.pnpm/next@14.2.21_react-dom@18.3.1_react@18.3.1__react@18.3.1/node_modules/next/dist/compiled/react-dom/cjs/react-dom.development.js:25748:12)
    at workLoopSync (webpack-internal:///(app-pages-browser)/./node_modules/.pnpm/next@14.2.21_react-dom@18.3.1_react@18.3.1__react@18.3.1/node_modules/next/dist/compiled/react-dom/cjs/react-dom.development.js:25464:5)
    at renderRootSync (webpack-internal:///(app-pages-browser)/./node_modules/.pnpm/next@14.2.21_react-dom@18.3.1_react@18.3.1__react@18.3.1/node_modules/next/dist/compiled/react-dom/cjs/react-dom.development.js:25419:7)
    at performSyncWorkOnRoot (webpack-internal:///(app-pages-browser)/./node_modules/.pnpm/next@14.2.21_react-dom@18.3.1_react@18.3.1__react@18.3.1/node_modules/next/dist/compiled/react-dom/cjs/react-dom.development.js:24887:20)
    at flushSyncWorkAcrossRoots_impl (webpack-internal:///(app-pages-browser)/./node_modules/.pnpm/next@14.2.21_react-dom@18.3.1_react@18.3.1__react@18.3.1/node_modules/next/dist/compiled/react-dom/cjs/react-dom.development.js:7758:13)
    at flushSyncWorkOnAllRoots (webpack-internal:///(app-pages-browser)/./node_modules/.pnpm/next@14.2.21_react-dom@18.3.1_react@18.3.1__react@18.3.1/node_modules/next/dist/compiled/react-dom/cjs/react-dom.development.js:7718:3)
    at flushSync$1 (webpack-internal:///(app-pages-browser)/./node_modules/.pnpm/next@14.2.21_react-dom@18.3.1_react@18.3.1__react@18.3.1/node_modules/next/dist/compiled/react-dom/cjs/react-dom.development.js:24999:7)
    at Object.scheduleRefresh (webpack-internal:///(app-pages-browser)/./node_modules/.pnpm/next@14.2.21_react-dom@18.3.1_react@18.3.1__react@18.3.1/node_modules/next/dist/compiled/react-dom/cjs/react-dom.development.js:27285:5)
    at eval (webpack-internal:///(app-pages-browser)/./node_modules/.pnpm/next@14.2.21_react-dom@18.3.1_react@18.3.1__react@18.3.1/node_modules/next/dist/compiled/react-refresh/cjs/react-refresh-runtime.development.js:265:17)
    at Set.forEach (<anonymous>)
    at Object.performReactRefresh (webpack-internal:///(app-pages-browser)/./node_modules/.pnpm/next@14.2.21_react-dom@18.3.1_react@18.3.1__react@18.3.1/node_modules/next/dist/compiled/react-refresh/cjs/react-refresh-runtime.development.js:254:26)
    at applyUpdate (webpack-internal:///(app-pages-browser)/./node_modules/.pnpm/next@14.2.21_react-dom@18.3.1_react@18.3.1__react@18.3.1/node_modules/next/dist/compiled/@next/react-refresh-utils/dist/internal/helpers.js:139:31)
    at statusHandler (webpack-internal:///(app-pages-browser)/./node_modules/.pnpm/next@14.2.21_react-dom@18.3.1_react@18.3.1__react@18.3.1/node_modules/next/dist/compiled/@next/react-refresh-utils/dist/internal/helpers.js:156:13)
    at setStatus (http://localhost:3000/_next/static/chunks/webpack.js?v=1770615031567:508:55)
    at http://localhost:3000/_next/static/chunks/webpack.js?v=1770615031567:678:21
[ 1109832ms] ReferenceError: useEffect is not defined
    at DroppableColumn (webpack-internal:///(app-pages-browser)/./src/components/inmobiliaria/PipelineBoard.tsx:92:5)
    at renderWithHooks (webpack-internal:///(app-pages-browser)/./node_modules/.pnpm/next@14.2.21_react-dom@18.3.1_react@18.3.1__react@18.3.1/node_modules/next/dist/compiled/react-dom/cjs/react-dom.development.js:11121:18)
    at mountIndeterminateComponent (webpack-internal:///(app-pages-browser)/./node_modules/.pnpm/next@14.2.21_react-dom@18.3.1_react@18.3.1__react@18.3.1/node_modules/next/dist/compiled/react-dom/cjs/react-dom.development.js:16869:13)
    at beginWork$1 (webpack-internal:///(app-pages-browser)/./node_modules/.pnpm/next@14.2.21_react-dom@18.3.1_react@18.3.1__react@18.3.1/node_modules/next/dist/compiled/react-dom/cjs/react-dom.development.js:18458:16)
    at beginWork (webpack-internal:///(app-pages-browser)/./node_modules/.pnpm/next@14.2.21_react-dom@18.3.1_react@18.3.1__react@18.3.1/node_modules/next/dist/compiled/react-dom/cjs/react-dom.development.js:26927:14)
    at performUnitOfWork (webpack-internal:///(app-pages-browser)/./node_modules/.pnpm/next@14.2.21_react-dom@18.3.1_react@18.3.1__react@18.3.1/node_modules/next/dist/compiled/react-dom/cjs/react-dom.development.js:25748:12)
    at workLoopSync (webpack-internal:///(app-pages-browser)/./node_modules/.pnpm/next@14.2.21_react-dom@18.3.1_react@18.3.1__react@18.3.1/node_modules/next/dist/compiled/react-dom/cjs/react-dom.development.js:25464:5)
    at renderRootSync (webpack-internal:///(app-pages-browser)/./node_modules/.pnpm/next@14.2.21_react-dom@18.3.1_react@18.3.1__react@18.3.1/node_modules/next/dist/compiled/react-dom/cjs/react-dom.development.js:25419:7)
    at performSyncWorkOnRoot (webpack-internal:///(app-pages-browser)/./node_modules/.pnpm/next@14.2.21_react-dom@18.3.1_react@18.3.1__react@18.3.1/node_modules/next/dist/compiled/react-dom/cjs/react-dom.development.js:24887:20)
    at flushSyncWorkAcrossRoots_impl (webpack-internal:///(app-pages-browser)/./node_modules/.pnpm/next@14.2.21_react-dom@18.3.1_react@18.3.1__react@18.3.1/node_modules/next/dist/compiled/react-dom/cjs/react-dom.development.js:7758:13)
    at flushSyncWorkOnAllRoots (webpack-internal:///(app-pages-browser)/./node_modules/.pnpm/next@14.2.21_react-dom@18.3.1_react@18.3.1__react@18.3.1/node_modules/next/dist/compiled/react-dom/cjs/react-dom.development.js:7718:3)
    at flushSync$1 (webpack-internal:///(app-pages-browser)/./node_modules/.pnpm/next@14.2.21_react-dom@18.3.1_react@18.3.1__react@18.3.1/node_modules/next/dist/compiled/react-dom/cjs/react-dom.development.js:24999:7)
    at Object.scheduleRefresh (webpack-internal:///(app-pages-browser)/./node_modules/.pnpm/next@14.2.21_react-dom@18.3.1_react@18.3.1__react@18.3.1/node_modules/next/dist/compiled/react-dom/cjs/react-dom.development.js:27285:5)
    at eval (webpack-internal:///(app-pages-browser)/./node_modules/.pnpm/next@14.2.21_react-dom@18.3.1_react@18.3.1__react@18.3.1/node_modules/next/dist/compiled/react-refresh/cjs/react-refresh-runtime.development.js:265:17)
    at Set.forEach (<anonymous>)
    at Object.performReactRefresh (webpack-internal:///(app-pages-browser)/./node_modules/.pnpm/next@14.2.21_react-dom@18.3.1_react@18.3.1__react@18.3.1/node_modules/next/dist/compiled/react-refresh/cjs/react-refresh-runtime.development.js:254:26)
    at applyUpdate (webpack-internal:///(app-pages-browser)/./node_modules/.pnpm/next@14.2.21_react-dom@18.3.1_react@18.3.1__react@18.3.1/node_modules/next/dist/compiled/@next/react-refresh-utils/dist/internal/helpers.js:139:31)
    at statusHandler (webpack-internal:///(app-pages-browser)/./node_modules/.pnpm/next@14.2.21_react-dom@18.3.1_react@18.3.1__react@18.3.1/node_modules/next/dist/compiled/@next/react-refresh-utils/dist/internal/helpers.js:156:13)
    at setStatus (http://localhost:3000/_next/static/chunks/webpack.js?v=1770615031567:508:55)
    at http://localhost:3000/_next/static/chunks/webpack.js?v=1770615031567:678:21
[ 1109833ms] ReferenceError: useEffect is not defined
    at DroppableColumn (webpack-internal:///(app-pages-browser)/./src/components/inmobiliaria/PipelineBoard.tsx:92:5)
    at renderWithHooks (webpack-internal:///(app-pages-browser)/./node_modules/.pnpm/next@14.2.21_react-dom@18.3.1_react@18.3.1__react@18.3.1/node_modules/next/dist/compiled/react-dom/cjs/react-dom.development.js:11121:18)
    at mountIndeterminateComponent (webpack-internal:///(app-pages-browser)/./node_modules/.pnpm/next@14.2.21_react-dom@18.3.1_react@18.3.1__react@18.3.1/node_modules/next/dist/compiled/react-dom/cjs/react-dom.development.js:16869:13)
    at beginWork$1 (webpack-internal:///(app-pages-browser)/./node_modules/.pnpm/next@14.2.21_react-dom@18.3.1_react@18.3.1__react@18.3.1/node_modules/next/dist/compiled/react-dom/cjs/react-dom.development.js:18458:16)
    at beginWork (webpack-internal:///(app-pages-browser)/./node_modules/.pnpm/next@14.2.21_react-dom@18.3.1_react@18.3.1__react@18.3.1/node_modules/next/dist/compiled/react-dom/cjs/react-dom.development.js:26927:14)
    at performUnitOfWork (webpack-internal:///(app-pages-browser)/./node_modules/.pnpm/next@14.2.21_react-dom@18.3.1_react@18.3.1__react@18.3.1/node_modules/next/dist/compiled/react-dom/cjs/react-dom.development.js:25748:12)
    at workLoopSync (webpack-internal:///(app-pages-browser)/./node_modules/.pnpm/next@14.2.21_react-dom@18.3.1_react@18.3.1__react@18.3.1/node_modules/next/dist/compiled/react-dom/cjs/react-dom.development.js:25464:5)
    at renderRootSync (webpack-internal:///(app-pages-browser)/./node_modules/.pnpm/next@14.2.21_react-dom@18.3.1_react@18.3.1__react@18.3.1/node_modules/next/dist/compiled/react-dom/cjs/react-dom.development.js:25419:7)
    at performSyncWorkOnRoot (webpack-internal:///(app-pages-browser)/./node_modules/.pnpm/next@14.2.21_react-dom@18.3.1_react@18.3.1__react@18.3.1/node_modules/next/dist/compiled/react-dom/cjs/react-dom.development.js:24887:20)
    at flushSyncWorkAcrossRoots_impl (webpack-internal:///(app-pages-browser)/./node_modules/.pnpm/next@14.2.21_react-dom@18.3.1_react@18.3.1__react@18.3.1/node_modules/next/dist/compiled/react-dom/cjs/react-dom.development.js:7758:13)
    at flushSyncWorkOnAllRoots (webpack-internal:///(app-pages-browser)/./node_modules/.pnpm/next@14.2.21_react-dom@18.3.1_react@18.3.1__react@18.3.1/node_modules/next/dist/compiled/react-dom/cjs/react-dom.development.js:7718:3)
    at flushSync$1 (webpack-internal:///(app-pages-browser)/./node_modules/.pnpm/next@14.2.21_react-dom@18.3.1_react@18.3.1__react@18.3.1/node_modules/next/dist/compiled/react-dom/cjs/react-dom.development.js:24999:7)
    at Object.scheduleRefresh (webpack-internal:///(app-pages-browser)/./node_modules/.pnpm/next@14.2.21_react-dom@18.3.1_react@18.3.1__react@18.3.1/node_modules/next/dist/compiled/react-dom/cjs/react-dom.development.js:27285:5)
    at eval (webpack-internal:///(app-pages-browser)/./node_modules/.pnpm/next@14.2.21_react-dom@18.3.1_react@18.3.1__react@18.3.1/node_modules/next/dist/compiled/react-refresh/cjs/react-refresh-runtime.development.js:265:17)
    at Set.forEach (<anonymous>)
    at Object.performReactRefresh (webpack-internal:///(app-pages-browser)/./node_modules/.pnpm/next@14.2.21_react-dom@18.3.1_react@18.3.1__react@18.3.1/node_modules/next/dist/compiled/react-refresh/cjs/react-refresh-runtime.development.js:254:26)
    at applyUpdate (webpack-internal:///(app-pages-browser)/./node_modules/.pnpm/next@14.2.21_react-dom@18.3.1_react@18.3.1__react@18.3.1/node_modules/next/dist/compiled/@next/react-refresh-utils/dist/internal/helpers.js:139:31)
    at statusHandler (webpack-internal:///(app-pages-browser)/./node_modules/.pnpm/next@14.2.21_react-dom@18.3.1_react@18.3.1__react@18.3.1/node_modules/next/dist/compiled/@next/react-refresh-utils/dist/internal/helpers.js:156:13)
    at setStatus (http://localhost:3000/_next/static/chunks/webpack.js?v=1770615031567:508:55)
    at http://localhost:3000/_next/static/chunks/webpack.js?v=1770615031567:678:21
[ 1109833ms] ReferenceError: useEffect is not defined
    at DroppableColumn (webpack-internal:///(app-pages-browser)/./src/components/inmobiliaria/PipelineBoard.tsx:92:5)
    at renderWithHooks (webpack-internal:///(app-pages-browser)/./node_modules/.pnpm/next@14.2.21_react-dom@18.3.1_react@18.3.1__react@18.3.1/node_modules/next/dist/compiled/react-dom/cjs/react-dom.development.js:11121:18)
    at mountIndeterminateComponent (webpack-internal:///(app-pages-browser)/./node_modules/.pnpm/next@14.2.21_react-dom@18.3.1_react@18.3.1__react@18.3.1/node_modules/next/dist/compiled/react-dom/cjs/react-dom.development.js:16869:13)
    at beginWork$1 (webpack-internal:///(app-pages-browser)/./node_modules/.pnpm/next@14.2.21_react-dom@18.3.1_react@18.3.1__react@18.3.1/node_modules/next/dist/compiled/react-dom/cjs/react-dom.development.js:18458:16)
    at beginWork (webpack-internal:///(app-pages-browser)/./node_modules/.pnpm/next@14.2.21_react-dom@18.3.1_react@18.3.1__react@18.3.1/node_modules/next/dist/compiled/react-dom/cjs/react-dom.development.js:26927:14)
    at performUnitOfWork (webpack-internal:///(app-pages-browser)/./node_modules/.pnpm/next@14.2.21_react-dom@18.3.1_react@18.3.1__react@18.3.1/node_modules/next/dist/compiled/react-dom/cjs/react-dom.development.js:25748:12)
    at workLoopSync (webpack-internal:///(app-pages-browser)/./node_modules/.pnpm/next@14.2.21_react-dom@18.3.1_react@18.3.1__react@18.3.1/node_modules/next/dist/compiled/react-dom/cjs/react-dom.development.js:25464:5)
    at renderRootSync (webpack-internal:///(app-pages-browser)/./node_modules/.pnpm/next@14.2.21_react-dom@18.3.1_react@18.3.1__react@18.3.1/node_modules/next/dist/compiled/react-dom/cjs/react-dom.development.js:25419:7)
    at performSyncWorkOnRoot (webpack-internal:///(app-pages-browser)/./node_modules/.pnpm/next@14.2.21_react-dom@18.3.1_react@18.3.1__react@18.3.1/node_modules/next/dist/compiled/react-dom/cjs/react-dom.development.js:24887:20)
    at flushSyncWorkAcrossRoots_impl (webpack-internal:///(app-pages-browser)/./node_modules/.pnpm/next@14.2.21_react-dom@18.3.1_react@18.3.1__react@18.3.1/node_modules/next/dist/compiled/react-dom/cjs/react-dom.development.js:7758:13)
    at flushSyncWorkOnAllRoots (webpack-internal:///(app-pages-browser)/./node_modules/.pnpm/next@14.2.21_react-dom@18.3.1_react@18.3.1__react@18.3.1/node_modules/next/dist/compiled/react-dom/cjs/react-dom.development.js:7718:3)
    at flushSync$1 (webpack-internal:///(app-pages-browser)/./node_modules/.pnpm/next@14.2.21_react-dom@18.3.1_react@18.3.1__react@18.3.1/node_modules/next/dist/compiled/react-dom/cjs/react-dom.development.js:24999:7)
    at Object.scheduleRefresh (webpack-internal:///(app-pages-browser)/./node_modules/.pnpm/next@14.2.21_react-dom@18.3.1_react@18.3.1__react@18.3.1/node_modules/next/dist/compiled/react-dom/cjs/react-dom.development.js:27285:5)
    at eval (webpack-internal:///(app-pages-browser)/./node_modules/.pnpm/next@14.2.21_react-dom@18.3.1_react@18.3.1__react@18.3.1/node_modules/next/dist/compiled/react-refresh/cjs/react-refresh-runtime.development.js:265:17)
    at Set.forEach (<anonymous>)
    at Object.performReactRefresh (webpack-internal:///(app-pages-browser)/./node_modules/.pnpm/next@14.2.21_react-dom@18.3.1_react@18.3.1__react@18.3.1/node_modules/next/dist/compiled/react-refresh/cjs/react-refresh-runtime.development.js:254:26)
    at applyUpdate (webpack-internal:///(app-pages-browser)/./node_modules/.pnpm/next@14.2.21_react-dom@18.3.1_react@18.3.1__react@18.3.1/node_modules/next/dist/compiled/@next/react-refresh-utils/dist/internal/helpers.js:139:31)
    at statusHandler (webpack-internal:///(app-pages-browser)/./node_modules/.pnpm/next@14.2.21_react-dom@18.3.1_react@18.3.1__react@18.3.1/node_modules/next/dist/compiled/@next/react-refresh-utils/dist/internal/helpers.js:156:13)
    at setStatus (http://localhost:3000/_next/static/chunks/webpack.js?v=1770615031567:508:55)
    at http://localhost:3000/_next/static/chunks/webpack.js?v=1770615031567:678:21
[ 1109834ms] ReferenceError: useEffect is not defined
    at DroppableColumn (webpack-internal:///(app-pages-browser)/./src/components/inmobiliaria/PipelineBoard.tsx:92:5)
    at renderWithHooks (webpack-internal:///(app-pages-browser)/./node_modules/.pnpm/next@14.2.21_react-dom@18.3.1_react@18.3.1__react@18.3.1/node_modules/next/dist/compiled/react-dom/cjs/react-dom.development.js:11121:18)
    at mountIndeterminateComponent (webpack-internal:///(app-pages-browser)/./node_modules/.pnpm/next@14.2.21_react-dom@18.3.1_react@18.3.1__react@18.3.1/node_modules/next/dist/compiled/react-dom/cjs/react-dom.development.js:16869:13)
    at beginWork$1 (webpack-internal:///(app-pages-browser)/./node_modules/.pnpm/next@14.2.21_react-dom@18.3.1_react@18.3.1__react@18.3.1/node_modules/next/dist/compiled/react-dom/cjs/react-dom.development.js:18458:16)
    at beginWork (webpack-internal:///(app-pages-browser)/./node_modules/.pnpm/next@14.2.21_react-dom@18.3.1_react@18.3.1__react@18.3.1/node_modules/next/dist/compiled/react-dom/cjs/react-dom.development.js:26927:14)
    at performUnitOfWork (webpack-internal:///(app-pages-browser)/./node_modules/.pnpm/next@14.2.21_react-dom@18.3.1_react@18.3.1__react@18.3.1/node_modules/next/dist/compiled/react-dom/cjs/react-dom.development.js:25748:12)
    at workLoopSync (webpack-internal:///(app-pages-browser)/./node_modules/.pnpm/next@14.2.21_react-dom@18.3.1_react@18.3.1__react@18.3.1/node_modules/next/dist/compiled/react-dom/cjs/react-dom.development.js:25464:5)
    at renderRootSync (webpack-internal:///(app-pages-browser)/./node_modules/.pnpm/next@14.2.21_react-dom@18.3.1_react@18.3.1__react@18.3.1/node_modules/next/dist/compiled/react-dom/cjs/react-dom.development.js:25419:7)
    at performSyncWorkOnRoot (webpack-internal:///(app-pages-browser)/./node_modules/.pnpm/next@14.2.21_react-dom@18.3.1_react@18.3.1__react@18.3.1/node_modules/next/dist/compiled/react-dom/cjs/react-dom.development.js:24887:20)
    at flushSyncWorkAcrossRoots_impl (webpack-internal:///(app-pages-browser)/./node_modules/.pnpm/next@14.2.21_react-dom@18.3.1_react@18.3.1__react@18.3.1/node_modules/next/dist/compiled/react-dom/cjs/react-dom.development.js:7758:13)
    at flushSyncWorkOnAllRoots (webpack-internal:///(app-pages-browser)/./node_modules/.pnpm/next@14.2.21_react-dom@18.3.1_react@18.3.1__react@18.3.1/node_modules/next/dist/compiled/react-dom/cjs/react-dom.development.js:7718:3)
    at flushSync$1 (webpack-internal:///(app-pages-browser)/./node_modules/.pnpm/next@14.2.21_react-dom@18.3.1_react@18.3.1__react@18.3.1/node_modules/next/dist/compiled/react-dom/cjs/react-dom.development.js:24999:7)
    at Object.scheduleRefresh (webpack-internal:///(app-pages-browser)/./node_modules/.pnpm/next@14.2.21_react-dom@18.3.1_react@18.3.1__react@18.3.1/node_modules/next/dist/compiled/react-dom/cjs/react-dom.development.js:27285:5)
    at eval (webpack-internal:///(app-pages-browser)/./node_modules/.pnpm/next@14.2.21_react-dom@18.3.1_react@18.3.1__react@18.3.1/node_modules/next/dist/compiled/react-refresh/cjs/react-refresh-runtime.development.js:265:17)
    at Set.forEach (<anonymous>)
    at Object.performReactRefresh (webpack-internal:///(app-pages-browser)/./node_modules/.pnpm/next@14.2.21_react-dom@18.3.1_react@18.3.1__react@18.3.1/node_modules/next/dist/compiled/react-refresh/cjs/react-refresh-runtime.development.js:254:26)
    at applyUpdate (webpack-internal:///(app-pages-browser)/./node_modules/.pnpm/next@14.2.21_react-dom@18.3.1_react@18.3.1__react@18.3.1/node_modules/next/dist/compiled/@next/react-refresh-utils/dist/internal/helpers.js:139:31)
    at statusHandler (webpack-internal:///(app-pages-browser)/./node_modules/.pnpm/next@14.2.21_react-dom@18.3.1_react@18.3.1__react@18.3.1/node_modules/next/dist/compiled/@next/react-refresh-utils/dist/internal/helpers.js:156:13)
    at setStatus (http://localhost:3000/_next/static/chunks/webpack.js?v=1770615031567:508:55)
    at http://localhost:3000/_next/static/chunks/webpack.js?v=1770615031567:678:21
[ 1109835ms] ReferenceError: useEffect is not defined
    at DroppableColumn (webpack-internal:///(app-pages-browser)/./src/components/inmobiliaria/PipelineBoard.tsx:92:5)
    at renderWithHooks (webpack-internal:///(app-pages-browser)/./node_modules/.pnpm/next@14.2.21_react-dom@18.3.1_react@18.3.1__react@18.3.1/node_modules/next/dist/compiled/react-dom/cjs/react-dom.development.js:11121:18)
    at mountIndeterminateComponent (webpack-internal:///(app-pages-browser)/./node_modules/.pnpm/next@14.2.21_react-dom@18.3.1_react@18.3.1__react@18.3.1/node_modules/next/dist/compiled/react-dom/cjs/react-dom.development.js:16869:13)
    at beginWork$1 (webpack-internal:///(app-pages-browser)/./node_modules/.pnpm/next@14.2.21_react-dom@18.3.1_react@18.3.1__react@18.3.1/node_modules/next/dist/compiled/react-dom/cjs/react-dom.development.js:18458:16)
    at beginWork (webpack-internal:///(app-pages-browser)/./node_modules/.pnpm/next@14.2.21_react-dom@18.3.1_react@18.3.1__react@18.3.1/node_modules/next/dist/compiled/react-dom/cjs/react-dom.development.js:26927:14)
    at performUnitOfWork (webpack-internal:///(app-pages-browser)/./node_modules/.pnpm/next@14.2.21_react-dom@18.3.1_react@18.3.1__react@18.3.1/node_modules/next/dist/compiled/react-dom/cjs/react-dom.development.js:25748:12)
    at workLoopSync (webpack-internal:///(app-pages-browser)/./node_modules/.pnpm/next@14.2.21_react-dom@18.3.1_react@18.3.1__react@18.3.1/node_modules/next/dist/compiled/react-dom/cjs/react-dom.development.js:25464:5)
    at renderRootSync (webpack-internal:///(app-pages-browser)/./node_modules/.pnpm/next@14.2.21_react-dom@18.3.1_react@18.3.1__react@18.3.1/node_modules/next/dist/compiled/react-dom/cjs/react-dom.development.js:25419:7)
    at performSyncWorkOnRoot (webpack-internal:///(app-pages-browser)/./node_modules/.pnpm/next@14.2.21_react-dom@18.3.1_react@18.3.1__react@18.3.1/node_modules/next/dist/compiled/react-dom/cjs/react-dom.development.js:24887:20)
    at flushSyncWorkAcrossRoots_impl (webpack-internal:///(app-pages-browser)/./node_modules/.pnpm/next@14.2.21_react-dom@18.3.1_react@18.3.1__react@18.3.1/node_modules/next/dist/compiled/react-dom/cjs/react-dom.development.js:7758:13)
    at flushSyncWorkOnAllRoots (webpack-internal:///(app-pages-browser)/./node_modules/.pnpm/next@14.2.21_react-dom@18.3.1_react@18.3.1__react@18.3.1/node_modules/next/dist/compiled/react-dom/cjs/react-dom.development.js:7718:3)
    at flushSync$1 (webpack-internal:///(app-pages-browser)/./node_modules/.pnpm/next@14.2.21_react-dom@18.3.1_react@18.3.1__react@18.3.1/node_modules/next/dist/compiled/react-dom/cjs/react-dom.development.js:24999:7)
    at Object.scheduleRefresh (webpack-internal:///(app-pages-browser)/./node_modules/.pnpm/next@14.2.21_react-dom@18.3.1_react@18.3.1__react@18.3.1/node_modules/next/dist/compiled/react-dom/cjs/react-dom.development.js:27285:5)
    at eval (webpack-internal:///(app-pages-browser)/./node_modules/.pnpm/next@14.2.21_react-dom@18.3.1_react@18.3.1__react@18.3.1/node_modules/next/dist/compiled/react-refresh/cjs/react-refresh-runtime.development.js:265:17)
    at Set.forEach (<anonymous>)
    at Object.performReactRefresh (webpack-internal:///(app-pages-browser)/./node_modules/.pnpm/next@14.2.21_react-dom@18.3.1_react@18.3.1__react@18.3.1/node_modules/next/dist/compiled/react-refresh/cjs/react-refresh-runtime.development.js:254:26)
    at applyUpdate (webpack-internal:///(app-pages-browser)/./node_modules/.pnpm/next@14.2.21_react-dom@18.3.1_react@18.3.1__react@18.3.1/node_modules/next/dist/compiled/@next/react-refresh-utils/dist/internal/helpers.js:139:31)
    at statusHandler (webpack-internal:///(app-pages-browser)/./node_modules/.pnpm/next@14.2.21_react-dom@18.3.1_react@18.3.1__react@18.3.1/node_modules/next/dist/compiled/@next/react-refresh-utils/dist/internal/helpers.js:156:13)
    at setStatus (http://localhost:3000/_next/static/chunks/webpack.js?v=1770615031567:508:55)
    at http://localhost:3000/_next/static/chunks/webpack.js?v=1770615031567:678:21
[ 1109839ms] ReferenceError: useEffect is not defined
    at DroppableColumn (webpack-internal:///(app-pages-browser)/./src/components/inmobiliaria/PipelineBoard.tsx:92:5)
    at renderWithHooks (webpack-internal:///(app-pages-browser)/./node_modules/.pnpm/next@14.2.21_react-dom@18.3.1_react@18.3.1__react@18.3.1/node_modules/next/dist/compiled/react-dom/cjs/react-dom.development.js:11121:18)
    at mountIndeterminateComponent (webpack-internal:///(app-pages-browser)/./node_modules/.pnpm/next@14.2.21_react-dom@18.3.1_react@18.3.1__react@18.3.1/node_modules/next/dist/compiled/react-dom/cjs/react-dom.development.js:16869:13)
    at beginWork$1 (webpack-internal:///(app-pages-browser)/./node_modules/.pnpm/next@14.2.21_react-dom@18.3.1_react@18.3.1__react@18.3.1/node_modules/next/dist/compiled/react-dom/cjs/react-dom.development.js:18458:16)
    at HTMLUnknownElement.callCallback (webpack-internal:///(app-pages-browser)/./node_modules/.pnpm/next@14.2.21_react-dom@18.3.1_react@18.3.1__react@18.3.1/node_modules/next/dist/compiled/react-dom/cjs/react-dom.development.js:20565:14)
    at Object.invokeGuardedCallbackImpl (webpack-internal:///(app-pages-browser)/./node_modules/.pnpm/next@14.2.21_react-dom@18.3.1_react@18.3.1__react@18.3.1/node_modules/next/dist/compiled/react-dom/cjs/react-dom.development.js:20614:16)
    at invokeGuardedCallback (webpack-internal:///(app-pages-browser)/./node_modules/.pnpm/next@14.2.21_react-dom@18.3.1_react@18.3.1__react@18.3.1/node_modules/next/dist/compiled/react-dom/cjs/react-dom.development.js:20689:29)
    at beginWork (webpack-internal:///(app-pages-browser)/./node_modules/.pnpm/next@14.2.21_react-dom@18.3.1_react@18.3.1__react@18.3.1/node_modules/next/dist/compiled/react-dom/cjs/react-dom.development.js:26949:7)
    at performUnitOfWork (webpack-internal:///(app-pages-browser)/./node_modules/.pnpm/next@14.2.21_react-dom@18.3.1_react@18.3.1__react@18.3.1/node_modules/next/dist/compiled/react-dom/cjs/react-dom.development.js:25748:12)
    at workLoopSync (webpack-internal:///(app-pages-browser)/./node_modules/.pnpm/next@14.2.21_react-dom@18.3.1_react@18.3.1__react@18.3.1/node_modules/next/dist/compiled/react-dom/cjs/react-dom.development.js:25464:5)
    at renderRootSync (webpack-internal:///(app-pages-browser)/./node_modules/.pnpm/next@14.2.21_react-dom@18.3.1_react@18.3.1__react@18.3.1/node_modules/next/dist/compiled/react-dom/cjs/react-dom.development.js:25419:7)
    at recoverFromConcurrentError (webpack-internal:///(app-pages-browser)/./node_modules/.pnpm/next@14.2.21_react-dom@18.3.1_react@18.3.1__react@18.3.1/node_modules/next/dist/compiled/react-dom/cjs/react-dom.development.js:24597:20)
    at performSyncWorkOnRoot (webpack-internal:///(app-pages-browser)/./node_modules/.pnpm/next@14.2.21_react-dom@18.3.1_react@18.3.1__react@18.3.1/node_modules/next/dist/compiled/react-dom/cjs/react-dom.development.js:24899:20)
    at flushSyncWorkAcrossRoots_impl (webpack-internal:///(app-pages-browser)/./node_modules/.pnpm/next@14.2.21_react-dom@18.3.1_react@18.3.1__react@18.3.1/node_modules/next/dist/compiled/react-dom/cjs/react-dom.development.js:7758:13)
    at flushSyncWorkOnAllRoots (webpack-internal:///(app-pages-browser)/./node_modules/.pnpm/next@14.2.21_react-dom@18.3.1_react@18.3.1__react@18.3.1/node_modules/next/dist/compiled/react-dom/cjs/react-dom.development.js:7718:3)
    at flushSync$1 (webpack-internal:///(app-pages-browser)/./node_modules/.pnpm/next@14.2.21_react-dom@18.3.1_react@18.3.1__react@18.3.1/node_modules/next/dist/compiled/react-dom/cjs/react-dom.development.js:24999:7)
    at Object.scheduleRefresh (webpack-internal:///(app-pages-browser)/./node_modules/.pnpm/next@14.2.21_react-dom@18.3.1_react@18.3.1__react@18.3.1/node_modules/next/dist/compiled/react-dom/cjs/react-dom.development.js:27285:5)
    at eval (webpack-internal:///(app-pages-browser)/./node_modules/.pnpm/next@14.2.21_react-dom@18.3.1_react@18.3.1__react@18.3.1/node_modules/next/dist/compiled/react-refresh/cjs/react-refresh-runtime.development.js:265:17)
    at Set.forEach (<anonymous>)
    at Object.performReactRefresh (webpack-internal:///(app-pages-browser)/./node_modules/.pnpm/next@14.2.21_react-dom@18.3.1_react@18.3.1__react@18.3.1/node_modules/next/dist/compiled/react-refresh/cjs/react-refresh-runtime.development.js:254:26)
    at applyUpdate (webpack-internal:///(app-pages-browser)/./node_modules/.pnpm/next@14.2.21_react-dom@18.3.1_react@18.3.1__react@18.3.1/node_modules/next/dist/compiled/@next/react-refresh-utils/dist/internal/helpers.js:139:31)
    at statusHandler (webpack-internal:///(app-pages-browser)/./node_modules/.pnpm/next@14.2.21_react-dom@18.3.1_react@18.3.1__react@18.3.1/node_modules/next/dist/compiled/@next/react-refresh-utils/dist/internal/helpers.js:156:13)
    at setStatus (http://localhost:3000/_next/static/chunks/webpack.js?v=1770615031567:508:55)
    at http://localhost:3000/_next/static/chunks/webpack.js?v=1770615031567:678:21
[ 1109841ms] ReferenceError: useEffect is not defined
    at DroppableColumn (webpack-internal:///(app-pages-browser)/./src/components/inmobiliaria/PipelineBoard.tsx:92:5)
    at renderWithHooks (webpack-internal:///(app-pages-browser)/./node_modules/.pnpm/next@14.2.21_react-dom@18.3.1_react@18.3.1__react@18.3.1/node_modules/next/dist/compiled/react-dom/cjs/react-dom.development.js:11121:18)
    at mountIndeterminateComponent (webpack-internal:///(app-pages-browser)/./node_modules/.pnpm/next@14.2.21_react-dom@18.3.1_react@18.3.1__react@18.3.1/node_modules/next/dist/compiled/react-dom/cjs/react-dom.development.js:16869:13)
    at beginWork$1 (webpack-internal:///(app-pages-browser)/./node_modules/.pnpm/next@14.2.21_react-dom@18.3.1_react@18.3.1__react@18.3.1/node_modules/next/dist/compiled/react-dom/cjs/react-dom.development.js:18458:16)
    at beginWork (webpack-internal:///(app-pages-browser)/./node_modules/.pnpm/next@14.2.21_react-dom@18.3.1_react@18.3.1__react@18.3.1/node_modules/next/dist/compiled/react-dom/cjs/react-dom.development.js:26927:14)
    at performUnitOfWork (webpack-internal:///(app-pages-browser)/./node_modules/.pnpm/next@14.2.21_react-dom@18.3.1_react@18.3.1__react@18.3.1/node_modules/next/dist/compiled/react-dom/cjs/react-dom.development.js:25748:12)
    at workLoopSync (webpack-internal:///(app-pages-browser)/./node_modules/.pnpm/next@14.2.21_react-dom@18.3.1_react@18.3.1__react@18.3.1/node_modules/next/dist/compiled/react-dom/cjs/react-dom.development.js:25464:5)
    at renderRootSync (webpack-internal:///(app-pages-browser)/./node_modules/.pnpm/next@14.2.21_react-dom@18.3.1_react@18.3.1__react@18.3.1/node_modules/next/dist/compiled/react-dom/cjs/react-dom.development.js:25419:7)
    at recoverFromConcurrentError (webpack-internal:///(app-pages-browser)/./node_modules/.pnpm/next@14.2.21_react-dom@18.3.1_react@18.3.1__react@18.3.1/node_modules/next/dist/compiled/react-dom/cjs/react-dom.development.js:24597:20)
    at performSyncWorkOnRoot (webpack-internal:///(app-pages-browser)/./node_modules/.pnpm/next@14.2.21_react-dom@18.3.1_react@18.3.1__react@18.3.1/node_modules/next/dist/compiled/react-dom/cjs/react-dom.development.js:24899:20)
    at flushSyncWorkAcrossRoots_impl (webpack-internal:///(app-pages-browser)/./node_modules/.pnpm/next@14.2.21_react-dom@18.3.1_react@18.3.1__react@18.3.1/node_modules/next/dist/compiled/react-dom/cjs/react-dom.development.js:7758:13)
    at flushSyncWorkOnAllRoots (webpack-internal:///(app-pages-browser)/./node_modules/.pnpm/next@14.2.21_react-dom@18.3.1_react@18.3.1__react@18.3.1/node_modules/next/dist/compiled/react-dom/cjs/react-dom.development.js:7718:3)
    at flushSync$1 (webpack-internal:///(app-pages-browser)/./node_modules/.pnpm/next@14.2.21_react-dom@18.3.1_react@18.3.1__react@18.3.1/node_modules/next/dist/compiled/react-dom/cjs/react-dom.development.js:24999:7)
    at Object.scheduleRefresh (webpack-internal:///(app-pages-browser)/./node_modules/.pnpm/next@14.2.21_react-dom@18.3.1_react@18.3.1__react@18.3.1/node_modules/next/dist/compiled/react-dom/cjs/react-dom.development.js:27285:5)
    at eval (webpack-internal:///(app-pages-browser)/./node_modules/.pnpm/next@14.2.21_react-dom@18.3.1_react@18.3.1__react@18.3.1/node_modules/next/dist/compiled/react-refresh/cjs/react-refresh-runtime.development.js:265:17)
    at Set.forEach (<anonymous>)
    at Object.performReactRefresh (webpack-internal:///(app-pages-browser)/./node_modules/.pnpm/next@14.2.21_react-dom@18.3.1_react@18.3.1__react@18.3.1/node_modules/next/dist/compiled/react-refresh/cjs/react-refresh-runtime.development.js:254:26)
    at applyUpdate (webpack-internal:///(app-pages-browser)/./node_modules/.pnpm/next@14.2.21_react-dom@18.3.1_react@18.3.1__react@18.3.1/node_modules/next/dist/compiled/@next/react-refresh-utils/dist/internal/helpers.js:139:31)
    at statusHandler (webpack-internal:///(app-pages-browser)/./node_modules/.pnpm/next@14.2.21_react-dom@18.3.1_react@18.3.1__react@18.3.1/node_modules/next/dist/compiled/@next/react-refresh-utils/dist/internal/helpers.js:156:13)
    at setStatus (http://localhost:3000/_next/static/chunks/webpack.js?v=1770615031567:508:55)
    at http://localhost:3000/_next/static/chunks/webpack.js?v=1770615031567:678:21
[ 1109841ms] ReferenceError: useEffect is not defined
    at DroppableColumn (webpack-internal:///(app-pages-browser)/./src/components/inmobiliaria/PipelineBoard.tsx:92:5)
    at renderWithHooks (webpack-internal:///(app-pages-browser)/./node_modules/.pnpm/next@14.2.21_react-dom@18.3.1_react@18.3.1__react@18.3.1/node_modules/next/dist/compiled/react-dom/cjs/react-dom.development.js:11121:18)
    at mountIndeterminateComponent (webpack-internal:///(app-pages-browser)/./node_modules/.pnpm/next@14.2.21_react-dom@18.3.1_react@18.3.1__react@18.3.1/node_modules/next/dist/compiled/react-dom/cjs/react-dom.development.js:16869:13)
    at beginWork$1 (webpack-internal:///(app-pages-browser)/./node_modules/.pnpm/next@14.2.21_react-dom@18.3.1_react@18.3.1__react@18.3.1/node_modules/next/dist/compiled/react-dom/cjs/react-dom.development.js:18458:16)
    at beginWork (webpack-internal:///(app-pages-browser)/./node_modules/.pnpm/next@14.2.21_react-dom@18.3.1_react@18.3.1__react@18.3.1/node_modules/next/dist/compiled/react-dom/cjs/react-dom.development.js:26927:14)
    at performUnitOfWork (webpack-internal:///(app-pages-browser)/./node_modules/.pnpm/next@14.2.21_react-dom@18.3.1_react@18.3.1__react@18.3.1/node_modules/next/dist/compiled/react-dom/cjs/react-dom.development.js:25748:12)
    at workLoopSync (webpack-internal:///(app-pages-browser)/./node_modules/.pnpm/next@14.2.21_react-dom@18.3.1_react@18.3.1__react@18.3.1/node_modules/next/dist/compiled/react-dom/cjs/react-dom.development.js:25464:5)
    at renderRootSync (webpack-internal:///(app-pages-browser)/./node_modules/.pnpm/next@14.2.21_react-dom@18.3.1_react@18.3.1__react@18.3.1/node_modules/next/dist/compiled/react-dom/cjs/react-dom.development.js:25419:7)
    at recoverFromConcurrentError (webpack-internal:///(app-pages-browser)/./node_modules/.pnpm/next@14.2.21_react-dom@18.3.1_react@18.3.1__react@18.3.1/node_modules/next/dist/compiled/react-dom/cjs/react-dom.development.js:24597:20)
    at performSyncWorkOnRoot (webpack-internal:///(app-pages-browser)/./node_modules/.pnpm/next@14.2.21_react-dom@18.3.1_react@18.3.1__react@18.3.1/node_modules/next/dist/compiled/react-dom/cjs/react-dom.development.js:24899:20)
    at flushSyncWorkAcrossRoots_impl (webpack-internal:///(app-pages-browser)/./node_modules/.pnpm/next@14.2.21_react-dom@18.3.1_react@18.3.1__react@18.3.1/node_modules/next/dist/compiled/react-dom/cjs/react-dom.development.js:7758:13)
    at flushSyncWorkOnAllRoots (webpack-internal:///(app-pages-browser)/./node_modules/.pnpm/next@14.2.21_react-dom@18.3.1_react@18.3.1__react@18.3.1/node_modules/next/dist/compiled/react-dom/cjs/react-dom.development.js:7718:3)
    at flushSync$1 (webpack-internal:///(app-pages-browser)/./node_modules/.pnpm/next@14.2.21_react-dom@18.3.1_react@18.3.1__react@18.3.1/node_modules/next/dist/compiled/react-dom/cjs/react-dom.development.js:24999:7)
    at Object.scheduleRefresh (webpack-internal:///(app-pages-browser)/./node_modules/.pnpm/next@14.2.21_react-dom@18.3.1_react@18.3.1__react@18.3.1/node_modules/next/dist/compiled/react-dom/cjs/react-dom.development.js:27285:5)
    at eval (webpack-internal:///(app-pages-browser)/./node_modules/.pnpm/next@14.2.21_react-dom@18.3.1_react@18.3.1__react@18.3.1/node_modules/next/dist/compiled/react-refresh/cjs/react-refresh-runtime.development.js:265:17)
    at Set.forEach (<anonymous>)
    at Object.performReactRefresh (webpack-internal:///(app-pages-browser)/./node_modules/.pnpm/next@14.2.21_react-dom@18.3.1_react@18.3.1__react@18.3.1/node_modules/next/dist/compiled/react-refresh/cjs/react-refresh-runtime.development.js:254:26)
    at applyUpdate (webpack-internal:///(app-pages-browser)/./node_modules/.pnpm/next@14.2.21_react-dom@18.3.1_react@18.3.1__react@18.3.1/node_modules/next/dist/compiled/@next/react-refresh-utils/dist/internal/helpers.js:139:31)
    at statusHandler (webpack-internal:///(app-pages-browser)/./node_modules/.pnpm/next@14.2.21_react-dom@18.3.1_react@18.3.1__react@18.3.1/node_modules/next/dist/compiled/@next/react-refresh-utils/dist/internal/helpers.js:156:13)
    at setStatus (http://localhost:3000/_next/static/chunks/webpack.js?v=1770615031567:508:55)
    at http://localhost:3000/_next/static/chunks/webpack.js?v=1770615031567:678:21
[ 1109843ms] ReferenceError: useEffect is not defined
    at DroppableColumn (webpack-internal:///(app-pages-browser)/./src/components/inmobiliaria/PipelineBoard.tsx:92:5)
    at renderWithHooks (webpack-internal:///(app-pages-browser)/./node_modules/.pnpm/next@14.2.21_react-dom@18.3.1_react@18.3.1__react@18.3.1/node_modules/next/dist/compiled/react-dom/cjs/react-dom.development.js:11121:18)
    at mountIndeterminateComponent (webpack-internal:///(app-pages-browser)/./node_modules/.pnpm/next@14.2.21_react-dom@18.3.1_react@18.3.1__react@18.3.1/node_modules/next/dist/compiled/react-dom/cjs/react-dom.development.js:16869:13)
    at beginWork$1 (webpack-internal:///(app-pages-browser)/./node_modules/.pnpm/next@14.2.21_react-dom@18.3.1_react@18.3.1__react@18.3.1/node_modules/next/dist/compiled/react-dom/cjs/react-dom.development.js:18458:16)
    at beginWork (webpack-internal:///(app-pages-browser)/./node_modules/.pnpm/next@14.2.21_react-dom@18.3.1_react@18.3.1__react@18.3.1/node_modules/next/dist/compiled/react-dom/cjs/react-dom.development.js:26927:14)
    at performUnitOfWork (webpack-internal:///(app-pages-browser)/./node_modules/.pnpm/next@14.2.21_react-dom@18.3.1_react@18.3.1__react@18.3.1/node_modules/next/dist/compiled/react-dom/cjs/react-dom.development.js:25748:12)
    at workLoopSync (webpack-internal:///(app-pages-browser)/./node_modules/.pnpm/next@14.2.21_react-dom@18.3.1_react@18.3.1__react@18.3.1/node_modules/next/dist/compiled/react-dom/cjs/react-dom.development.js:25464:5)
    at renderRootSync (webpack-internal:///(app-pages-browser)/./node_modules/.pnpm/next@14.2.21_react-dom@18.3.1_react@18.3.1__react@18.3.1/node_modules/next/dist/compiled/react-dom/cjs/react-dom.development.js:25419:7)
    at recoverFromConcurrentError (webpack-internal:///(app-pages-browser)/./node_modules/.pnpm/next@14.2.21_react-dom@18.3.1_react@18.3.1__react@18.3.1/node_modules/next/dist/compiled/react-dom/cjs/react-dom.development.js:24597:20)
    at performSyncWorkOnRoot (webpack-internal:///(app-pages-browser)/./node_modules/.pnpm/next@14.2.21_react-dom@18.3.1_react@18.3.1__react@18.3.1/node_modules/next/dist/compiled/react-dom/cjs/react-dom.development.js:24899:20)
    at flushSyncWorkAcrossRoots_impl (webpack-internal:///(app-pages-browser)/./node_modules/.pnpm/next@14.2.21_react-dom@18.3.1_react@18.3.1__react@18.3.1/node_modules/next/dist/compiled/react-dom/cjs/react-dom.development.js:7758:13)
    at flushSyncWorkOnAllRoots (webpack-internal:///(app-pages-browser)/./node_modules/.pnpm/next@14.2.21_react-dom@18.3.1_react@18.3.1__react@18.3.1/node_modules/next/dist/compiled/react-dom/cjs/react-dom.development.js:7718:3)
    at flushSync$1 (webpack-internal:///(app-pages-browser)/./node_modules/.pnpm/next@14.2.21_react-dom@18.3.1_react@18.3.1__react@18.3.1/node_modules/next/dist/compiled/react-dom/cjs/react-dom.development.js:24999:7)
    at Object.scheduleRefresh (webpack-internal:///(app-pages-browser)/./node_modules/.pnpm/next@14.2.21_react-dom@18.3.1_react@18.3.1__react@18.3.1/node_modules/next/dist/compiled/react-dom/cjs/react-dom.development.js:27285:5)
    at eval (webpack-internal:///(app-pages-browser)/./node_modules/.pnpm/next@14.2.21_react-dom@18.3.1_react@18.3.1__react@18.3.1/node_modules/next/dist/compiled/react-refresh/cjs/react-refresh-runtime.development.js:265:17)
    at Set.forEach (<anonymous>)
    at Object.performReactRefresh (webpack-internal:///(app-pages-browser)/./node_modules/.pnpm/next@14.2.21_react-dom@18.3.1_react@18.3.1__react@18.3.1/node_modules/next/dist/compiled/react-refresh/cjs/react-refresh-runtime.development.js:254:26)
    at applyUpdate (webpack-internal:///(app-pages-browser)/./node_modules/.pnpm/next@14.2.21_react-dom@18.3.1_react@18.3.1__react@18.3.1/node_modules/next/dist/compiled/@next/react-refresh-utils/dist/internal/helpers.js:139:31)
    at statusHandler (webpack-internal:///(app-pages-browser)/./node_modules/.pnpm/next@14.2.21_react-dom@18.3.1_react@18.3.1__react@18.3.1/node_modules/next/dist/compiled/@next/react-refresh-utils/dist/internal/helpers.js:156:13)
    at setStatus (http://localhost:3000/_next/static/chunks/webpack.js?v=1770615031567:508:55)
    at http://localhost:3000/_next/static/chunks/webpack.js?v=1770615031567:678:21
[ 1109844ms] ReferenceError: useEffect is not defined
    at DroppableColumn (webpack-internal:///(app-pages-browser)/./src/components/inmobiliaria/PipelineBoard.tsx:92:5)
    at renderWithHooks (webpack-internal:///(app-pages-browser)/./node_modules/.pnpm/next@14.2.21_react-dom@18.3.1_react@18.3.1__react@18.3.1/node_modules/next/dist/compiled/react-dom/cjs/react-dom.development.js:11121:18)
    at mountIndeterminateComponent (webpack-internal:///(app-pages-browser)/./node_modules/.pnpm/next@14.2.21_react-dom@18.3.1_react@18.3.1__react@18.3.1/node_modules/next/dist/compiled/react-dom/cjs/react-dom.development.js:16869:13)
    at beginWork$1 (webpack-internal:///(app-pages-browser)/./node_modules/.pnpm/next@14.2.21_react-dom@18.3.1_react@18.3.1__react@18.3.1/node_modules/next/dist/compiled/react-dom/cjs/react-dom.development.js:18458:16)
    at beginWork (webpack-internal:///(app-pages-browser)/./node_modules/.pnpm/next@14.2.21_react-dom@18.3.1_react@18.3.1__react@18.3.1/node_modules/next/dist/compiled/react-dom/cjs/react-dom.development.js:26927:14)
    at performUnitOfWork (webpack-internal:///(app-pages-browser)/./node_modules/.pnpm/next@14.2.21_react-dom@18.3.1_react@18.3.1__react@18.3.1/node_modules/next/dist/compiled/react-dom/cjs/react-dom.development.js:25748:12)
    at workLoopSync (webpack-internal:///(app-pages-browser)/./node_modules/.pnpm/next@14.2.21_react-dom@18.3.1_react@18.3.1__react@18.3.1/node_modules/next/dist/compiled/react-dom/cjs/react-dom.development.js:25464:5)
    at renderRootSync (webpack-internal:///(app-pages-browser)/./node_modules/.pnpm/next@14.2.21_react-dom@18.3.1_react@18.3.1__react@18.3.1/node_modules/next/dist/compiled/react-dom/cjs/react-dom.development.js:25419:7)
    at recoverFromConcurrentError (webpack-internal:///(app-pages-browser)/./node_modules/.pnpm/next@14.2.21_react-dom@18.3.1_react@18.3.1__react@18.3.1/node_modules/next/dist/compiled/react-dom/cjs/react-dom.development.js:24597:20)
    at performSyncWorkOnRoot (webpack-internal:///(app-pages-browser)/./node_modules/.pnpm/next@14.2.21_react-dom@18.3.1_react@18.3.1__react@18.3.1/node_modules/next/dist/compiled/react-dom/cjs/react-dom.development.js:24899:20)
    at flushSyncWorkAcrossRoots_impl (webpack-internal:///(app-pages-browser)/./node_modules/.pnpm/next@14.2.21_react-dom@18.3.1_react@18.3.1__react@18.3.1/node_modules/next/dist/compiled/react-dom/cjs/react-dom.development.js:7758:13)
    at flushSyncWorkOnAllRoots (webpack-internal:///(app-pages-browser)/./node_modules/.pnpm/next@14.2.21_react-dom@18.3.1_react@18.3.1__react@18.3.1/node_modules/next/dist/compiled/react-dom/cjs/react-dom.development.js:7718:3)
    at flushSync$1 (webpack-internal:///(app-pages-browser)/./node_modules/.pnpm/next@14.2.21_react-dom@18.3.1_react@18.3.1__react@18.3.1/node_modules/next/dist/compiled/react-dom/cjs/react-dom.development.js:24999:7)
    at Object.scheduleRefresh (webpack-internal:///(app-pages-browser)/./node_modules/.pnpm/next@14.2.21_react-dom@18.3.1_react@18.3.1__react@18.3.1/node_modules/next/dist/compiled/react-dom/cjs/react-dom.development.js:27285:5)
    at eval (webpack-internal:///(app-pages-browser)/./node_modules/.pnpm/next@14.2.21_react-dom@18.3.1_react@18.3.1__react@18.3.1/node_modules/next/dist/compiled/react-refresh/cjs/react-refresh-runtime.development.js:265:17)
    at Set.forEach (<anonymous>)
    at Object.performReactRefresh (webpack-internal:///(app-pages-browser)/./node_modules/.pnpm/next@14.2.21_react-dom@18.3.1_react@18.3.1__react@18.3.1/node_modules/next/dist/compiled/react-refresh/cjs/react-refresh-runtime.development.js:254:26)
    at applyUpdate (webpack-internal:///(app-pages-browser)/./node_modules/.pnpm/next@14.2.21_react-dom@18.3.1_react@18.3.1__react@18.3.1/node_modules/next/dist/compiled/@next/react-refresh-utils/dist/internal/helpers.js:139:31)
    at statusHandler (webpack-internal:///(app-pages-browser)/./node_modules/.pnpm/next@14.2.21_react-dom@18.3.1_react@18.3.1__react@18.3.1/node_modules/next/dist/compiled/@next/react-refresh-utils/dist/internal/helpers.js:156:13)
    at setStatus (http://localhost:3000/_next/static/chunks/webpack.js?v=1770615031567:508:55)
    at http://localhost:3000/_next/static/chunks/webpack.js?v=1770615031567:678:21
[ 1109845ms] ReferenceError: useEffect is not defined
    at DroppableColumn (webpack-internal:///(app-pages-browser)/./src/components/inmobiliaria/PipelineBoard.tsx:92:5)
    at renderWithHooks (webpack-internal:///(app-pages-browser)/./node_modules/.pnpm/next@14.2.21_react-dom@18.3.1_react@18.3.1__react@18.3.1/node_modules/next/dist/compiled/react-dom/cjs/react-dom.development.js:11121:18)
    at mountIndeterminateComponent (webpack-internal:///(app-pages-browser)/./node_modules/.pnpm/next@14.2.21_react-dom@18.3.1_react@18.3.1__react@18.3.1/node_modules/next/dist/compiled/react-dom/cjs/react-dom.development.js:16869:13)
    at beginWork$1 (webpack-internal:///(app-pages-browser)/./node_modules/.pnpm/next@14.2.21_react-dom@18.3.1_react@18.3.1__react@18.3.1/node_modules/next/dist/compiled/react-dom/cjs/react-dom.development.js:18458:16)
    at beginWork (webpack-internal:///(app-pages-browser)/./node_modules/.pnpm/next@14.2.21_react-dom@18.3.1_react@18.3.1__react@18.3.1/node_modules/next/dist/compiled/react-dom/cjs/react-dom.development.js:26927:14)
    at performUnitOfWork (webpack-internal:///(app-pages-browser)/./node_modules/.pnpm/next@14.2.21_react-dom@18.3.1_react@18.3.1__react@18.3.1/node_modules/next/dist/compiled/react-dom/cjs/react-dom.development.js:25748:12)
    at workLoopSync (webpack-internal:///(app-pages-browser)/./node_modules/.pnpm/next@14.2.21_react-dom@18.3.1_react@18.3.1__react@18.3.1/node_modules/next/dist/compiled/react-dom/cjs/react-dom.development.js:25464:5)
    at renderRootSync (webpack-internal:///(app-pages-browser)/./node_modules/.pnpm/next@14.2.21_react-dom@18.3.1_react@18.3.1__react@18.3.1/node_modules/next/dist/compiled/react-dom/cjs/react-dom.development.js:25419:7)
    at recoverFromConcurrentError (webpack-internal:///(app-pages-browser)/./node_modules/.pnpm/next@14.2.21_react-dom@18.3.1_react@18.3.1__react@18.3.1/node_modules/next/dist/compiled/react-dom/cjs/react-dom.development.js:24597:20)
    at performSyncWorkOnRoot (webpack-internal:///(app-pages-browser)/./node_modules/.pnpm/next@14.2.21_react-dom@18.3.1_react@18.3.1__react@18.3.1/node_modules/next/dist/compiled/react-dom/cjs/react-dom.development.js:24899:20)
    at flushSyncWorkAcrossRoots_impl (webpack-internal:///(app-pages-browser)/./node_modules/.pnpm/next@14.2.21_react-dom@18.3.1_react@18.3.1__react@18.3.1/node_modules/next/dist/compiled/react-dom/cjs/react-dom.development.js:7758:13)
    at flushSyncWorkOnAllRoots (webpack-internal:///(app-pages-browser)/./node_modules/.pnpm/next@14.2.21_react-dom@18.3.1_react@18.3.1__react@18.3.1/node_modules/next/dist/compiled/react-dom/cjs/react-dom.development.js:7718:3)
    at flushSync$1 (webpack-internal:///(app-pages-browser)/./node_modules/.pnpm/next@14.2.21_react-dom@18.3.1_react@18.3.1__react@18.3.1/node_modules/next/dist/compiled/react-dom/cjs/react-dom.development.js:24999:7)
    at Object.scheduleRefresh (webpack-internal:///(app-pages-browser)/./node_modules/.pnpm/next@14.2.21_react-dom@18.3.1_react@18.3.1__react@18.3.1/node_modules/next/dist/compiled/react-dom/cjs/react-dom.development.js:27285:5)
    at eval (webpack-internal:///(app-pages-browser)/./node_modules/.pnpm/next@14.2.21_react-dom@18.3.1_react@18.3.1__react@18.3.1/node_modules/next/dist/compiled/react-refresh/cjs/react-refresh-runtime.development.js:265:17)
    at Set.forEach (<anonymous>)
    at Object.performReactRefresh (webpack-internal:///(app-pages-browser)/./node_modules/.pnpm/next@14.2.21_react-dom@18.3.1_react@18.3.1__react@18.3.1/node_modules/next/dist/compiled/react-refresh/cjs/react-refresh-runtime.development.js:254:26)
    at applyUpdate (webpack-internal:///(app-pages-browser)/./node_modules/.pnpm/next@14.2.21_react-dom@18.3.1_react@18.3.1__react@18.3.1/node_modules/next/dist/compiled/@next/react-refresh-utils/dist/internal/helpers.js:139:31)
    at statusHandler (webpack-internal:///(app-pages-browser)/./node_modules/.pnpm/next@14.2.21_react-dom@18.3.1_react@18.3.1__react@18.3.1/node_modules/next/dist/compiled/@next/react-refresh-utils/dist/internal/helpers.js:156:13)
    at setStatus (http://localhost:3000/_next/static/chunks/webpack.js?v=1770615031567:508:55)
    at http://localhost:3000/_next/static/chunks/webpack.js?v=1770615031567:678:21
[ 1109845ms] ReferenceError: useEffect is not defined
    at DroppableColumn (webpack-internal:///(app-pages-browser)/./src/components/inmobiliaria/PipelineBoard.tsx:92:5)
    at renderWithHooks (webpack-internal:///(app-pages-browser)/./node_modules/.pnpm/next@14.2.21_react-dom@18.3.1_react@18.3.1__react@18.3.1/node_modules/next/dist/compiled/react-dom/cjs/react-dom.development.js:11121:18)
    at mountIndeterminateComponent (webpack-internal:///(app-pages-browser)/./node_modules/.pnpm/next@14.2.21_react-dom@18.3.1_react@18.3.1__react@18.3.1/node_modules/next/dist/compiled/react-dom/cjs/react-dom.development.js:16869:13)
    at beginWork$1 (webpack-internal:///(app-pages-browser)/./node_modules/.pnpm/next@14.2.21_react-dom@18.3.1_react@18.3.1__react@18.3.1/node_modules/next/dist/compiled/react-dom/cjs/react-dom.development.js:18458:16)
    at beginWork (webpack-internal:///(app-pages-browser)/./node_modules/.pnpm/next@14.2.21_react-dom@18.3.1_react@18.3.1__react@18.3.1/node_modules/next/dist/compiled/react-dom/cjs/react-dom.development.js:26927:14)
    at performUnitOfWork (webpack-internal:///(app-pages-browser)/./node_modules/.pnpm/next@14.2.21_react-dom@18.3.1_react@18.3.1__react@18.3.1/node_modules/next/dist/compiled/react-dom/cjs/react-dom.development.js:25748:12)
    at workLoopSync (webpack-internal:///(app-pages-browser)/./node_modules/.pnpm/next@14.2.21_react-dom@18.3.1_react@18.3.1__react@18.3.1/node_modules/next/dist/compiled/react-dom/cjs/react-dom.development.js:25464:5)
    at renderRootSync (webpack-internal:///(app-pages-browser)/./node_modules/.pnpm/next@14.2.21_react-dom@18.3.1_react@18.3.1__react@18.3.1/node_modules/next/dist/compiled/react-dom/cjs/react-dom.development.js:25419:7)
    at recoverFromConcurrentError (webpack-internal:///(app-pages-browser)/./node_modules/.pnpm/next@14.2.21_react-dom@18.3.1_react@18.3.1__react@18.3.1/node_modules/next/dist/compiled/react-dom/cjs/react-dom.development.js:24597:20)
    at performSyncWorkOnRoot (webpack-internal:///(app-pages-browser)/./node_modules/.pnpm/next@14.2.21_react-dom@18.3.1_react@18.3.1__react@18.3.1/node_modules/next/dist/compiled/react-dom/cjs/react-dom.development.js:24899:20)
    at flushSyncWorkAcrossRoots_impl (webpack-internal:///(app-pages-browser)/./node_modules/.pnpm/next@14.2.21_react-dom@18.3.1_react@18.3.1__react@18.3.1/node_modules/next/dist/compiled/react-dom/cjs/react-dom.development.js:7758:13)
    at flushSyncWorkOnAllRoots (webpack-internal:///(app-pages-browser)/./node_modules/.pnpm/next@14.2.21_react-dom@18.3.1_react@18.3.1__react@18.3.1/node_modules/next/dist/compiled/react-dom/cjs/react-dom.development.js:7718:3)
    at flushSync$1 (webpack-internal:///(app-pages-browser)/./node_modules/.pnpm/next@14.2.21_react-dom@18.3.1_react@18.3.1__react@18.3.1/node_modules/next/dist/compiled/react-dom/cjs/react-dom.development.js:24999:7)
    at Object.scheduleRefresh (webpack-internal:///(app-pages-browser)/./node_modules/.pnpm/next@14.2.21_react-dom@18.3.1_react@18.3.1__react@18.3.1/node_modules/next/dist/compiled/react-dom/cjs/react-dom.development.js:27285:5)
    at eval (webpack-internal:///(app-pages-browser)/./node_modules/.pnpm/next@14.2.21_react-dom@18.3.1_react@18.3.1__react@18.3.1/node_modules/next/dist/compiled/react-refresh/cjs/react-refresh-runtime.development.js:265:17)
    at Set.forEach (<anonymous>)
    at Object.performReactRefresh (webpack-internal:///(app-pages-browser)/./node_modules/.pnpm/next@14.2.21_react-dom@18.3.1_react@18.3.1__react@18.3.1/node_modules/next/dist/compiled/react-refresh/cjs/react-refresh-runtime.development.js:254:26)
    at applyUpdate (webpack-internal:///(app-pages-browser)/./node_modules/.pnpm/next@14.2.21_react-dom@18.3.1_react@18.3.1__react@18.3.1/node_modules/next/dist/compiled/@next/react-refresh-utils/dist/internal/helpers.js:139:31)
    at statusHandler (webpack-internal:///(app-pages-browser)/./node_modules/.pnpm/next@14.2.21_react-dom@18.3.1_react@18.3.1__react@18.3.1/node_modules/next/dist/compiled/@next/react-refresh-utils/dist/internal/helpers.js:156:13)
    at setStatus (http://localhost:3000/_next/static/chunks/webpack.js?v=1770615031567:508:55)
    at http://localhost:3000/_next/static/chunks/webpack.js?v=1770615031567:678:21
[ 1109846ms] ReferenceError: useEffect is not defined
    at DroppableColumn (webpack-internal:///(app-pages-browser)/./src/components/inmobiliaria/PipelineBoard.tsx:92:5)
    at renderWithHooks (webpack-internal:///(app-pages-browser)/./node_modules/.pnpm/next@14.2.21_react-dom@18.3.1_react@18.3.1__react@18.3.1/node_modules/next/dist/compiled/react-dom/cjs/react-dom.development.js:11121:18)
    at mountIndeterminateComponent (webpack-internal:///(app-pages-browser)/./node_modules/.pnpm/next@14.2.21_react-dom@18.3.1_react@18.3.1__react@18.3.1/node_modules/next/dist/compiled/react-dom/cjs/react-dom.development.js:16869:13)
    at beginWork$1 (webpack-internal:///(app-pages-browser)/./node_modules/.pnpm/next@14.2.21_react-dom@18.3.1_react@18.3.1__react@18.3.1/node_modules/next/dist/compiled/react-dom/cjs/react-dom.development.js:18458:16)
    at beginWork (webpack-internal:///(app-pages-browser)/./node_modules/.pnpm/next@14.2.21_react-dom@18.3.1_react@18.3.1__react@18.3.1/node_modules/next/dist/compiled/react-dom/cjs/react-dom.development.js:26927:14)
    at performUnitOfWork (webpack-internal:///(app-pages-browser)/./node_modules/.pnpm/next@14.2.21_react-dom@18.3.1_react@18.3.1__react@18.3.1/node_modules/next/dist/compiled/react-dom/cjs/react-dom.development.js:25748:12)
    at workLoopSync (webpack-internal:///(app-pages-browser)/./node_modules/.pnpm/next@14.2.21_react-dom@18.3.1_react@18.3.1__react@18.3.1/node_modules/next/dist/compiled/react-dom/cjs/react-dom.development.js:25464:5)
    at renderRootSync (webpack-internal:///(app-pages-browser)/./node_modules/.pnpm/next@14.2.21_react-dom@18.3.1_react@18.3.1__react@18.3.1/node_modules/next/dist/compiled/react-dom/cjs/react-dom.development.js:25419:7)
    at recoverFromConcurrentError (webpack-internal:///(app-pages-browser)/./node_modules/.pnpm/next@14.2.21_react-dom@18.3.1_react@18.3.1__react@18.3.1/node_modules/next/dist/compiled/react-dom/cjs/react-dom.development.js:24597:20)
    at performSyncWorkOnRoot (webpack-internal:///(app-pages-browser)/./node_modules/.pnpm/next@14.2.21_react-dom@18.3.1_react@18.3.1__react@18.3.1/node_modules/next/dist/compiled/react-dom/cjs/react-dom.development.js:24899:20)
    at flushSyncWorkAcrossRoots_impl (webpack-internal:///(app-pages-browser)/./node_modules/.pnpm/next@14.2.21_react-dom@18.3.1_react@18.3.1__react@18.3.1/node_modules/next/dist/compiled/react-dom/cjs/react-dom.development.js:7758:13)
    at flushSyncWorkOnAllRoots (webpack-internal:///(app-pages-browser)/./node_modules/.pnpm/next@14.2.21_react-dom@18.3.1_react@18.3.1__react@18.3.1/node_modules/next/dist/compiled/react-dom/cjs/react-dom.development.js:7718:3)
    at flushSync$1 (webpack-internal:///(app-pages-browser)/./node_modules/.pnpm/next@14.2.21_react-dom@18.3.1_react@18.3.1__react@18.3.1/node_modules/next/dist/compiled/react-dom/cjs/react-dom.development.js:24999:7)
    at Object.scheduleRefresh (webpack-internal:///(app-pages-browser)/./node_modules/.pnpm/next@14.2.21_react-dom@18.3.1_react@18.3.1__react@18.3.1/node_modules/next/dist/compiled/react-dom/cjs/react-dom.development.js:27285:5)
    at eval (webpack-internal:///(app-pages-browser)/./node_modules/.pnpm/next@14.2.21_react-dom@18.3.1_react@18.3.1__react@18.3.1/node_modules/next/dist/compiled/react-refresh/cjs/react-refresh-runtime.development.js:265:17)
    at Set.forEach (<anonymous>)
    at Object.performReactRefresh (webpack-internal:///(app-pages-browser)/./node_modules/.pnpm/next@14.2.21_react-dom@18.3.1_react@18.3.1__react@18.3.1/node_modules/next/dist/compiled/react-refresh/cjs/react-refresh-runtime.development.js:254:26)
    at applyUpdate (webpack-internal:///(app-pages-browser)/./node_modules/.pnpm/next@14.2.21_react-dom@18.3.1_react@18.3.1__react@18.3.1/node_modules/next/dist/compiled/@next/react-refresh-utils/dist/internal/helpers.js:139:31)
    at statusHandler (webpack-internal:///(app-pages-browser)/./node_modules/.pnpm/next@14.2.21_react-dom@18.3.1_react@18.3.1__react@18.3.1/node_modules/next/dist/compiled/@next/react-refresh-utils/dist/internal/helpers.js:156:13)
    at setStatus (http://localhost:3000/_next/static/chunks/webpack.js?v=1770615031567:508:55)
    at http://localhost:3000/_next/static/chunks/webpack.js?v=1770615031567:678:21
[ 1109846ms] [ERROR] The above error occurred in the <NotFoundErrorBoundary> component:

    at DroppableColumn (webpack-internal:///(app-pages-browser)/./src/components/inmobiliaria/PipelineBoard.tsx:74:11)
    at div
    at div
    at DndContext (webpack-internal:///(app-pages-browser)/./node_modules/.pnpm/@dnd-kit+core@6.3.1_react-dom@18.3.1_react@18.3.1__react@18.3.1/node_modules/@dnd-kit/core/dist/core.esm.js:2898:5)
    at PipelineBoard (webpack-internal:///(app-pages-browser)/./src/components/inmobiliaria/PipelineBoard.tsx:551:11)
    at div
    at MotionDOMComponent (webpack-internal:///(app-pages-browser)/./node_modules/.pnpm/framer-motion@12.27.1_react-dom@18.3.1_react@18.3.1__react@18.3.1/node_modules/framer-motion/dist/es/motion/index.mjs:67:65)
    at div
    at PipelinePage (webpack-internal:///(app-pages-browser)/./src/app/panel/inmobiliaria/pipeline/page.tsx:28:78)
    at ClientPageRoot (webpack-internal:///(app-pages-browser)/./node_modules/.pnpm/next@14.2.21_react-dom@18.3.1_react@18.3.1__react@18.3.1/node_modules/next/dist/client/components/client-page.js:14:11)
    at InnerLayoutRouter (webpack-internal:///(app-pages-browser)/./node_modules/.pnpm/next@14.2.21_react-dom@18.3.1_react@18.3.1__react@18.3.1/node_modules/next/dist/client/components/layout-router.js:243:11)
    at RedirectErrorBoundary (webpack-internal:///(app-pages-browser)/./node_modules/.pnpm/next@14.2.21_react-dom@18.3.1_react@18.3.1__react@18.3.1/node_modules/next/dist/client/components/redirect-boundary.js:74:9)
    at RedirectBoundary (webpack-internal:///(app-pages-browser)/./node_modules/.pnpm/next@14.2.21_react-dom@18.3.1_react@18.3.1__react@18.3.1/node_modules/next/dist/client/components/redirect-boundary.js:82:11)
    at NotFoundBoundary (webpack-internal:///(app-pages-browser)/./node_modules/.pnpm/next@14.2.21_react-dom@18.3.1_react@18.3.1__react@18.3.1/node_modules/next/dist/client/components/not-found-boundary.js:84:11)
    at LoadingBoundary (webpack-internal:///(app-pages-browser)/./node_modules/.pnpm/next@14.2.21_react-dom@18.3.1_react@18.3.1__react@18.3.1/node_modules/next/dist/client/components/layout-router.js:349:11)
    at ErrorBoundary (webpack-internal:///(app-pages-browser)/./node_modules/.pnpm/next@14.2.21_react-dom@18.3.1_react@18.3.1__react@18.3.1/node_modules/next/dist/client/components/error-boundary.js:160:11)
    at InnerScrollAndFocusHandler (webpack-internal:///(app-pages-browser)/./node_modules/.pnpm/next@14.2.21_react-dom@18.3.1_react@18.3.1__react@18.3.1/node_modules/next/dist/client/components/layout-router.js:153:9)
    at ScrollAndFocusHandler (webpack-internal:///(app-pages-browser)/./node_modules/.pnpm/next@14.2.21_react-dom@18.3.1_react@18.3.1__react@18.3.1/node_modules/next/dist/client/components/layout-router.js:228:11)
    at RenderFromTemplateContext (webpack-internal:///(app-pages-browser)/./node_modules/.pnpm/next@14.2.21_react-dom@18.3.1_react@18.3.1__react@18.3.1/node_modules/next/dist/client/components/render-from-template-context.js:16:44)
    at OuterLayoutRouter (webpack-internal:///(app-pages-browser)/./node_modules/.pnpm/next@14.2.21_react-dom@18.3.1_react@18.3.1__react@18.3.1/node_modules/next/dist/client/components/layout-router.js:370:11)
    at InnerLayoutRouter (webpack-internal:///(app-pages-browser)/./node_modules/.pnpm/next@14.2.21_react-dom@18.3.1_react@18.3.1__react@18.3.1/node_modules/next/dist/client/components/layout-router.js:243:11)
    at RedirectErrorBoundary (webpack-internal:///(app-pages-browser)/./node_modules/.pnpm/next@14.2.21_react-dom@18.3.1_react@18.3.1__react@18.3.1/node_modules/next/dist/client/components/redirect-boundary.js:74:9)
    at RedirectBoundary (webpack-internal:///(app-pages-browser)/./node_modules/.pnpm/next@14.2.21_react-dom@18.3.1_react@18.3.1__react@18.3.1/node_modules/next/dist/client/components/redirect-boundary.js:82:11)
    at NotFoundBoundary (webpack-internal:///(app-pages-browser)/./node_modules/.pnpm/next@14.2.21_react-dom@18.3.1_react@18.3.1__react@18.3.1/node_modules/next/dist/client/components/not-found-boundary.js:84:11)
    at LoadingBoundary (webpack-internal:///(app-pages-browser)/./node_modules/.pnpm/next@14.2.21_react-dom@18.3.1_react@18.3.1__react@18.3.1/node_modules/next/dist/client/components/layout-router.js:349:11)
    at ErrorBoundary (webpack-internal:///(app-pages-browser)/./node_modules/.pnpm/next@14.2.21_react-dom@18.3.1_react@18.3.1__react@18.3.1/node_modules/next/dist/client/components/error-boundary.js:160:11)
    at InnerScrollAndFocusHandler (webpack-internal:///(app-pages-browser)/./node_modules/.pnpm/next@14.2.21_react-dom@18.3.1_react@18.3.1__react@18.3.1/node_modules/next/dist/client/components/layout-router.js:153:9)
    at ScrollAndFocusHandler (webpack-internal:///(app-pages-browser)/./node_modules/.pnpm/next@14.2.21_react-dom@18.3.1_react@18.3.1__react@18.3.1/node_modules/next/dist/client/components/layout-router.js:228:11)
    at RenderFromTemplateContext (webpack-internal:///(app-pages-browser)/./node_modules/.pnpm/next@14.2.21_react-dom@18.3.1_react@18.3.1__react@18.3.1/node_modules/next/dist/client/components/render-from-template-context.js:16:44)
    at OuterLayoutRouter (webpack-internal:///(app-pages-browser)/./node_modules/.pnpm/next@14.2.21_react-dom@18.3.1_react@18.3.1__react@18.3.1/node_modules/next/dist/client/components/layout-router.js:370:11)
    at main
    at div
    at div
    at InmobiliariaLayoutInner (webpack-internal:///(app-pages-browser)/./src/app/panel/inmobiliaria/layout.tsx:111:11)
    at SidebarProvider (webpack-internal:///(app-pages-browser)/./src/lib/context/SidebarContext.tsx:14:11)
    at I18nProvider (webpack-internal:///(app-pages-browser)/./src/lib/i18n/i18n-context.tsx:48:11)
    at ProtectedRoute (webpack-internal:///(app-pages-browser)/./src/components/auth/ProtectedRoute.tsx:29:11)
    at InmobiliariaLayout (webpack-internal:///(app-pages-browser)/./src/app/panel/inmobiliaria/layout.tsx:184:11)
    at InnerLayoutRouter (webpack-internal:///(app-pages-browser)/./node_modules/.pnpm/next@14.2.21_react-dom@18.3.1_react@18.3.1__react@18.3.1/node_modules/next/dist/client/components/layout-router.js:243:11)
    at RedirectErrorBoundary (webpack-internal:///(app-pages-browser)/./node_modules/.pnpm/next@14.2.21_react-dom@18.3.1_react@18.3.1__react@18.3.1/node_modules/next/dist/client/components/redirect-boundary.js:74:9)
    at RedirectBoundary (webpack-internal:///(app-pages-browser)/./node_modules/.pnpm/next@14.2.21_react-dom@18.3.1_react@18.3.1__react@18.3.1/node_modules/next/dist/client/components/redirect-boundary.js:82:11)
    at NotFoundBoundary (webpack-internal:///(app-pages-browser)/./node_modules/.pnpm/next@14.2.21_react-dom@18.3.1_react@18.3.1__react@18.3.1/node_modules/next/dist/client/components/not-found-boundary.js:84:11)
    at LoadingBoundary (webpack-internal:///(app-pages-browser)/./node_modules/.pnpm/next@14.2.21_react-dom@18.3.1_react@18.3.1__react@18.3.1/node_modules/next/dist/client/components/layout-router.js:349:11)
    at ErrorBoundary (webpack-internal:///(app-pages-browser)/./node_modules/.pnpm/next@14.2.21_react-dom@18.3.1_react@18.3.1__react@18.3.1/node_modules/next/dist/client/components/error-boundary.js:160:11)
    at InnerScrollAndFocusHandler (webpack-internal:///(app-pages-browser)/./node_modules/.pnpm/next@14.2.21_react-dom@18.3.1_react@18.3.1__react@18.3.1/node_modules/next/dist/client/components/layout-router.js:153:9)
    at ScrollAndFocusHandler (webpack-internal:///(app-pages-browser)/./node_modules/.pnpm/next@14.2.21_react-dom@18.3.1_react@18.3.1__react@18.3.1/node_modules/next/dist/client/components/layout-router.js:228:11)
    at RenderFromTemplateContext (webpack-internal:///(app-pages-browser)/./node_modules/.pnpm/next@14.2.21_react-dom@18.3.1_react@18.3.1__react@18.3.1/node_modules/next/dist/client/components/render-from-template-context.js:16:44)
    at OuterLayoutRouter (webpack-internal:///(app-pages-browser)/./node_modules/.pnpm/next@14.2.21_react-dom@18.3.1_react@18.3.1__react@18.3.1/node_modules/next/dist/client/components/layout-router.js:370:11)
    at InnerLayoutRouter (webpack-internal:///(app-pages-browser)/./node_modules/.pnpm/next@14.2.21_react-dom@18.3.1_react@18.3.1__react@18.3.1/node_modules/next/dist/client/components/layout-router.js:243:11)
    at RedirectErrorBoundary (webpack-internal:///(app-pages-browser)/./node_modules/.pnpm/next@14.2.21_react-dom@18.3.1_react@18.3.1__react@18.3.1/node_modules/next/dist/client/components/redirect-boundary.js:74:9)
    at RedirectBoundary (webpack-internal:///(app-pages-browser)/./node_modules/.pnpm/next@14.2.21_react-dom@18.3.1_react@18.3.1__react@18.3.1/node_modules/next/dist/client/components/redirect-boundary.js:82:11)
    at NotFoundErrorBoundary (webpack-internal:///(app-pages-browser)/./node_modules/.pnpm/next@14.2.21_react-dom@18.3.1_react@18.3.1__react@18.3.1/node_modules/next/dist/client/components/not-found-boundary.js:76:9)
    at NotFoundBoundary (webpack-internal:///(app-pages-browser)/./node_modules/.pnpm/next@14.2.21_react-dom@18.3.1_react@18.3.1__react@18.3.1/node_modules/next/dist/client/components/not-found-boundary.js:84:11)
    at LoadingBoundary (webpack-internal:///(app-pages-browser)/./node_modules/.pnpm/next@14.2.21_react-dom@18.3.1_react@18.3.1__react@18.3.1/node_modules/next/dist/client/components/layout-router.js:349:11)
    at ErrorBoundary (webpack-internal:///(app-pages-browser)/./node_modules/.pnpm/next@14.2.21_react-dom@18.3.1_react@18.3.1__react@18.3.1/node_modules/next/dist/client/components/error-boundary.js:160:11)
    at InnerScrollAndFocusHandler (webpack-internal:///(app-pages-browser)/./node_modules/.pnpm/next@14.2.21_react-dom@18.3.1_react@18.3.1__react@18.3.1/node_modules/next/dist/client/components/layout-router.js:153:9)
    at ScrollAndFocusHandler (webpack-internal:///(app-pages-browser)/./node_modules/.pnpm/next@14.2.21_react-dom@18.3.1_react@18.3.1__react@18.3.1/node_modules/next/dist/client/components/layout-router.js:228:11)
    at RenderFromTemplateContext (webpack-internal:///(app-pages-browser)/./node_modules/.pnpm/next@14.2.21_react-dom@18.3.1_react@18.3.1__react@18.3.1/node_modules/next/dist/client/components/render-from-template-context.js:16:44)
    at div
    at MotionDOMComponent (webpack-internal:///(app-pages-browser)/./node_modules/.pnpm/framer-motion@12.27.1_react-dom@18.3.1_react@18.3.1__react@18.3.1/node_modules/framer-motion/dist/es/motion/index.mjs:67:65)
    at PageTransition (webpack-internal:///(app-pages-browser)/./src/components/providers/PageTransition.tsx:13:11)
    at Template (webpack-internal:///(app-pages-browser)/./src/app/template.tsx:13:11)
    at OuterLayoutRouter (webpack-internal:///(app-pages-browser)/./node_modules/.pnpm/next@14.2.21_react-dom@18.3.1_react@18.3.1__react@18.3.1/node_modules/next/dist/client/components/layout-router.js:370:11)
    at SmoothScroll (webpack-internal:///(app-pages-browser)/./src/components/providers/SmoothScroll.tsx:36:11)
    at WishlistProvider (webpack-internal:///(app-pages-browser)/./src/lib/stores/wishlist.tsx:17:11)
    at AuthProvider (webpack-internal:///(app-pages-browser)/./src/lib/auth/auth-context.tsx:28:11)
    at V (webpack-internal:///(app-pages-browser)/./node_modules/.pnpm/next-themes@0.4.6_react-dom@18.3.1_react@18.3.1__react@18.3.1/node_modules/next-themes/dist/index.mjs:54:24)
    at J (webpack-internal:///(app-pages-browser)/./node_modules/.pnpm/next-themes@0.4.6_react-dom@18.3.1_react@18.3.1__react@18.3.1/node_modules/next-themes/dist/index.mjs:47:47)
    at ThemeProvider (webpack-internal:///(app-pages-browser)/./src/components/providers/ThemeProvider.tsx:10:11)
    at body
    at html
    at RootLayout (Server)
    at RedirectErrorBoundary (webpack-internal:///(app-pages-browser)/./node_modules/.pnpm/next@14.2.21_react-dom@18.3.1_react@18.3.1__react@18.3.1/node_modules/next/dist/client/components/redirect-boundary.js:74:9)
    at RedirectBoundary (webpack-internal:///(app-pages-browser)/./node_modules/.pnpm/next@14.2.21_react-dom@18.3.1_react@18.3.1__react@18.3.1/node_modules/next/dist/client/components/redirect-boundary.js:82:11)
    at NotFoundErrorBoundary (webpack-internal:///(app-pages-browser)/./node_modules/.pnpm/next@14.2.21_react-dom@18.3.1_react@18.3.1__react@18.3.1/node_modules/next/dist/client/components/not-found-boundary.js:76:9)
    at NotFoundBoundary (webpack-internal:///(app-pages-browser)/./node_modules/.pnpm/next@14.2.21_react-dom@18.3.1_react@18.3.1__react@18.3.1/node_modules/next/dist/client/components/not-found-boundary.js:84:11)
    at DevRootNotFoundBoundary (webpack-internal:///(app-pages-browser)/./node_modules/.pnpm/next@14.2.21_react-dom@18.3.1_react@18.3.1__react@18.3.1/node_modules/next/dist/client/components/dev-root-not-found-boundary.js:33:11)
    at ReactDevOverlay (webpack-internal:///(app-pages-browser)/./node_modules/.pnpm/next@14.2.21_react-dom@18.3.1_react@18.3.1__react@18.3.1/node_modules/next/dist/client/components/react-dev-overlay/app/ReactDevOverlay.js:87:9)
    at HotReload (webpack-internal:///(app-pages-browser)/./node_modules/.pnpm/next@14.2.21_react-dom@18.3.1_react@18.3.1__react@18.3.1/node_modules/next/dist/client/components/react-dev-overlay/app/hot-reloader-client.js:321:11)
    at Router (webpack-internal:///(app-pages-browser)/./node_modules/.pnpm/next@14.2.21_react-dom@18.3.1_react@18.3.1__react@18.3.1/node_modules/next/dist/client/components/app-router.js:207:11)
    at ErrorBoundaryHandler (webpack-internal:///(app-pages-browser)/./node_modules/.pnpm/next@14.2.21_react-dom@18.3.1_react@18.3.1__react@18.3.1/node_modules/next/dist/client/components/error-boundary.js:113:9)
    at ErrorBoundary (webpack-internal:///(app-pages-browser)/./node_modules/.pnpm/next@14.2.21_react-dom@18.3.1_react@18.3.1__react@18.3.1/node_modules/next/dist/client/components/error-boundary.js:160:11)
    at AppRouter (webpack-internal:///(app-pages-browser)/./node_modules/.pnpm/next@14.2.21_react-dom@18.3.1_react@18.3.1__react@18.3.1/node_modules/next/dist/client/components/app-router.js:585:13)
    at ServerRoot (webpack-internal:///(app-pages-browser)/./node_modules/.pnpm/next@14.2.21_react-dom@18.3.1_react@18.3.1__react@18.3.1/node_modules/next/dist/client/app-index.js:112:27)
    at Root (webpack-internal:///(app-pages-browser)/./node_modules/.pnpm/next@14.2.21_react-dom@18.3.1_react@18.3.1__react@18.3.1/node_modules/next/dist/client/app-index.js:117:11)

React will try to recreate this component tree from scratch using the error boundary you provided, ReactDevOverlay. @ webpack-internal:///(app-pages-browser)/./node_modules/.pnpm/next@14.2.21_react-dom@18.3.1_react@18.3.1__react@18.3.1/node_modules/next/dist/client/app-index.js:32
[ 1109855ms] [WARNING] [Fast Refresh] performing full reload because your application had an unrecoverable error @ webpack-internal:///(app-pages-browser)/./node_modules/.pnpm/next@14.2.21_react-dom@18.3.1_react@18.3.1__react@18.3.1/node_modules/next/dist/client/components/react-dev-overlay/app/hot-reloader-client.js:114
[ 1115499ms] [ERROR] Warning: Cannot update a component (`%s`) while rendering a different component (`%s`). To locate the bad setState() call inside `%s`, follow the stack trace as described in https://reactjs.org/link/setstate-in-render%s HotReload DroppableColumn DroppableColumn 
    at DroppableColumn (webpack-internal:///(app-pages-browser)/./src/components/inmobiliaria/PipelineBoard.tsx:74:11)
    at div
    at div
    at DndContext (webpack-internal:///(app-pages-browser)/./node_modules/.pnpm/@dnd-kit+core@6.3.1_react-dom@18.3.1_react@18.3.1__react@18.3.1/node_modules/@dnd-kit/core/dist/core.esm.js:2898:5)
    at PipelineBoard (webpack-internal:///(app-pages-browser)/./src/components/inmobiliaria/PipelineBoard.tsx:551:11)
    at div
    at MotionDOMComponent (webpack-internal:///(app-pages-browser)/./node_modules/.pnpm/framer-motion@12.27.1_react-dom@18.3.1_react@18.3.1__react@18.3.1/node_modules/framer-motion/dist/es/motion/index.mjs:67:65)
    at div
    at PipelinePage (webpack-internal:///(app-pages-browser)/./src/app/panel/inmobiliaria/pipeline/page.tsx:28:78)
    at ClientPageRoot (webpack-internal:///(app-pages-browser)/./node_modules/.pnpm/next@14.2.21_react-dom@18.3.1_react@18.3.1__react@18.3.1/node_modules/next/dist/client/components/client-page.js:14:11)
    at InnerLayoutRouter (webpack-internal:///(app-pages-browser)/./node_modules/.pnpm/next@14.2.21_react-dom@18.3.1_react@18.3.1__react@18.3.1/node_modules/next/dist/client/components/layout-router.js:243:11)
    at RedirectErrorBoundary (webpack-internal:///(app-pages-browser)/./node_modules/.pnpm/next@14.2.21_react-dom@18.3.1_react@18.3.1__react@18.3.1/node_modules/next/dist/client/components/redirect-boundary.js:74:9)
    at RedirectBoundary (webpack-internal:///(app-pages-browser)/./node_modules/.pnpm/next@14.2.21_react-dom@18.3.1_react@18.3.1__react@18.3.1/node_modules/next/dist/client/components/redirect-boundary.js:82:11)
    at NotFoundBoundary (webpack-internal:///(app-pages-browser)/./node_modules/.pnpm/next@14.2.21_react-dom@18.3.1_react@18.3.1__react@18.3.1/node_modules/next/dist/client/components/not-found-boundary.js:84:11)
    at LoadingBoundary (webpack-internal:///(app-pages-browser)/./node_modules/.pnpm/next@14.2.21_react-dom@18.3.1_react@18.3.1__react@18.3.1/node_modules/next/dist/client/components/layout-router.js:349:11)
    at ErrorBoundary (webpack-internal:///(app-pages-browser)/./node_modules/.pnpm/next@14.2.21_react-dom@18.3.1_react@18.3.1__react@18.3.1/node_modules/next/dist/client/components/error-boundary.js:160:11)
    at InnerScrollAndFocusHandler (webpack-internal:///(app-pages-browser)/./node_modules/.pnpm/next@14.2.21_react-dom@18.3.1_react@18.3.1__react@18.3.1/node_modules/next/dist/client/components/layout-router.js:153:9)
    at ScrollAndFocusHandler (webpack-internal:///(app-pages-browser)/./node_modules/.pnpm/next@14.2.21_react-dom@18.3.1_react@18.3.1__react@18.3.1/node_modules/next/dist/client/components/layout-router.js:228:11)
    at RenderFromTemplateContext (webpack-internal:///(app-pages-browser)/./node_modules/.pnpm/next@14.2.21_react-dom@18.3.1_react@18.3.1__react@18.3.1/node_modules/next/dist/client/components/render-from-template-context.js:16:44)
    at OuterLayoutRouter (webpack-internal:///(app-pages-browser)/./node_modules/.pnpm/next@14.2.21_react-dom@18.3.1_react@18.3.1__react@18.3.1/node_modules/next/dist/client/components/layout-router.js:370:11)
    at InnerLayoutRouter (webpack-internal:///(app-pages-browser)/./node_modules/.pnpm/next@14.2.21_react-dom@18.3.1_react@18.3.1__react@18.3.1/node_modules/next/dist/client/components/layout-router.js:243:11)
    at RedirectErrorBoundary (webpack-internal:///(app-pages-browser)/./node_modules/.pnpm/next@14.2.21_react-dom@18.3.1_react@18.3.1__react@18.3.1/node_modules/next/dist/client/components/redirect-boundary.js:74:9)
    at RedirectBoundary (webpack-internal:///(app-pages-browser)/./node_modules/.pnpm/next@14.2.21_react-dom@18.3.1_react@18.3.1__react@18.3.1/node_modules/next/dist/client/components/redirect-boundary.js:82:11)
    at NotFoundBoundary (webpack-internal:///(app-pages-browser)/./node_modules/.pnpm/next@14.2.21_react-dom@18.3.1_react@18.3.1__react@18.3.1/node_modules/next/dist/client/components/not-found-boundary.js:84:11)
    at LoadingBoundary (webpack-internal:///(app-pages-browser)/./node_modules/.pnpm/next@14.2.21_react-dom@18.3.1_react@18.3.1__react@18.3.1/node_modules/next/dist/client/components/layout-router.js:349:11)
    at ErrorBoundary (webpack-internal:///(app-pages-browser)/./node_modules/.pnpm/next@14.2.21_react-dom@18.3.1_react@18.3.1__react@18.3.1/node_modules/next/dist/client/components/error-boundary.js:160:11)
    at InnerScrollAndFocusHandler (webpack-internal:///(app-pages-browser)/./node_modules/.pnpm/next@14.2.21_react-dom@18.3.1_react@18.3.1__react@18.3.1/node_modules/next/dist/client/components/layout-router.js:153:9)
    at ScrollAndFocusHandler (webpack-internal:///(app-pages-browser)/./node_modules/.pnpm/next@14.2.21_react-dom@18.3.1_react@18.3.1__react@18.3.1/node_modules/next/dist/client/components/layout-router.js:228:11)
    at RenderFromTemplateContext (webpack-internal:///(app-pages-browser)/./node_modules/.pnpm/next@14.2.21_react-dom@18.3.1_react@18.3.1__react@18.3.1/node_modules/next/dist/client/components/render-from-template-context.js:16:44)
    at OuterLayoutRouter (webpack-internal:///(app-pages-browser)/./node_modules/.pnpm/next@14.2.21_react-dom@18.3.1_react@18.3.1__react@18.3.1/node_modules/next/dist/client/components/layout-router.js:370:11)
    at main
    at div
    at div
    at InmobiliariaLayoutInner (webpack-internal:///(app-pages-browser)/./src/app/panel/inmobiliaria/layout.tsx:111:11)
    at SidebarProvider (webpack-internal:///(app-pages-browser)/./src/lib/context/SidebarContext.tsx:14:11)
    at I18nProvider (webpack-internal:///(app-pages-browser)/./src/lib/i18n/i18n-context.tsx:48:11)
    at ProtectedRoute (webpack-internal:///(app-pages-browser)/./src/components/auth/ProtectedRoute.tsx:29:11)
    at InmobiliariaLayout (webpack-internal:///(app-pages-browser)/./src/app/panel/inmobiliaria/layout.tsx:184:11)
    at InnerLayoutRouter (webpack-internal:///(app-pages-browser)/./node_modules/.pnpm/next@14.2.21_react-dom@18.3.1_react@18.3.1__react@18.3.1/node_modules/next/dist/client/components/layout-router.js:243:11)
    at RedirectErrorBoundary (webpack-internal:///(app-pages-browser)/./node_modules/.pnpm/next@14.2.21_react-dom@18.3.1_react@18.3.1__react@18.3.1/node_modules/next/dist/client/components/redirect-boundary.js:74:9)
    at RedirectBoundary (webpack-internal:///(app-pages-browser)/./node_modules/.pnpm/next@14.2.21_react-dom@18.3.1_react@18.3.1__react@18.3.1/node_modules/next/dist/client/components/redirect-boundary.js:82:11)
    at NotFoundBoundary (webpack-internal:///(app-pages-browser)/./node_modules/.pnpm/next@14.2.21_react-dom@18.3.1_react@18.3.1__react@18.3.1/node_modules/next/dist/client/components/not-found-boundary.js:84:11)
    at LoadingBoundary (webpack-internal:///(app-pages-browser)/./node_modules/.pnpm/next@14.2.21_react-dom@18.3.1_react@18.3.1__react@18.3.1/node_modules/next/dist/client/components/layout-router.js:349:11)
    at ErrorBoundary (webpack-internal:///(app-pages-browser)/./node_modules/.pnpm/next@14.2.21_react-dom@18.3.1_react@18.3.1__react@18.3.1/node_modules/next/dist/client/components/error-boundary.js:160:11)
    at InnerScrollAndFocusHandler (webpack-internal:///(app-pages-browser)/./node_modules/.pnpm/next@14.2.21_react-dom@18.3.1_react@18.3.1__react@18.3.1/node_modules/next/dist/client/components/layout-router.js:153:9)
    at ScrollAndFocusHandler (webpack-internal:///(app-pages-browser)/./node_modules/.pnpm/next@14.2.21_react-dom@18.3.1_react@18.3.1__react@18.3.1/node_modules/next/dist/client/components/layout-router.js:228:11)
    at RenderFromTemplateContext (webpack-internal:///(app-pages-browser)/./node_modules/.pnpm/next@14.2.21_react-dom@18.3.1_react@18.3.1__react@18.3.1/node_modules/next/dist/client/components/render-from-template-context.js:16:44)
    at OuterLayoutRouter (webpack-internal:///(app-pages-browser)/./node_modules/.pnpm/next@14.2.21_react-dom@18.3.1_react@18.3.1__react@18.3.1/node_modules/next/dist/client/components/layout-router.js:370:11)
    at InnerLayoutRouter (webpack-internal:///(app-pages-browser)/./node_modules/.pnpm/next@14.2.21_react-dom@18.3.1_react@18.3.1__react@18.3.1/node_modules/next/dist/client/components/layout-router.js:243:11)
    at RedirectErrorBoundary (webpack-internal:///(app-pages-browser)/./node_modules/.pnpm/next@14.2.21_react-dom@18.3.1_react@18.3.1__react@18.3.1/node_modules/next/dist/client/components/redirect-boundary.js:74:9)
    at RedirectBoundary (webpack-internal:///(app-pages-browser)/./node_modules/.pnpm/next@14.2.21_react-dom@18.3.1_react@18.3.1__react@18.3.1/node_modules/next/dist/client/components/redirect-boundary.js:82:11)
    at NotFoundErrorBoundary (webpack-internal:///(app-pages-browser)/./node_modules/.pnpm/next@14.2.21_react-dom@18.3.1_react@18.3.1__react@18.3.1/node_modules/next/dist/client/components/not-found-boundary.js:76:9)
    at NotFoundBoundary (webpack-internal:///(app-pages-browser)/./node_modules/.pnpm/next@14.2.21_react-dom@18.3.1_react@18.3.1__react@18.3.1/node_modules/next/dist/client/components/not-found-boundary.js:84:11)
    at LoadingBoundary (webpack-internal:///(app-pages-browser)/./node_modules/.pnpm/next@14.2.21_react-dom@18.3.1_react@18.3.1__react@18.3.1/node_modules/next/dist/client/components/layout-router.js:349:11)
    at ErrorBoundary (webpack-internal:///(app-pages-browser)/./node_modules/.pnpm/next@14.2.21_react-dom@18.3.1_react@18.3.1__react@18.3.1/node_modules/next/dist/client/components/error-boundary.js:160:11)
    at InnerScrollAndFocusHandler (webpack-internal:///(app-pages-browser)/./node_modules/.pnpm/next@14.2.21_react-dom@18.3.1_react@18.3.1__react@18.3.1/node_modules/next/dist/client/components/layout-router.js:153:9)
    at ScrollAndFocusHandler (webpack-internal:///(app-pages-browser)/./node_modules/.pnpm/next@14.2.21_react-dom@18.3.1_react@18.3.1__react@18.3.1/node_modules/next/dist/client/components/layout-router.js:228:11)
    at RenderFromTemplateContext (webpack-internal:///(app-pages-browser)/./node_modules/.pnpm/next@14.2.21_react-dom@18.3.1_react@18.3.1__react@18.3.1/node_modules/next/dist/client/components/render-from-template-context.js:16:44)
    at div
    at MotionDOMComponent (webpack-internal:///(app-pages-browser)/./node_modules/.pnpm/framer-motion@12.27.1_react-dom@18.3.1_react@18.3.1__react@18.3.1/node_modules/framer-motion/dist/es/motion/index.mjs:67:65)
    at PageTransition (webpack-internal:///(app-pages-browser)/./src/components/providers/PageTransition.tsx:13:11)
    at Template (webpack-internal:///(app-pages-browser)/./src/app/template.tsx:13:11)
    at OuterLayoutRouter (webpack-internal:///(app-pages-browser)/./node_modules/.pnpm/next@14.2.21_react-dom@18.3.1_react@18.3.1__react@18.3.1/node_modules/next/dist/client/components/layout-router.js:370:11)
    at SmoothScroll (webpack-internal:///(app-pages-browser)/./src/components/providers/SmoothScroll.tsx:36:11)
    at WishlistProvider (webpack-internal:///(app-pages-browser)/./src/lib/stores/wishlist.tsx:17:11)
    at AuthProvider (webpack-internal:///(app-pages-browser)/./src/lib/auth/auth-context.tsx:28:11)
    at V (webpack-internal:///(app-pages-browser)/./node_modules/.pnpm/next-themes@0.4.6_react-dom@18.3.1_react@18.3.1__react@18.3.1/node_modules/next-themes/dist/index.mjs:54:24)
    at J (webpack-internal:///(app-pages-browser)/./node_modules/.pnpm/next-themes@0.4.6_react-dom@18.3.1_react@18.3.1__react@18.3.1/node_modules/next-themes/dist/index.mjs:47:47)
    at ThemeProvider (webpack-internal:///(app-pages-browser)/./src/components/providers/ThemeProvider.tsx:10:11)
    at body
    at html
    at RootLayout (Server)
    at RedirectErrorBoundary (webpack-internal:///(app-pages-browser)/./node_modules/.pnpm/next@14.2.21_react-dom@18.3.1_react@18.3.1__react@18.3.1/node_modules/next/dist/client/components/redirect-boundary.js:74:9)
    at RedirectBoundary (webpack-internal:///(app-pages-browser)/./node_modules/.pnpm/next@14.2.21_react-dom@18.3.1_react@18.3.1__react@18.3.1/node_modules/next/dist/client/components/redirect-boundary.js:82:11)
    at NotFoundErrorBoundary (webpack-internal:///(app-pages-browser)/./node_modules/.pnpm/next@14.2.21_react-dom@18.3.1_react@18.3.1__react@18.3.1/node_modules/next/dist/client/components/not-found-boundary.js:76:9)
    at NotFoundBoundary (webpack-internal:///(app-pages-browser)/./node_modules/.pnpm/next@14.2.21_react-dom@18.3.1_react@18.3.1__react@18.3.1/node_modules/next/dist/client/components/not-found-boundary.js:84:11)
    at DevRootNotFoundBoundary (webpack-internal:///(app-pages-browser)/./node_modules/.pnpm/next@14.2.21_react-dom@18.3.1_react@18.3.1__react@18.3.1/node_modules/next/dist/client/components/dev-root-not-found-boundary.js:33:11)
    at ReactDevOverlay (webpack-internal:///(app-pages-browser)/./node_modules/.pnpm/next@14.2.21_react-dom@18.3.1_react@18.3.1__react@18.3.1/node_modules/next/dist/client/components/react-dev-overlay/app/ReactDevOverlay.js:87:9)
    at HotReload (webpack-internal:///(app-pages-browser)/./node_modules/.pnpm/next@14.2.21_react-dom@18.3.1_react@18.3.1__react@18.3.1/node_modules/next/dist/client/components/react-dev-overlay/app/hot-reloader-client.js:321:11)
    at Router (webpack-internal:///(app-pages-browser)/./node_modules/.pnpm/next@14.2.21_react-dom@18.3.1_react@18.3.1__react@18.3.1/node_modules/next/dist/client/components/app-router.js:207:11)
    at ErrorBoundaryHandler (webpack-internal:///(app-pages-browser)/./node_modules/.pnpm/next@14.2.21_react-dom@18.3.1_react@18.3.1__react@18.3.1/node_modules/next/dist/client/components/error-boundary.js:113:9)
    at ErrorBoundary (webpack-internal:///(app-pages-browser)/./node_modules/.pnpm/next@14.2.21_react-dom@18.3.1_react@18.3.1__react@18.3.1/node_modules/next/dist/client/components/error-boundary.js:160:11)
    at AppRouter (webpack-internal:///(app-pages-browser)/./node_modules/.pnpm/next@14.2.21_react-dom@18.3.1_react@18.3.1__react@18.3.1/node_modules/next/dist/client/components/app-router.js:585:13)
    at ServerRoot (webpack-internal:///(app-pages-browser)/./node_modules/.pnpm/next@14.2.21_react-dom@18.3.1_react@18.3.1__react@18.3.1/node_modules/next/dist/client/app-index.js:112:27)
    at Root (webpack-internal:///(app-pages-browser)/./node_modules/.pnpm/next@14.2.21_react-dom@18.3.1_react@18.3.1__react@18.3.1/node_modules/next/dist/client/app-index.js:117:11) @ webpack-internal:///(app-pages-browser)/./node_modules/.pnpm/next@14.2.21_react-dom@18.3.1_react@18.3.1__react@18.3.1/node_modules/next/dist/client/app-index.js:32
[ 1115501ms] ReferenceError: useEffect is not defined
    at DroppableColumn (webpack-internal:///(app-pages-browser)/./src/components/inmobiliaria/PipelineBoard.tsx:92:5)
    at renderWithHooks (webpack-internal:///(app-pages-browser)/./node_modules/.pnpm/next@14.2.21_react-dom@18.3.1_react@18.3.1__react@18.3.1/node_modules/next/dist/compiled/react-dom/cjs/react-dom.development.js:11121:18)
    at mountIndeterminateComponent (webpack-internal:///(app-pages-browser)/./node_modules/.pnpm/next@14.2.21_react-dom@18.3.1_react@18.3.1__react@18.3.1/node_modules/next/dist/compiled/react-dom/cjs/react-dom.development.js:16869:13)
    at beginWork$1 (webpack-internal:///(app-pages-browser)/./node_modules/.pnpm/next@14.2.21_react-dom@18.3.1_react@18.3.1__react@18.3.1/node_modules/next/dist/compiled/react-dom/cjs/react-dom.development.js:18458:16)
    at HTMLUnknownElement.callCallback (webpack-internal:///(app-pages-browser)/./node_modules/.pnpm/next@14.2.21_react-dom@18.3.1_react@18.3.1__react@18.3.1/node_modules/next/dist/compiled/react-dom/cjs/react-dom.development.js:20565:14)
    at Object.invokeGuardedCallbackImpl (webpack-internal:///(app-pages-browser)/./node_modules/.pnpm/next@14.2.21_react-dom@18.3.1_react@18.3.1__react@18.3.1/node_modules/next/dist/compiled/react-dom/cjs/react-dom.development.js:20614:16)
    at invokeGuardedCallback (webpack-internal:///(app-pages-browser)/./node_modules/.pnpm/next@14.2.21_react-dom@18.3.1_react@18.3.1__react@18.3.1/node_modules/next/dist/compiled/react-dom/cjs/react-dom.development.js:20689:29)
    at beginWork (webpack-internal:///(app-pages-browser)/./node_modules/.pnpm/next@14.2.21_react-dom@18.3.1_react@18.3.1__react@18.3.1/node_modules/next/dist/compiled/react-dom/cjs/react-dom.development.js:26949:7)
    at performUnitOfWork (webpack-internal:///(app-pages-browser)/./node_modules/.pnpm/next@14.2.21_react-dom@18.3.1_react@18.3.1__react@18.3.1/node_modules/next/dist/compiled/react-dom/cjs/react-dom.development.js:25748:12)
    at workLoopSync (webpack-internal:///(app-pages-browser)/./node_modules/.pnpm/next@14.2.21_react-dom@18.3.1_react@18.3.1__react@18.3.1/node_modules/next/dist/compiled/react-dom/cjs/react-dom.development.js:25464:5)
    at renderRootSync (webpack-internal:///(app-pages-browser)/./node_modules/.pnpm/next@14.2.21_react-dom@18.3.1_react@18.3.1__react@18.3.1/node_modules/next/dist/compiled/react-dom/cjs/react-dom.development.js:25419:7)
    at performConcurrentWorkOnRoot (webpack-internal:///(app-pages-browser)/./node_modules/.pnpm/next@14.2.21_react-dom@18.3.1_react@18.3.1__react@18.3.1/node_modules/next/dist/compiled/react-dom/cjs/react-dom.development.js:24504:74)
    at workLoop (webpack-internal:///(app-pages-browser)/./node_modules/.pnpm/next@14.2.21_react-dom@18.3.1_react@18.3.1__react@18.3.1/node_modules/next/dist/compiled/scheduler/cjs/scheduler.development.js:256:34)
    at flushWork (webpack-internal:///(app-pages-browser)/./node_modules/.pnpm/next@14.2.21_react-dom@18.3.1_react@18.3.1__react@18.3.1/node_modules/next/dist/compiled/scheduler/cjs/scheduler.development.js:225:14)
    at MessagePort.performWorkUntilDeadline (webpack-internal:///(app-pages-browser)/./node_modules/.pnpm/next@14.2.21_react-dom@18.3.1_react@18.3.1__react@18.3.1/node_modules/next/dist/compiled/scheduler/cjs/scheduler.development.js:534:21)
[ 1115502ms] ReferenceError: useEffect is not defined
    at DroppableColumn (webpack-internal:///(app-pages-browser)/./src/components/inmobiliaria/PipelineBoard.tsx:92:5)
    at renderWithHooks (webpack-internal:///(app-pages-browser)/./node_modules/.pnpm/next@14.2.21_react-dom@18.3.1_react@18.3.1__react@18.3.1/node_modules/next/dist/compiled/react-dom/cjs/react-dom.development.js:11121:18)
    at mountIndeterminateComponent (webpack-internal:///(app-pages-browser)/./node_modules/.pnpm/next@14.2.21_react-dom@18.3.1_react@18.3.1__react@18.3.1/node_modules/next/dist/compiled/react-dom/cjs/react-dom.development.js:16869:13)
    at beginWork$1 (webpack-internal:///(app-pages-browser)/./node_modules/.pnpm/next@14.2.21_react-dom@18.3.1_react@18.3.1__react@18.3.1/node_modules/next/dist/compiled/react-dom/cjs/react-dom.development.js:18458:16)
    at beginWork (webpack-internal:///(app-pages-browser)/./node_modules/.pnpm/next@14.2.21_react-dom@18.3.1_react@18.3.1__react@18.3.1/node_modules/next/dist/compiled/react-dom/cjs/react-dom.development.js:26927:14)
    at performUnitOfWork (webpack-internal:///(app-pages-browser)/./node_modules/.pnpm/next@14.2.21_react-dom@18.3.1_react@18.3.1__react@18.3.1/node_modules/next/dist/compiled/react-dom/cjs/react-dom.development.js:25748:12)
    at workLoopSync (webpack-internal:///(app-pages-browser)/./node_modules/.pnpm/next@14.2.21_react-dom@18.3.1_react@18.3.1__react@18.3.1/node_modules/next/dist/compiled/react-dom/cjs/react-dom.development.js:25464:5)
    at renderRootSync (webpack-internal:///(app-pages-browser)/./node_modules/.pnpm/next@14.2.21_react-dom@18.3.1_react@18.3.1__react@18.3.1/node_modules/next/dist/compiled/react-dom/cjs/react-dom.development.js:25419:7)
    at performConcurrentWorkOnRoot (webpack-internal:///(app-pages-browser)/./node_modules/.pnpm/next@14.2.21_react-dom@18.3.1_react@18.3.1__react@18.3.1/node_modules/next/dist/compiled/react-dom/cjs/react-dom.development.js:24504:74)
    at workLoop (webpack-internal:///(app-pages-browser)/./node_modules/.pnpm/next@14.2.21_react-dom@18.3.1_react@18.3.1__react@18.3.1/node_modules/next/dist/compiled/scheduler/cjs/scheduler.development.js:256:34)
    at flushWork (webpack-internal:///(app-pages-browser)/./node_modules/.pnpm/next@14.2.21_react-dom@18.3.1_react@18.3.1__react@18.3.1/node_modules/next/dist/compiled/scheduler/cjs/scheduler.development.js:225:14)
    at MessagePort.performWorkUntilDeadline (webpack-internal:///(app-pages-browser)/./node_modules/.pnpm/next@14.2.21_react-dom@18.3.1_react@18.3.1__react@18.3.1/node_modules/next/dist/compiled/scheduler/cjs/scheduler.development.js:534:21)
[ 1115503ms] ReferenceError: useEffect is not defined
    at DroppableColumn (webpack-internal:///(app-pages-browser)/./src/components/inmobiliaria/PipelineBoard.tsx:92:5)
    at renderWithHooks (webpack-internal:///(app-pages-browser)/./node_modules/.pnpm/next@14.2.21_react-dom@18.3.1_react@18.3.1__react@18.3.1/node_modules/next/dist/compiled/react-dom/cjs/react-dom.development.js:11121:18)
    at mountIndeterminateComponent (webpack-internal:///(app-pages-browser)/./node_modules/.pnpm/next@14.2.21_react-dom@18.3.1_react@18.3.1__react@18.3.1/node_modules/next/dist/compiled/react-dom/cjs/react-dom.development.js:16869:13)
    at beginWork$1 (webpack-internal:///(app-pages-browser)/./node_modules/.pnpm/next@14.2.21_react-dom@18.3.1_react@18.3.1__react@18.3.1/node_modules/next/dist/compiled/react-dom/cjs/react-dom.development.js:18458:16)
    at beginWork (webpack-internal:///(app-pages-browser)/./node_modules/.pnpm/next@14.2.21_react-dom@18.3.1_react@18.3.1__react@18.3.1/node_modules/next/dist/compiled/react-dom/cjs/react-dom.development.js:26927:14)
    at performUnitOfWork (webpack-internal:///(app-pages-browser)/./node_modules/.pnpm/next@14.2.21_react-dom@18.3.1_react@18.3.1__react@18.3.1/node_modules/next/dist/compiled/react-dom/cjs/react-dom.development.js:25748:12)
    at workLoopSync (webpack-internal:///(app-pages-browser)/./node_modules/.pnpm/next@14.2.21_react-dom@18.3.1_react@18.3.1__react@18.3.1/node_modules/next/dist/compiled/react-dom/cjs/react-dom.development.js:25464:5)
    at renderRootSync (webpack-internal:///(app-pages-browser)/./node_modules/.pnpm/next@14.2.21_react-dom@18.3.1_react@18.3.1__react@18.3.1/node_modules/next/dist/compiled/react-dom/cjs/react-dom.development.js:25419:7)
    at performConcurrentWorkOnRoot (webpack-internal:///(app-pages-browser)/./node_modules/.pnpm/next@14.2.21_react-dom@18.3.1_react@18.3.1__react@18.3.1/node_modules/next/dist/compiled/react-dom/cjs/react-dom.development.js:24504:74)
    at workLoop (webpack-internal:///(app-pages-browser)/./node_modules/.pnpm/next@14.2.21_react-dom@18.3.1_react@18.3.1__react@18.3.1/node_modules/next/dist/compiled/scheduler/cjs/scheduler.development.js:256:34)
    at flushWork (webpack-internal:///(app-pages-browser)/./node_modules/.pnpm/next@14.2.21_react-dom@18.3.1_react@18.3.1__react@18.3.1/node_modules/next/dist/compiled/scheduler/cjs/scheduler.development.js:225:14)
    at MessagePort.performWorkUntilDeadline (webpack-internal:///(app-pages-browser)/./node_modules/.pnpm/next@14.2.21_react-dom@18.3.1_react@18.3.1__react@18.3.1/node_modules/next/dist/compiled/scheduler/cjs/scheduler.development.js:534:21)
[ 1115503ms] ReferenceError: useEffect is not defined
    at DroppableColumn (webpack-internal:///(app-pages-browser)/./src/components/inmobiliaria/PipelineBoard.tsx:92:5)
    at renderWithHooks (webpack-internal:///(app-pages-browser)/./node_modules/.pnpm/next@14.2.21_react-dom@18.3.1_react@18.3.1__react@18.3.1/node_modules/next/dist/compiled/react-dom/cjs/react-dom.development.js:11121:18)
    at mountIndeterminateComponent (webpack-internal:///(app-pages-browser)/./node_modules/.pnpm/next@14.2.21_react-dom@18.3.1_react@18.3.1__react@18.3.1/node_modules/next/dist/compiled/react-dom/cjs/react-dom.development.js:16869:13)
    at beginWork$1 (webpack-internal:///(app-pages-browser)/./node_modules/.pnpm/next@14.2.21_react-dom@18.3.1_react@18.3.1__react@18.3.1/node_modules/next/dist/compiled/react-dom/cjs/react-dom.development.js:18458:16)
    at beginWork (webpack-internal:///(app-pages-browser)/./node_modules/.pnpm/next@14.2.21_react-dom@18.3.1_react@18.3.1__react@18.3.1/node_modules/next/dist/compiled/react-dom/cjs/react-dom.development.js:26927:14)
    at performUnitOfWork (webpack-internal:///(app-pages-browser)/./node_modules/.pnpm/next@14.2.21_react-dom@18.3.1_react@18.3.1__react@18.3.1/node_modules/next/dist/compiled/react-dom/cjs/react-dom.development.js:25748:12)
    at workLoopSync (webpack-internal:///(app-pages-browser)/./node_modules/.pnpm/next@14.2.21_react-dom@18.3.1_react@18.3.1__react@18.3.1/node_modules/next/dist/compiled/react-dom/cjs/react-dom.development.js:25464:5)
    at renderRootSync (webpack-internal:///(app-pages-browser)/./node_modules/.pnpm/next@14.2.21_react-dom@18.3.1_react@18.3.1__react@18.3.1/node_modules/next/dist/compiled/react-dom/cjs/react-dom.development.js:25419:7)
    at performConcurrentWorkOnRoot (webpack-internal:///(app-pages-browser)/./node_modules/.pnpm/next@14.2.21_react-dom@18.3.1_react@18.3.1__react@18.3.1/node_modules/next/dist/compiled/react-dom/cjs/react-dom.development.js:24504:74)
    at workLoop (webpack-internal:///(app-pages-browser)/./node_modules/.pnpm/next@14.2.21_react-dom@18.3.1_react@18.3.1__react@18.3.1/node_modules/next/dist/compiled/scheduler/cjs/scheduler.development.js:256:34)
    at flushWork (webpack-internal:///(app-pages-browser)/./node_modules/.pnpm/next@14.2.21_react-dom@18.3.1_react@18.3.1__react@18.3.1/node_modules/next/dist/compiled/scheduler/cjs/scheduler.development.js:225:14)
    at MessagePort.performWorkUntilDeadline (webpack-internal:///(app-pages-browser)/./node_modules/.pnpm/next@14.2.21_react-dom@18.3.1_react@18.3.1__react@18.3.1/node_modules/next/dist/compiled/scheduler/cjs/scheduler.development.js:534:21)
[ 1115505ms] ReferenceError: useEffect is not defined
    at DroppableColumn (webpack-internal:///(app-pages-browser)/./src/components/inmobiliaria/PipelineBoard.tsx:92:5)
    at renderWithHooks (webpack-internal:///(app-pages-browser)/./node_modules/.pnpm/next@14.2.21_react-dom@18.3.1_react@18.3.1__react@18.3.1/node_modules/next/dist/compiled/react-dom/cjs/react-dom.development.js:11121:18)
    at mountIndeterminateComponent (webpack-internal:///(app-pages-browser)/./node_modules/.pnpm/next@14.2.21_react-dom@18.3.1_react@18.3.1__react@18.3.1/node_modules/next/dist/compiled/react-dom/cjs/react-dom.development.js:16869:13)
    at beginWork$1 (webpack-internal:///(app-pages-browser)/./node_modules/.pnpm/next@14.2.21_react-dom@18.3.1_react@18.3.1__react@18.3.1/node_modules/next/dist/compiled/react-dom/cjs/react-dom.development.js:18458:16)
    at beginWork (webpack-internal:///(app-pages-browser)/./node_modules/.pnpm/next@14.2.21_react-dom@18.3.1_react@18.3.1__react@18.3.1/node_modules/next/dist/compiled/react-dom/cjs/react-dom.development.js:26927:14)
    at performUnitOfWork (webpack-internal:///(app-pages-browser)/./node_modules/.pnpm/next@14.2.21_react-dom@18.3.1_react@18.3.1__react@18.3.1/node_modules/next/dist/compiled/react-dom/cjs/react-dom.development.js:25748:12)
    at workLoopSync (webpack-internal:///(app-pages-browser)/./node_modules/.pnpm/next@14.2.21_react-dom@18.3.1_react@18.3.1__react@18.3.1/node_modules/next/dist/compiled/react-dom/cjs/react-dom.development.js:25464:5)
    at renderRootSync (webpack-internal:///(app-pages-browser)/./node_modules/.pnpm/next@14.2.21_react-dom@18.3.1_react@18.3.1__react@18.3.1/node_modules/next/dist/compiled/react-dom/cjs/react-dom.development.js:25419:7)
    at performConcurrentWorkOnRoot (webpack-internal:///(app-pages-browser)/./node_modules/.pnpm/next@14.2.21_react-dom@18.3.1_react@18.3.1__react@18.3.1/node_modules/next/dist/compiled/react-dom/cjs/react-dom.development.js:24504:74)
    at workLoop (webpack-internal:///(app-pages-browser)/./node_modules/.pnpm/next@14.2.21_react-dom@18.3.1_react@18.3.1__react@18.3.1/node_modules/next/dist/compiled/scheduler/cjs/scheduler.development.js:256:34)
    at flushWork (webpack-internal:///(app-pages-browser)/./node_modules/.pnpm/next@14.2.21_react-dom@18.3.1_react@18.3.1__react@18.3.1/node_modules/next/dist/compiled/scheduler/cjs/scheduler.development.js:225:14)
    at MessagePort.performWorkUntilDeadline (webpack-internal:///(app-pages-browser)/./node_modules/.pnpm/next@14.2.21_react-dom@18.3.1_react@18.3.1__react@18.3.1/node_modules/next/dist/compiled/scheduler/cjs/scheduler.development.js:534:21)
[ 1115505ms] ReferenceError: useEffect is not defined
    at DroppableColumn (webpack-internal:///(app-pages-browser)/./src/components/inmobiliaria/PipelineBoard.tsx:92:5)
    at renderWithHooks (webpack-internal:///(app-pages-browser)/./node_modules/.pnpm/next@14.2.21_react-dom@18.3.1_react@18.3.1__react@18.3.1/node_modules/next/dist/compiled/react-dom/cjs/react-dom.development.js:11121:18)
    at mountIndeterminateComponent (webpack-internal:///(app-pages-browser)/./node_modules/.pnpm/next@14.2.21_react-dom@18.3.1_react@18.3.1__react@18.3.1/node_modules/next/dist/compiled/react-dom/cjs/react-dom.development.js:16869:13)
    at beginWork$1 (webpack-internal:///(app-pages-browser)/./node_modules/.pnpm/next@14.2.21_react-dom@18.3.1_react@18.3.1__react@18.3.1/node_modules/next/dist/compiled/react-dom/cjs/react-dom.development.js:18458:16)
    at beginWork (webpack-internal:///(app-pages-browser)/./node_modules/.pnpm/next@14.2.21_react-dom@18.3.1_react@18.3.1__react@18.3.1/node_modules/next/dist/compiled/react-dom/cjs/react-dom.development.js:26927:14)
    at performUnitOfWork (webpack-internal:///(app-pages-browser)/./node_modules/.pnpm/next@14.2.21_react-dom@18.3.1_react@18.3.1__react@18.3.1/node_modules/next/dist/compiled/react-dom/cjs/react-dom.development.js:25748:12)
    at workLoopSync (webpack-internal:///(app-pages-browser)/./node_modules/.pnpm/next@14.2.21_react-dom@18.3.1_react@18.3.1__react@18.3.1/node_modules/next/dist/compiled/react-dom/cjs/react-dom.development.js:25464:5)
    at renderRootSync (webpack-internal:///(app-pages-browser)/./node_modules/.pnpm/next@14.2.21_react-dom@18.3.1_react@18.3.1__react@18.3.1/node_modules/next/dist/compiled/react-dom/cjs/react-dom.development.js:25419:7)
    at performConcurrentWorkOnRoot (webpack-internal:///(app-pages-browser)/./node_modules/.pnpm/next@14.2.21_react-dom@18.3.1_react@18.3.1__react@18.3.1/node_modules/next/dist/compiled/react-dom/cjs/react-dom.development.js:24504:74)
    at workLoop (webpack-internal:///(app-pages-browser)/./node_modules/.pnpm/next@14.2.21_react-dom@18.3.1_react@18.3.1__react@18.3.1/node_modules/next/dist/compiled/scheduler/cjs/scheduler.development.js:256:34)
    at flushWork (webpack-internal:///(app-pages-browser)/./node_modules/.pnpm/next@14.2.21_react-dom@18.3.1_react@18.3.1__react@18.3.1/node_modules/next/dist/compiled/scheduler/cjs/scheduler.development.js:225:14)
    at MessagePort.performWorkUntilDeadline (webpack-internal:///(app-pages-browser)/./node_modules/.pnpm/next@14.2.21_react-dom@18.3.1_react@18.3.1__react@18.3.1/node_modules/next/dist/compiled/scheduler/cjs/scheduler.development.js:534:21)
[ 1115506ms] ReferenceError: useEffect is not defined
    at DroppableColumn (webpack-internal:///(app-pages-browser)/./src/components/inmobiliaria/PipelineBoard.tsx:92:5)
    at renderWithHooks (webpack-internal:///(app-pages-browser)/./node_modules/.pnpm/next@14.2.21_react-dom@18.3.1_react@18.3.1__react@18.3.1/node_modules/next/dist/compiled/react-dom/cjs/react-dom.development.js:11121:18)
    at mountIndeterminateComponent (webpack-internal:///(app-pages-browser)/./node_modules/.pnpm/next@14.2.21_react-dom@18.3.1_react@18.3.1__react@18.3.1/node_modules/next/dist/compiled/react-dom/cjs/react-dom.development.js:16869:13)
    at beginWork$1 (webpack-internal:///(app-pages-browser)/./node_modules/.pnpm/next@14.2.21_react-dom@18.3.1_react@18.3.1__react@18.3.1/node_modules/next/dist/compiled/react-dom/cjs/react-dom.development.js:18458:16)
    at beginWork (webpack-internal:///(app-pages-browser)/./node_modules/.pnpm/next@14.2.21_react-dom@18.3.1_react@18.3.1__react@18.3.1/node_modules/next/dist/compiled/react-dom/cjs/react-dom.development.js:26927:14)
    at performUnitOfWork (webpack-internal:///(app-pages-browser)/./node_modules/.pnpm/next@14.2.21_react-dom@18.3.1_react@18.3.1__react@18.3.1/node_modules/next/dist/compiled/react-dom/cjs/react-dom.development.js:25748:12)
    at workLoopSync (webpack-internal:///(app-pages-browser)/./node_modules/.pnpm/next@14.2.21_react-dom@18.3.1_react@18.3.1__react@18.3.1/node_modules/next/dist/compiled/react-dom/cjs/react-dom.development.js:25464:5)
    at renderRootSync (webpack-internal:///(app-pages-browser)/./node_modules/.pnpm/next@14.2.21_react-dom@18.3.1_react@18.3.1__react@18.3.1/node_modules/next/dist/compiled/react-dom/cjs/react-dom.development.js:25419:7)
    at performConcurrentWorkOnRoot (webpack-internal:///(app-pages-browser)/./node_modules/.pnpm/next@14.2.21_react-dom@18.3.1_react@18.3.1__react@18.3.1/node_modules/next/dist/compiled/react-dom/cjs/react-dom.development.js:24504:74)
    at workLoop (webpack-internal:///(app-pages-browser)/./node_modules/.pnpm/next@14.2.21_react-dom@18.3.1_react@18.3.1__react@18.3.1/node_modules/next/dist/compiled/scheduler/cjs/scheduler.development.js:256:34)
    at flushWork (webpack-internal:///(app-pages-browser)/./node_modules/.pnpm/next@14.2.21_react-dom@18.3.1_react@18.3.1__react@18.3.1/node_modules/next/dist/compiled/scheduler/cjs/scheduler.development.js:225:14)
    at MessagePort.performWorkUntilDeadline (webpack-internal:///(app-pages-browser)/./node_modules/.pnpm/next@14.2.21_react-dom@18.3.1_react@18.3.1__react@18.3.1/node_modules/next/dist/compiled/scheduler/cjs/scheduler.development.js:534:21)
[ 1115506ms] ReferenceError: useEffect is not defined
    at DroppableColumn (webpack-internal:///(app-pages-browser)/./src/components/inmobiliaria/PipelineBoard.tsx:92:5)
    at renderWithHooks (webpack-internal:///(app-pages-browser)/./node_modules/.pnpm/next@14.2.21_react-dom@18.3.1_react@18.3.1__react@18.3.1/node_modules/next/dist/compiled/react-dom/cjs/react-dom.development.js:11121:18)
    at mountIndeterminateComponent (webpack-internal:///(app-pages-browser)/./node_modules/.pnpm/next@14.2.21_react-dom@18.3.1_react@18.3.1__react@18.3.1/node_modules/next/dist/compiled/react-dom/cjs/react-dom.development.js:16869:13)
    at beginWork$1 (webpack-internal:///(app-pages-browser)/./node_modules/.pnpm/next@14.2.21_react-dom@18.3.1_react@18.3.1__react@18.3.1/node_modules/next/dist/compiled/react-dom/cjs/react-dom.development.js:18458:16)
    at beginWork (webpack-internal:///(app-pages-browser)/./node_modules/.pnpm/next@14.2.21_react-dom@18.3.1_react@18.3.1__react@18.3.1/node_modules/next/dist/compiled/react-dom/cjs/react-dom.development.js:26927:14)
    at performUnitOfWork (webpack-internal:///(app-pages-browser)/./node_modules/.pnpm/next@14.2.21_react-dom@18.3.1_react@18.3.1__react@18.3.1/node_modules/next/dist/compiled/react-dom/cjs/react-dom.development.js:25748:12)
    at workLoopSync (webpack-internal:///(app-pages-browser)/./node_modules/.pnpm/next@14.2.21_react-dom@18.3.1_react@18.3.1__react@18.3.1/node_modules/next/dist/compiled/react-dom/cjs/react-dom.development.js:25464:5)
    at renderRootSync (webpack-internal:///(app-pages-browser)/./node_modules/.pnpm/next@14.2.21_react-dom@18.3.1_react@18.3.1__react@18.3.1/node_modules/next/dist/compiled/react-dom/cjs/react-dom.development.js:25419:7)
    at performConcurrentWorkOnRoot (webpack-internal:///(app-pages-browser)/./node_modules/.pnpm/next@14.2.21_react-dom@18.3.1_react@18.3.1__react@18.3.1/node_modules/next/dist/compiled/react-dom/cjs/react-dom.development.js:24504:74)
    at workLoop (webpack-internal:///(app-pages-browser)/./node_modules/.pnpm/next@14.2.21_react-dom@18.3.1_react@18.3.1__react@18.3.1/node_modules/next/dist/compiled/scheduler/cjs/scheduler.development.js:256:34)
    at flushWork (webpack-internal:///(app-pages-browser)/./node_modules/.pnpm/next@14.2.21_react-dom@18.3.1_react@18.3.1__react@18.3.1/node_modules/next/dist/compiled/scheduler/cjs/scheduler.development.js:225:14)
    at MessagePort.performWorkUntilDeadline (webpack-internal:///(app-pages-browser)/./node_modules/.pnpm/next@14.2.21_react-dom@18.3.1_react@18.3.1__react@18.3.1/node_modules/next/dist/compiled/scheduler/cjs/scheduler.development.js:534:21)
[ 1115507ms] ReferenceError: useEffect is not defined
    at DroppableColumn (webpack-internal:///(app-pages-browser)/./src/components/inmobiliaria/PipelineBoard.tsx:92:5)
    at renderWithHooks (webpack-internal:///(app-pages-browser)/./node_modules/.pnpm/next@14.2.21_react-dom@18.3.1_react@18.3.1__react@18.3.1/node_modules/next/dist/compiled/react-dom/cjs/react-dom.development.js:11121:18)
    at mountIndeterminateComponent (webpack-internal:///(app-pages-browser)/./node_modules/.pnpm/next@14.2.21_react-dom@18.3.1_react@18.3.1__react@18.3.1/node_modules/next/dist/compiled/react-dom/cjs/react-dom.development.js:16869:13)
    at beginWork$1 (webpack-internal:///(app-pages-browser)/./node_modules/.pnpm/next@14.2.21_react-dom@18.3.1_react@18.3.1__react@18.3.1/node_modules/next/dist/compiled/react-dom/cjs/react-dom.development.js:18458:16)
    at HTMLUnknownElement.callCallback (webpack-internal:///(app-pages-browser)/./node_modules/.pnpm/next@14.2.21_react-dom@18.3.1_react@18.3.1__react@18.3.1/node_modules/next/dist/compiled/react-dom/cjs/react-dom.development.js:20565:14)
    at Object.invokeGuardedCallbackImpl (webpack-internal:///(app-pages-browser)/./node_modules/.pnpm/next@14.2.21_react-dom@18.3.1_react@18.3.1__react@18.3.1/node_modules/next/dist/compiled/react-dom/cjs/react-dom.development.js:20614:16)
    at invokeGuardedCallback (webpack-internal:///(app-pages-browser)/./node_modules/.pnpm/next@14.2.21_react-dom@18.3.1_react@18.3.1__react@18.3.1/node_modules/next/dist/compiled/react-dom/cjs/react-dom.development.js:20689:29)
    at beginWork (webpack-internal:///(app-pages-browser)/./node_modules/.pnpm/next@14.2.21_react-dom@18.3.1_react@18.3.1__react@18.3.1/node_modules/next/dist/compiled/react-dom/cjs/react-dom.development.js:26949:7)
    at performUnitOfWork (webpack-internal:///(app-pages-browser)/./node_modules/.pnpm/next@14.2.21_react-dom@18.3.1_react@18.3.1__react@18.3.1/node_modules/next/dist/compiled/react-dom/cjs/react-dom.development.js:25748:12)
    at workLoopSync (webpack-internal:///(app-pages-browser)/./node_modules/.pnpm/next@14.2.21_react-dom@18.3.1_react@18.3.1__react@18.3.1/node_modules/next/dist/compiled/react-dom/cjs/react-dom.development.js:25464:5)
    at renderRootSync (webpack-internal:///(app-pages-browser)/./node_modules/.pnpm/next@14.2.21_react-dom@18.3.1_react@18.3.1__react@18.3.1/node_modules/next/dist/compiled/react-dom/cjs/react-dom.development.js:25419:7)
    at recoverFromConcurrentError (webpack-internal:///(app-pages-browser)/./node_modules/.pnpm/next@14.2.21_react-dom@18.3.1_react@18.3.1__react@18.3.1/node_modules/next/dist/compiled/react-dom/cjs/react-dom.development.js:24597:20)
    at performConcurrentWorkOnRoot (webpack-internal:///(app-pages-browser)/./node_modules/.pnpm/next@14.2.21_react-dom@18.3.1_react@18.3.1__react@18.3.1/node_modules/next/dist/compiled/react-dom/cjs/react-dom.development.js:24542:26)
    at workLoop (webpack-internal:///(app-pages-browser)/./node_modules/.pnpm/next@14.2.21_react-dom@18.3.1_react@18.3.1__react@18.3.1/node_modules/next/dist/compiled/scheduler/cjs/scheduler.development.js:256:34)
    at flushWork (webpack-internal:///(app-pages-browser)/./node_modules/.pnpm/next@14.2.21_react-dom@18.3.1_react@18.3.1__react@18.3.1/node_modules/next/dist/compiled/scheduler/cjs/scheduler.development.js:225:14)
    at MessagePort.performWorkUntilDeadline (webpack-internal:///(app-pages-browser)/./node_modules/.pnpm/next@14.2.21_react-dom@18.3.1_react@18.3.1__react@18.3.1/node_modules/next/dist/compiled/scheduler/cjs/scheduler.development.js:534:21)
[ 1115507ms] ReferenceError: useEffect is not defined
    at DroppableColumn (webpack-internal:///(app-pages-browser)/./src/components/inmobiliaria/PipelineBoard.tsx:92:5)
    at renderWithHooks (webpack-internal:///(app-pages-browser)/./node_modules/.pnpm/next@14.2.21_react-dom@18.3.1_react@18.3.1__react@18.3.1/node_modules/next/dist/compiled/react-dom/cjs/react-dom.development.js:11121:18)
    at mountIndeterminateComponent (webpack-internal:///(app-pages-browser)/./node_modules/.pnpm/next@14.2.21_react-dom@18.3.1_react@18.3.1__react@18.3.1/node_modules/next/dist/compiled/react-dom/cjs/react-dom.development.js:16869:13)
    at beginWork$1 (webpack-internal:///(app-pages-browser)/./node_modules/.pnpm/next@14.2.21_react-dom@18.3.1_react@18.3.1__react@18.3.1/node_modules/next/dist/compiled/react-dom/cjs/react-dom.development.js:18458:16)
    at beginWork (webpack-internal:///(app-pages-browser)/./node_modules/.pnpm/next@14.2.21_react-dom@18.3.1_react@18.3.1__react@18.3.1/node_modules/next/dist/compiled/react-dom/cjs/react-dom.development.js:26927:14)
    at performUnitOfWork (webpack-internal:///(app-pages-browser)/./node_modules/.pnpm/next@14.2.21_react-dom@18.3.1_react@18.3.1__react@18.3.1/node_modules/next/dist/compiled/react-dom/cjs/react-dom.development.js:25748:12)
    at workLoopSync (webpack-internal:///(app-pages-browser)/./node_modules/.pnpm/next@14.2.21_react-dom@18.3.1_react@18.3.1__react@18.3.1/node_modules/next/dist/compiled/react-dom/cjs/react-dom.development.js:25464:5)
    at renderRootSync (webpack-internal:///(app-pages-browser)/./node_modules/.pnpm/next@14.2.21_react-dom@18.3.1_react@18.3.1__react@18.3.1/node_modules/next/dist/compiled/react-dom/cjs/react-dom.development.js:25419:7)
    at recoverFromConcurrentError (webpack-internal:///(app-pages-browser)/./node_modules/.pnpm/next@14.2.21_react-dom@18.3.1_react@18.3.1__react@18.3.1/node_modules/next/dist/compiled/react-dom/cjs/react-dom.development.js:24597:20)
    at performConcurrentWorkOnRoot (webpack-internal:///(app-pages-browser)/./node_modules/.pnpm/next@14.2.21_react-dom@18.3.1_react@18.3.1__react@18.3.1/node_modules/next/dist/compiled/react-dom/cjs/react-dom.development.js:24542:26)
    at workLoop (webpack-internal:///(app-pages-browser)/./node_modules/.pnpm/next@14.2.21_react-dom@18.3.1_react@18.3.1__react@18.3.1/node_modules/next/dist/compiled/scheduler/cjs/scheduler.development.js:256:34)
    at flushWork (webpack-internal:///(app-pages-browser)/./node_modules/.pnpm/next@14.2.21_react-dom@18.3.1_react@18.3.1__react@18.3.1/node_modules/next/dist/compiled/scheduler/cjs/scheduler.development.js:225:14)
    at MessagePort.performWorkUntilDeadline (webpack-internal:///(app-pages-browser)/./node_modules/.pnpm/next@14.2.21_react-dom@18.3.1_react@18.3.1__react@18.3.1/node_modules/next/dist/compiled/scheduler/cjs/scheduler.development.js:534:21)
[ 1115508ms] ReferenceError: useEffect is not defined
    at DroppableColumn (webpack-internal:///(app-pages-browser)/./src/components/inmobiliaria/PipelineBoard.tsx:92:5)
    at renderWithHooks (webpack-internal:///(app-pages-browser)/./node_modules/.pnpm/next@14.2.21_react-dom@18.3.1_react@18.3.1__react@18.3.1/node_modules/next/dist/compiled/react-dom/cjs/react-dom.development.js:11121:18)
    at mountIndeterminateComponent (webpack-internal:///(app-pages-browser)/./node_modules/.pnpm/next@14.2.21_react-dom@18.3.1_react@18.3.1__react@18.3.1/node_modules/next/dist/compiled/react-dom/cjs/react-dom.development.js:16869:13)
    at beginWork$1 (webpack-internal:///(app-pages-browser)/./node_modules/.pnpm/next@14.2.21_react-dom@18.3.1_react@18.3.1__react@18.3.1/node_modules/next/dist/compiled/react-dom/cjs/react-dom.development.js:18458:16)
    at beginWork (webpack-internal:///(app-pages-browser)/./node_modules/.pnpm/next@14.2.21_react-dom@18.3.1_react@18.3.1__react@18.3.1/node_modules/next/dist/compiled/react-dom/cjs/react-dom.development.js:26927:14)
    at performUnitOfWork (webpack-internal:///(app-pages-browser)/./node_modules/.pnpm/next@14.2.21_react-dom@18.3.1_react@18.3.1__react@18.3.1/node_modules/next/dist/compiled/react-dom/cjs/react-dom.development.js:25748:12)
    at workLoopSync (webpack-internal:///(app-pages-browser)/./node_modules/.pnpm/next@14.2.21_react-dom@18.3.1_react@18.3.1__react@18.3.1/node_modules/next/dist/compiled/react-dom/cjs/react-dom.development.js:25464:5)
    at renderRootSync (webpack-internal:///(app-pages-browser)/./node_modules/.pnpm/next@14.2.21_react-dom@18.3.1_react@18.3.1__react@18.3.1/node_modules/next/dist/compiled/react-dom/cjs/react-dom.development.js:25419:7)
    at recoverFromConcurrentError (webpack-internal:///(app-pages-browser)/./node_modules/.pnpm/next@14.2.21_react-dom@18.3.1_react@18.3.1__react@18.3.1/node_modules/next/dist/compiled/react-dom/cjs/react-dom.development.js:24597:20)
    at performConcurrentWorkOnRoot (webpack-internal:///(app-pages-browser)/./node_modules/.pnpm/next@14.2.21_react-dom@18.3.1_react@18.3.1__react@18.3.1/node_modules/next/dist/compiled/react-dom/cjs/react-dom.development.js:24542:26)
    at workLoop (webpack-internal:///(app-pages-browser)/./node_modules/.pnpm/next@14.2.21_react-dom@18.3.1_react@18.3.1__react@18.3.1/node_modules/next/dist/compiled/scheduler/cjs/scheduler.development.js:256:34)
    at flushWork (webpack-internal:///(app-pages-browser)/./node_modules/.pnpm/next@14.2.21_react-dom@18.3.1_react@18.3.1__react@18.3.1/node_modules/next/dist/compiled/scheduler/cjs/scheduler.development.js:225:14)
    at MessagePort.performWorkUntilDeadline (webpack-internal:///(app-pages-browser)/./node_modules/.pnpm/next@14.2.21_react-dom@18.3.1_react@18.3.1__react@18.3.1/node_modules/next/dist/compiled/scheduler/cjs/scheduler.development.js:534:21)
[ 1115508ms] ReferenceError: useEffect is not defined
    at DroppableColumn (webpack-internal:///(app-pages-browser)/./src/components/inmobiliaria/PipelineBoard.tsx:92:5)
    at renderWithHooks (webpack-internal:///(app-pages-browser)/./node_modules/.pnpm/next@14.2.21_react-dom@18.3.1_react@18.3.1__react@18.3.1/node_modules/next/dist/compiled/react-dom/cjs/react-dom.development.js:11121:18)
    at mountIndeterminateComponent (webpack-internal:///(app-pages-browser)/./node_modules/.pnpm/next@14.2.21_react-dom@18.3.1_react@18.3.1__react@18.3.1/node_modules/next/dist/compiled/react-dom/cjs/react-dom.development.js:16869:13)
    at beginWork$1 (webpack-internal:///(app-pages-browser)/./node_modules/.pnpm/next@14.2.21_react-dom@18.3.1_react@18.3.1__react@18.3.1/node_modules/next/dist/compiled/react-dom/cjs/react-dom.development.js:18458:16)
    at beginWork (webpack-internal:///(app-pages-browser)/./node_modules/.pnpm/next@14.2.21_react-dom@18.3.1_react@18.3.1__react@18.3.1/node_modules/next/dist/compiled/react-dom/cjs/react-dom.development.js:26927:14)
    at performUnitOfWork (webpack-internal:///(app-pages-browser)/./node_modules/.pnpm/next@14.2.21_react-dom@18.3.1_react@18.3.1__react@18.3.1/node_modules/next/dist/compiled/react-dom/cjs/react-dom.development.js:25748:12)
    at workLoopSync (webpack-internal:///(app-pages-browser)/./node_modules/.pnpm/next@14.2.21_react-dom@18.3.1_react@18.3.1__react@18.3.1/node_modules/next/dist/compiled/react-dom/cjs/react-dom.development.js:25464:5)
    at renderRootSync (webpack-internal:///(app-pages-browser)/./node_modules/.pnpm/next@14.2.21_react-dom@18.3.1_react@18.3.1__react@18.3.1/node_modules/next/dist/compiled/react-dom/cjs/react-dom.development.js:25419:7)
    at recoverFromConcurrentError (webpack-internal:///(app-pages-browser)/./node_modules/.pnpm/next@14.2.21_react-dom@18.3.1_react@18.3.1__react@18.3.1/node_modules/next/dist/compiled/react-dom/cjs/react-dom.development.js:24597:20)
    at performConcurrentWorkOnRoot (webpack-internal:///(app-pages-browser)/./node_modules/.pnpm/next@14.2.21_react-dom@18.3.1_react@18.3.1__react@18.3.1/node_modules/next/dist/compiled/react-dom/cjs/react-dom.development.js:24542:26)
    at workLoop (webpack-internal:///(app-pages-browser)/./node_modules/.pnpm/next@14.2.21_react-dom@18.3.1_react@18.3.1__react@18.3.1/node_modules/next/dist/compiled/scheduler/cjs/scheduler.development.js:256:34)
    at flushWork (webpack-internal:///(app-pages-browser)/./node_modules/.pnpm/next@14.2.21_react-dom@18.3.1_react@18.3.1__react@18.3.1/node_modules/next/dist/compiled/scheduler/cjs/scheduler.development.js:225:14)
    at MessagePort.performWorkUntilDeadline (webpack-internal:///(app-pages-browser)/./node_modules/.pnpm/next@14.2.21_react-dom@18.3.1_react@18.3.1__react@18.3.1/node_modules/next/dist/compiled/scheduler/cjs/scheduler.development.js:534:21)
[ 1115509ms] ReferenceError: useEffect is not defined
    at DroppableColumn (webpack-internal:///(app-pages-browser)/./src/components/inmobiliaria/PipelineBoard.tsx:92:5)
    at renderWithHooks (webpack-internal:///(app-pages-browser)/./node_modules/.pnpm/next@14.2.21_react-dom@18.3.1_react@18.3.1__react@18.3.1/node_modules/next/dist/compiled/react-dom/cjs/react-dom.development.js:11121:18)
    at mountIndeterminateComponent (webpack-internal:///(app-pages-browser)/./node_modules/.pnpm/next@14.2.21_react-dom@18.3.1_react@18.3.1__react@18.3.1/node_modules/next/dist/compiled/react-dom/cjs/react-dom.development.js:16869:13)
    at beginWork$1 (webpack-internal:///(app-pages-browser)/./node_modules/.pnpm/next@14.2.21_react-dom@18.3.1_react@18.3.1__react@18.3.1/node_modules/next/dist/compiled/react-dom/cjs/react-dom.development.js:18458:16)
    at beginWork (webpack-internal:///(app-pages-browser)/./node_modules/.pnpm/next@14.2.21_react-dom@18.3.1_react@18.3.1__react@18.3.1/node_modules/next/dist/compiled/react-dom/cjs/react-dom.development.js:26927:14)
    at performUnitOfWork (webpack-internal:///(app-pages-browser)/./node_modules/.pnpm/next@14.2.21_react-dom@18.3.1_react@18.3.1__react@18.3.1/node_modules/next/dist/compiled/react-dom/cjs/react-dom.development.js:25748:12)
    at workLoopSync (webpack-internal:///(app-pages-browser)/./node_modules/.pnpm/next@14.2.21_react-dom@18.3.1_react@18.3.1__react@18.3.1/node_modules/next/dist/compiled/react-dom/cjs/react-dom.development.js:25464:5)
    at renderRootSync (webpack-internal:///(app-pages-browser)/./node_modules/.pnpm/next@14.2.21_react-dom@18.3.1_react@18.3.1__react@18.3.1/node_modules/next/dist/compiled/react-dom/cjs/react-dom.development.js:25419:7)
    at recoverFromConcurrentError (webpack-internal:///(app-pages-browser)/./node_modules/.pnpm/next@14.2.21_react-dom@18.3.1_react@18.3.1__react@18.3.1/node_modules/next/dist/compiled/react-dom/cjs/react-dom.development.js:24597:20)
    at performConcurrentWorkOnRoot (webpack-internal:///(app-pages-browser)/./node_modules/.pnpm/next@14.2.21_react-dom@18.3.1_react@18.3.1__react@18.3.1/node_modules/next/dist/compiled/react-dom/cjs/react-dom.development.js:24542:26)
    at workLoop (webpack-internal:///(app-pages-browser)/./node_modules/.pnpm/next@14.2.21_react-dom@18.3.1_react@18.3.1__react@18.3.1/node_modules/next/dist/compiled/scheduler/cjs/scheduler.development.js:256:34)
    at flushWork (webpack-internal:///(app-pages-browser)/./node_modules/.pnpm/next@14.2.21_react-dom@18.3.1_react@18.3.1__react@18.3.1/node_modules/next/dist/compiled/scheduler/cjs/scheduler.development.js:225:14)
    at MessagePort.performWorkUntilDeadline (webpack-internal:///(app-pages-browser)/./node_modules/.pnpm/next@14.2.21_react-dom@18.3.1_react@18.3.1__react@18.3.1/node_modules/next/dist/compiled/scheduler/cjs/scheduler.development.js:534:21)
[ 1115513ms] ReferenceError: useEffect is not defined
    at DroppableColumn (webpack-internal:///(app-pages-browser)/./src/components/inmobiliaria/PipelineBoard.tsx:92:5)
    at renderWithHooks (webpack-internal:///(app-pages-browser)/./node_modules/.pnpm/next@14.2.21_react-dom@18.3.1_react@18.3.1__react@18.3.1/node_modules/next/dist/compiled/react-dom/cjs/react-dom.development.js:11121:18)
    at mountIndeterminateComponent (webpack-internal:///(app-pages-browser)/./node_modules/.pnpm/next@14.2.21_react-dom@18.3.1_react@18.3.1__react@18.3.1/node_modules/next/dist/compiled/react-dom/cjs/react-dom.development.js:16869:13)
    at beginWork$1 (webpack-internal:///(app-pages-browser)/./node_modules/.pnpm/next@14.2.21_react-dom@18.3.1_react@18.3.1__react@18.3.1/node_modules/next/dist/compiled/react-dom/cjs/react-dom.development.js:18458:16)
    at beginWork (webpack-internal:///(app-pages-browser)/./node_modules/.pnpm/next@14.2.21_react-dom@18.3.1_react@18.3.1__react@18.3.1/node_modules/next/dist/compiled/react-dom/cjs/react-dom.development.js:26927:14)
    at performUnitOfWork (webpack-internal:///(app-pages-browser)/./node_modules/.pnpm/next@14.2.21_react-dom@18.3.1_react@18.3.1__react@18.3.1/node_modules/next/dist/compiled/react-dom/cjs/react-dom.development.js:25748:12)
    at workLoopSync (webpack-internal:///(app-pages-browser)/./node_modules/.pnpm/next@14.2.21_react-dom@18.3.1_react@18.3.1__react@18.3.1/node_modules/next/dist/compiled/react-dom/cjs/react-dom.development.js:25464:5)
    at renderRootSync (webpack-internal:///(app-pages-browser)/./node_modules/.pnpm/next@14.2.21_react-dom@18.3.1_react@18.3.1__react@18.3.1/node_modules/next/dist/compiled/react-dom/cjs/react-dom.development.js:25419:7)
    at recoverFromConcurrentError (webpack-internal:///(app-pages-browser)/./node_modules/.pnpm/next@14.2.21_react-dom@18.3.1_react@18.3.1__react@18.3.1/node_modules/next/dist/compiled/react-dom/cjs/react-dom.development.js:24597:20)
    at performConcurrentWorkOnRoot (webpack-internal:///(app-pages-browser)/./node_modules/.pnpm/next@14.2.21_react-dom@18.3.1_react@18.3.1__react@18.3.1/node_modules/next/dist/compiled/react-dom/cjs/react-dom.development.js:24542:26)
    at workLoop (webpack-internal:///(app-pages-browser)/./node_modules/.pnpm/next@14.2.21_react-dom@18.3.1_react@18.3.1__react@18.3.1/node_modules/next/dist/compiled/scheduler/cjs/scheduler.development.js:256:34)
    at flushWork (webpack-internal:///(app-pages-browser)/./node_modules/.pnpm/next@14.2.21_react-dom@18.3.1_react@18.3.1__react@18.3.1/node_modules/next/dist/compiled/scheduler/cjs/scheduler.development.js:225:14)
    at MessagePort.performWorkUntilDeadline (webpack-internal:///(app-pages-browser)/./node_modules/.pnpm/next@14.2.21_react-dom@18.3.1_react@18.3.1__react@18.3.1/node_modules/next/dist/compiled/scheduler/cjs/scheduler.development.js:534:21)
[ 1115514ms] ReferenceError: useEffect is not defined
    at DroppableColumn (webpack-internal:///(app-pages-browser)/./src/components/inmobiliaria/PipelineBoard.tsx:92:5)
    at renderWithHooks (webpack-internal:///(app-pages-browser)/./node_modules/.pnpm/next@14.2.21_react-dom@18.3.1_react@18.3.1__react@18.3.1/node_modules/next/dist/compiled/react-dom/cjs/react-dom.development.js:11121:18)
    at mountIndeterminateComponent (webpack-internal:///(app-pages-browser)/./node_modules/.pnpm/next@14.2.21_react-dom@18.3.1_react@18.3.1__react@18.3.1/node_modules/next/dist/compiled/react-dom/cjs/react-dom.development.js:16869:13)
    at beginWork$1 (webpack-internal:///(app-pages-browser)/./node_modules/.pnpm/next@14.2.21_react-dom@18.3.1_react@18.3.1__react@18.3.1/node_modules/next/dist/compiled/react-dom/cjs/react-dom.development.js:18458:16)
    at beginWork (webpack-internal:///(app-pages-browser)/./node_modules/.pnpm/next@14.2.21_react-dom@18.3.1_react@18.3.1__react@18.3.1/node_modules/next/dist/compiled/react-dom/cjs/react-dom.development.js:26927:14)
    at performUnitOfWork (webpack-internal:///(app-pages-browser)/./node_modules/.pnpm/next@14.2.21_react-dom@18.3.1_react@18.3.1__react@18.3.1/node_modules/next/dist/compiled/react-dom/cjs/react-dom.development.js:25748:12)
    at workLoopSync (webpack-internal:///(app-pages-browser)/./node_modules/.pnpm/next@14.2.21_react-dom@18.3.1_react@18.3.1__react@18.3.1/node_modules/next/dist/compiled/react-dom/cjs/react-dom.development.js:25464:5)
    at renderRootSync (webpack-internal:///(app-pages-browser)/./node_modules/.pnpm/next@14.2.21_react-dom@18.3.1_react@18.3.1__react@18.3.1/node_modules/next/dist/compiled/react-dom/cjs/react-dom.development.js:25419:7)
    at recoverFromConcurrentError (webpack-internal:///(app-pages-browser)/./node_modules/.pnpm/next@14.2.21_react-dom@18.3.1_react@18.3.1__react@18.3.1/node_modules/next/dist/compiled/react-dom/cjs/react-dom.development.js:24597:20)
    at performConcurrentWorkOnRoot (webpack-internal:///(app-pages-browser)/./node_modules/.pnpm/next@14.2.21_react-dom@18.3.1_react@18.3.1__react@18.3.1/node_modules/next/dist/compiled/react-dom/cjs/react-dom.development.js:24542:26)
    at workLoop (webpack-internal:///(app-pages-browser)/./node_modules/.pnpm/next@14.2.21_react-dom@18.3.1_react@18.3.1__react@18.3.1/node_modules/next/dist/compiled/scheduler/cjs/scheduler.development.js:256:34)
    at flushWork (webpack-internal:///(app-pages-browser)/./node_modules/.pnpm/next@14.2.21_react-dom@18.3.1_react@18.3.1__react@18.3.1/node_modules/next/dist/compiled/scheduler/cjs/scheduler.development.js:225:14)
    at MessagePort.performWorkUntilDeadline (webpack-internal:///(app-pages-browser)/./node_modules/.pnpm/next@14.2.21_react-dom@18.3.1_react@18.3.1__react@18.3.1/node_modules/next/dist/compiled/scheduler/cjs/scheduler.development.js:534:21)
[ 1115514ms] ReferenceError: useEffect is not defined
    at DroppableColumn (webpack-internal:///(app-pages-browser)/./src/components/inmobiliaria/PipelineBoard.tsx:92:5)
    at renderWithHooks (webpack-internal:///(app-pages-browser)/./node_modules/.pnpm/next@14.2.21_react-dom@18.3.1_react@18.3.1__react@18.3.1/node_modules/next/dist/compiled/react-dom/cjs/react-dom.development.js:11121:18)
    at mountIndeterminateComponent (webpack-internal:///(app-pages-browser)/./node_modules/.pnpm/next@14.2.21_react-dom@18.3.1_react@18.3.1__react@18.3.1/node_modules/next/dist/compiled/react-dom/cjs/react-dom.development.js:16869:13)
    at beginWork$1 (webpack-internal:///(app-pages-browser)/./node_modules/.pnpm/next@14.2.21_react-dom@18.3.1_react@18.3.1__react@18.3.1/node_modules/next/dist/compiled/react-dom/cjs/react-dom.development.js:18458:16)
    at beginWork (webpack-internal:///(app-pages-browser)/./node_modules/.pnpm/next@14.2.21_react-dom@18.3.1_react@18.3.1__react@18.3.1/node_modules/next/dist/compiled/react-dom/cjs/react-dom.development.js:26927:14)
    at performUnitOfWork (webpack-internal:///(app-pages-browser)/./node_modules/.pnpm/next@14.2.21_react-dom@18.3.1_react@18.3.1__react@18.3.1/node_modules/next/dist/compiled/react-dom/cjs/react-dom.development.js:25748:12)
    at workLoopSync (webpack-internal:///(app-pages-browser)/./node_modules/.pnpm/next@14.2.21_react-dom@18.3.1_react@18.3.1__react@18.3.1/node_modules/next/dist/compiled/react-dom/cjs/react-dom.development.js:25464:5)
    at renderRootSync (webpack-internal:///(app-pages-browser)/./node_modules/.pnpm/next@14.2.21_react-dom@18.3.1_react@18.3.1__react@18.3.1/node_modules/next/dist/compiled/react-dom/cjs/react-dom.development.js:25419:7)
    at recoverFromConcurrentError (webpack-internal:///(app-pages-browser)/./node_modules/.pnpm/next@14.2.21_react-dom@18.3.1_react@18.3.1__react@18.3.1/node_modules/next/dist/compiled/react-dom/cjs/react-dom.development.js:24597:20)
    at performConcurrentWorkOnRoot (webpack-internal:///(app-pages-browser)/./node_modules/.pnpm/next@14.2.21_react-dom@18.3.1_react@18.3.1__react@18.3.1/node_modules/next/dist/compiled/react-dom/cjs/react-dom.development.js:24542:26)
    at workLoop (webpack-internal:///(app-pages-browser)/./node_modules/.pnpm/next@14.2.21_react-dom@18.3.1_react@18.3.1__react@18.3.1/node_modules/next/dist/compiled/scheduler/cjs/scheduler.development.js:256:34)
    at flushWork (webpack-internal:///(app-pages-browser)/./node_modules/.pnpm/next@14.2.21_react-dom@18.3.1_react@18.3.1__react@18.3.1/node_modules/next/dist/compiled/scheduler/cjs/scheduler.development.js:225:14)
    at MessagePort.performWorkUntilDeadline (webpack-internal:///(app-pages-browser)/./node_modules/.pnpm/next@14.2.21_react-dom@18.3.1_react@18.3.1__react@18.3.1/node_modules/next/dist/compiled/scheduler/cjs/scheduler.development.js:534:21)
[ 1115515ms] [ERROR] The above error occurred in the <NotFoundErrorBoundary> component:

    at DroppableColumn (webpack-internal:///(app-pages-browser)/./src/components/inmobiliaria/PipelineBoard.tsx:74:11)
    at div
    at div
    at DndContext (webpack-internal:///(app-pages-browser)/./node_modules/.pnpm/@dnd-kit+core@6.3.1_react-dom@18.3.1_react@18.3.1__react@18.3.1/node_modules/@dnd-kit/core/dist/core.esm.js:2898:5)
    at PipelineBoard (webpack-internal:///(app-pages-browser)/./src/components/inmobiliaria/PipelineBoard.tsx:551:11)
    at div
    at MotionDOMComponent (webpack-internal:///(app-pages-browser)/./node_modules/.pnpm/framer-motion@12.27.1_react-dom@18.3.1_react@18.3.1__react@18.3.1/node_modules/framer-motion/dist/es/motion/index.mjs:67:65)
    at div
    at PipelinePage (webpack-internal:///(app-pages-browser)/./src/app/panel/inmobiliaria/pipeline/page.tsx:28:78)
    at ClientPageRoot (webpack-internal:///(app-pages-browser)/./node_modules/.pnpm/next@14.2.21_react-dom@18.3.1_react@18.3.1__react@18.3.1/node_modules/next/dist/client/components/client-page.js:14:11)
    at InnerLayoutRouter (webpack-internal:///(app-pages-browser)/./node_modules/.pnpm/next@14.2.21_react-dom@18.3.1_react@18.3.1__react@18.3.1/node_modules/next/dist/client/components/layout-router.js:243:11)
    at RedirectErrorBoundary (webpack-internal:///(app-pages-browser)/./node_modules/.pnpm/next@14.2.21_react-dom@18.3.1_react@18.3.1__react@18.3.1/node_modules/next/dist/client/components/redirect-boundary.js:74:9)
    at RedirectBoundary (webpack-internal:///(app-pages-browser)/./node_modules/.pnpm/next@14.2.21_react-dom@18.3.1_react@18.3.1__react@18.3.1/node_modules/next/dist/client/components/redirect-boundary.js:82:11)
    at NotFoundBoundary (webpack-internal:///(app-pages-browser)/./node_modules/.pnpm/next@14.2.21_react-dom@18.3.1_react@18.3.1__react@18.3.1/node_modules/next/dist/client/components/not-found-boundary.js:84:11)
    at LoadingBoundary (webpack-internal:///(app-pages-browser)/./node_modules/.pnpm/next@14.2.21_react-dom@18.3.1_react@18.3.1__react@18.3.1/node_modules/next/dist/client/components/layout-router.js:349:11)
    at ErrorBoundary (webpack-internal:///(app-pages-browser)/./node_modules/.pnpm/next@14.2.21_react-dom@18.3.1_react@18.3.1__react@18.3.1/node_modules/next/dist/client/components/error-boundary.js:160:11)
    at InnerScrollAndFocusHandler (webpack-internal:///(app-pages-browser)/./node_modules/.pnpm/next@14.2.21_react-dom@18.3.1_react@18.3.1__react@18.3.1/node_modules/next/dist/client/components/layout-router.js:153:9)
    at ScrollAndFocusHandler (webpack-internal:///(app-pages-browser)/./node_modules/.pnpm/next@14.2.21_react-dom@18.3.1_react@18.3.1__react@18.3.1/node_modules/next/dist/client/components/layout-router.js:228:11)
    at RenderFromTemplateContext (webpack-internal:///(app-pages-browser)/./node_modules/.pnpm/next@14.2.21_react-dom@18.3.1_react@18.3.1__react@18.3.1/node_modules/next/dist/client/components/render-from-template-context.js:16:44)
    at OuterLayoutRouter (webpack-internal:///(app-pages-browser)/./node_modules/.pnpm/next@14.2.21_react-dom@18.3.1_react@18.3.1__react@18.3.1/node_modules/next/dist/client/components/layout-router.js:370:11)
    at InnerLayoutRouter (webpack-internal:///(app-pages-browser)/./node_modules/.pnpm/next@14.2.21_react-dom@18.3.1_react@18.3.1__react@18.3.1/node_modules/next/dist/client/components/layout-router.js:243:11)
    at RedirectErrorBoundary (webpack-internal:///(app-pages-browser)/./node_modules/.pnpm/next@14.2.21_react-dom@18.3.1_react@18.3.1__react@18.3.1/node_modules/next/dist/client/components/redirect-boundary.js:74:9)
    at RedirectBoundary (webpack-internal:///(app-pages-browser)/./node_modules/.pnpm/next@14.2.21_react-dom@18.3.1_react@18.3.1__react@18.3.1/node_modules/next/dist/client/components/redirect-boundary.js:82:11)
    at NotFoundBoundary (webpack-internal:///(app-pages-browser)/./node_modules/.pnpm/next@14.2.21_react-dom@18.3.1_react@18.3.1__react@18.3.1/node_modules/next/dist/client/components/not-found-boundary.js:84:11)
    at LoadingBoundary (webpack-internal:///(app-pages-browser)/./node_modules/.pnpm/next@14.2.21_react-dom@18.3.1_react@18.3.1__react@18.3.1/node_modules/next/dist/client/components/layout-router.js:349:11)
    at ErrorBoundary (webpack-internal:///(app-pages-browser)/./node_modules/.pnpm/next@14.2.21_react-dom@18.3.1_react@18.3.1__react@18.3.1/node_modules/next/dist/client/components/error-boundary.js:160:11)
    at InnerScrollAndFocusHandler (webpack-internal:///(app-pages-browser)/./node_modules/.pnpm/next@14.2.21_react-dom@18.3.1_react@18.3.1__react@18.3.1/node_modules/next/dist/client/components/layout-router.js:153:9)
    at ScrollAndFocusHandler (webpack-internal:///(app-pages-browser)/./node_modules/.pnpm/next@14.2.21_react-dom@18.3.1_react@18.3.1__react@18.3.1/node_modules/next/dist/client/components/layout-router.js:228:11)
    at RenderFromTemplateContext (webpack-internal:///(app-pages-browser)/./node_modules/.pnpm/next@14.2.21_react-dom@18.3.1_react@18.3.1__react@18.3.1/node_modules/next/dist/client/components/render-from-template-context.js:16:44)
    at OuterLayoutRouter (webpack-internal:///(app-pages-browser)/./node_modules/.pnpm/next@14.2.21_react-dom@18.3.1_react@18.3.1__react@18.3.1/node_modules/next/dist/client/components/layout-router.js:370:11)
    at main
    at div
    at div
    at InmobiliariaLayoutInner (webpack-internal:///(app-pages-browser)/./src/app/panel/inmobiliaria/layout.tsx:111:11)
    at SidebarProvider (webpack-internal:///(app-pages-browser)/./src/lib/context/SidebarContext.tsx:14:11)
    at I18nProvider (webpack-internal:///(app-pages-browser)/./src/lib/i18n/i18n-context.tsx:48:11)
    at ProtectedRoute (webpack-internal:///(app-pages-browser)/./src/components/auth/ProtectedRoute.tsx:29:11)
    at InmobiliariaLayout (webpack-internal:///(app-pages-browser)/./src/app/panel/inmobiliaria/layout.tsx:184:11)
    at InnerLayoutRouter (webpack-internal:///(app-pages-browser)/./node_modules/.pnpm/next@14.2.21_react-dom@18.3.1_react@18.3.1__react@18.3.1/node_modules/next/dist/client/components/layout-router.js:243:11)
    at RedirectErrorBoundary (webpack-internal:///(app-pages-browser)/./node_modules/.pnpm/next@14.2.21_react-dom@18.3.1_react@18.3.1__react@18.3.1/node_modules/next/dist/client/components/redirect-boundary.js:74:9)
    at RedirectBoundary (webpack-internal:///(app-pages-browser)/./node_modules/.pnpm/next@14.2.21_react-dom@18.3.1_react@18.3.1__react@18.3.1/node_modules/next/dist/client/components/redirect-boundary.js:82:11)
    at NotFoundBoundary (webpack-internal:///(app-pages-browser)/./node_modules/.pnpm/next@14.2.21_react-dom@18.3.1_react@18.3.1__react@18.3.1/node_modules/next/dist/client/components/not-found-boundary.js:84:11)
    at LoadingBoundary (webpack-internal:///(app-pages-browser)/./node_modules/.pnpm/next@14.2.21_react-dom@18.3.1_react@18.3.1__react@18.3.1/node_modules/next/dist/client/components/layout-router.js:349:11)
    at ErrorBoundary (webpack-internal:///(app-pages-browser)/./node_modules/.pnpm/next@14.2.21_react-dom@18.3.1_react@18.3.1__react@18.3.1/node_modules/next/dist/client/components/error-boundary.js:160:11)
    at InnerScrollAndFocusHandler (webpack-internal:///(app-pages-browser)/./node_modules/.pnpm/next@14.2.21_react-dom@18.3.1_react@18.3.1__react@18.3.1/node_modules/next/dist/client/components/layout-router.js:153:9)
    at ScrollAndFocusHandler (webpack-internal:///(app-pages-browser)/./node_modules/.pnpm/next@14.2.21_react-dom@18.3.1_react@18.3.1__react@18.3.1/node_modules/next/dist/client/components/layout-router.js:228:11)
    at RenderFromTemplateContext (webpack-internal:///(app-pages-browser)/./node_modules/.pnpm/next@14.2.21_react-dom@18.3.1_react@18.3.1__react@18.3.1/node_modules/next/dist/client/components/render-from-template-context.js:16:44)
    at OuterLayoutRouter (webpack-internal:///(app-pages-browser)/./node_modules/.pnpm/next@14.2.21_react-dom@18.3.1_react@18.3.1__react@18.3.1/node_modules/next/dist/client/components/layout-router.js:370:11)
    at InnerLayoutRouter (webpack-internal:///(app-pages-browser)/./node_modules/.pnpm/next@14.2.21_react-dom@18.3.1_react@18.3.1__react@18.3.1/node_modules/next/dist/client/components/layout-router.js:243:11)
    at RedirectErrorBoundary (webpack-internal:///(app-pages-browser)/./node_modules/.pnpm/next@14.2.21_react-dom@18.3.1_react@18.3.1__react@18.3.1/node_modules/next/dist/client/components/redirect-boundary.js:74:9)
    at RedirectBoundary (webpack-internal:///(app-pages-browser)/./node_modules/.pnpm/next@14.2.21_react-dom@18.3.1_react@18.3.1__react@18.3.1/node_modules/next/dist/client/components/redirect-boundary.js:82:11)
    at NotFoundErrorBoundary (webpack-internal:///(app-pages-browser)/./node_modules/.pnpm/next@14.2.21_react-dom@18.3.1_react@18.3.1__react@18.3.1/node_modules/next/dist/client/components/not-found-boundary.js:76:9)
    at NotFoundBoundary (webpack-internal:///(app-pages-browser)/./node_modules/.pnpm/next@14.2.21_react-dom@18.3.1_react@18.3.1__react@18.3.1/node_modules/next/dist/client/components/not-found-boundary.js:84:11)
    at LoadingBoundary (webpack-internal:///(app-pages-browser)/./node_modules/.pnpm/next@14.2.21_react-dom@18.3.1_react@18.3.1__react@18.3.1/node_modules/next/dist/client/components/layout-router.js:349:11)
    at ErrorBoundary (webpack-internal:///(app-pages-browser)/./node_modules/.pnpm/next@14.2.21_react-dom@18.3.1_react@18.3.1__react@18.3.1/node_modules/next/dist/client/components/error-boundary.js:160:11)
    at InnerScrollAndFocusHandler (webpack-internal:///(app-pages-browser)/./node_modules/.pnpm/next@14.2.21_react-dom@18.3.1_react@18.3.1__react@18.3.1/node_modules/next/dist/client/components/layout-router.js:153:9)
    at ScrollAndFocusHandler (webpack-internal:///(app-pages-browser)/./node_modules/.pnpm/next@14.2.21_react-dom@18.3.1_react@18.3.1__react@18.3.1/node_modules/next/dist/client/components/layout-router.js:228:11)
    at RenderFromTemplateContext (webpack-internal:///(app-pages-browser)/./node_modules/.pnpm/next@14.2.21_react-dom@18.3.1_react@18.3.1__react@18.3.1/node_modules/next/dist/client/components/render-from-template-context.js:16:44)
    at div
    at MotionDOMComponent (webpack-internal:///(app-pages-browser)/./node_modules/.pnpm/framer-motion@12.27.1_react-dom@18.3.1_react@18.3.1__react@18.3.1/node_modules/framer-motion/dist/es/motion/index.mjs:67:65)
    at PageTransition (webpack-internal:///(app-pages-browser)/./src/components/providers/PageTransition.tsx:13:11)
    at Template (webpack-internal:///(app-pages-browser)/./src/app/template.tsx:13:11)
    at OuterLayoutRouter (webpack-internal:///(app-pages-browser)/./node_modules/.pnpm/next@14.2.21_react-dom@18.3.1_react@18.3.1__react@18.3.1/node_modules/next/dist/client/components/layout-router.js:370:11)
    at SmoothScroll (webpack-internal:///(app-pages-browser)/./src/components/providers/SmoothScroll.tsx:36:11)
    at WishlistProvider (webpack-internal:///(app-pages-browser)/./src/lib/stores/wishlist.tsx:17:11)
    at AuthProvider (webpack-internal:///(app-pages-browser)/./src/lib/auth/auth-context.tsx:28:11)
    at V (webpack-internal:///(app-pages-browser)/./node_modules/.pnpm/next-themes@0.4.6_react-dom@18.3.1_react@18.3.1__react@18.3.1/node_modules/next-themes/dist/index.mjs:54:24)
    at J (webpack-internal:///(app-pages-browser)/./node_modules/.pnpm/next-themes@0.4.6_react-dom@18.3.1_react@18.3.1__react@18.3.1/node_modules/next-themes/dist/index.mjs:47:47)
    at ThemeProvider (webpack-internal:///(app-pages-browser)/./src/components/providers/ThemeProvider.tsx:10:11)
    at body
    at html
    at RootLayout (Server)
    at RedirectErrorBoundary (webpack-internal:///(app-pages-browser)/./node_modules/.pnpm/next@14.2.21_react-dom@18.3.1_react@18.3.1__react@18.3.1/node_modules/next/dist/client/components/redirect-boundary.js:74:9)
    at RedirectBoundary (webpack-internal:///(app-pages-browser)/./node_modules/.pnpm/next@14.2.21_react-dom@18.3.1_react@18.3.1__react@18.3.1/node_modules/next/dist/client/components/redirect-boundary.js:82:11)
    at NotFoundErrorBoundary (webpack-internal:///(app-pages-browser)/./node_modules/.pnpm/next@14.2.21_react-dom@18.3.1_react@18.3.1__react@18.3.1/node_modules/next/dist/client/components/not-found-boundary.js:76:9)
    at NotFoundBoundary (webpack-internal:///(app-pages-browser)/./node_modules/.pnpm/next@14.2.21_react-dom@18.3.1_react@18.3.1__react@18.3.1/node_modules/next/dist/client/components/not-found-boundary.js:84:11)
    at DevRootNotFoundBoundary (webpack-internal:///(app-pages-browser)/./node_modules/.pnpm/next@14.2.21_react-dom@18.3.1_react@18.3.1__react@18.3.1/node_modules/next/dist/client/components/dev-root-not-found-boundary.js:33:11)
    at ReactDevOverlay (webpack-internal:///(app-pages-browser)/./node_modules/.pnpm/next@14.2.21_react-dom@18.3.1_react@18.3.1__react@18.3.1/node_modules/next/dist/client/components/react-dev-overlay/app/ReactDevOverlay.js:87:9)
    at HotReload (webpack-internal:///(app-pages-browser)/./node_modules/.pnpm/next@14.2.21_react-dom@18.3.1_react@18.3.1__react@18.3.1/node_modules/next/dist/client/components/react-dev-overlay/app/hot-reloader-client.js:321:11)
    at Router (webpack-internal:///(app-pages-browser)/./node_modules/.pnpm/next@14.2.21_react-dom@18.3.1_react@18.3.1__react@18.3.1/node_modules/next/dist/client/components/app-router.js:207:11)
    at ErrorBoundaryHandler (webpack-internal:///(app-pages-browser)/./node_modules/.pnpm/next@14.2.21_react-dom@18.3.1_react@18.3.1__react@18.3.1/node_modules/next/dist/client/components/error-boundary.js:113:9)
    at ErrorBoundary (webpack-internal:///(app-pages-browser)/./node_modules/.pnpm/next@14.2.21_react-dom@18.3.1_react@18.3.1__react@18.3.1/node_modules/next/dist/client/components/error-boundary.js:160:11)
    at AppRouter (webpack-internal:///(app-pages-browser)/./node_modules/.pnpm/next@14.2.21_react-dom@18.3.1_react@18.3.1__react@18.3.1/node_modules/next/dist/client/components/app-router.js:585:13)
    at ServerRoot (webpack-internal:///(app-pages-browser)/./node_modules/.pnpm/next@14.2.21_react-dom@18.3.1_react@18.3.1__react@18.3.1/node_modules/next/dist/client/app-index.js:112:27)
    at Root (webpack-internal:///(app-pages-browser)/./node_modules/.pnpm/next@14.2.21_react-dom@18.3.1_react@18.3.1__react@18.3.1/node_modules/next/dist/client/app-index.js:117:11)

React will try to recreate this component tree from scratch using the error boundary you provided, ReactDevOverlay. @ webpack-internal:///(app-pages-browser)/./node_modules/.pnpm/next@14.2.21_react-dom@18.3.1_react@18.3.1__react@18.3.1/node_modules/next/dist/client/app-index.js:32
[ 1122747ms] [WARNING] [Fast Refresh] performing full reload because your application had an unrecoverable error @ webpack-internal:///(app-pages-browser)/./node_modules/.pnpm/next@14.2.21_react-dom@18.3.1_react@18.3.1__react@18.3.1/node_modules/next/dist/client/components/react-dev-overlay/app/hot-reloader-client.js:114
[ 1127693ms] [ERROR] Warning: Cannot update a component (`%s`) while rendering a different component (`%s`). To locate the bad setState() call inside `%s`, follow the stack trace as described in https://reactjs.org/link/setstate-in-render%s HotReload DroppableColumn DroppableColumn 
    at DroppableColumn (webpack-internal:///(app-pages-browser)/./src/components/inmobiliaria/PipelineBoard.tsx:74:11)
    at div
    at div
    at DndContext (webpack-internal:///(app-pages-browser)/./node_modules/.pnpm/@dnd-kit+core@6.3.1_react-dom@18.3.1_react@18.3.1__react@18.3.1/node_modules/@dnd-kit/core/dist/core.esm.js:2898:5)
    at PipelineBoard (webpack-internal:///(app-pages-browser)/./src/components/inmobiliaria/PipelineBoard.tsx:509:11)
    at div
    at MotionDOMComponent (webpack-internal:///(app-pages-browser)/./node_modules/.pnpm/framer-motion@12.27.1_react-dom@18.3.1_react@18.3.1__react@18.3.1/node_modules/framer-motion/dist/es/motion/index.mjs:67:65)
    at div
    at PipelinePage (webpack-internal:///(app-pages-browser)/./src/app/panel/inmobiliaria/pipeline/page.tsx:28:78)
    at ClientPageRoot (webpack-internal:///(app-pages-browser)/./node_modules/.pnpm/next@14.2.21_react-dom@18.3.1_react@18.3.1__react@18.3.1/node_modules/next/dist/client/components/client-page.js:14:11)
    at InnerLayoutRouter (webpack-internal:///(app-pages-browser)/./node_modules/.pnpm/next@14.2.21_react-dom@18.3.1_react@18.3.1__react@18.3.1/node_modules/next/dist/client/components/layout-router.js:243:11)
    at RedirectErrorBoundary (webpack-internal:///(app-pages-browser)/./node_modules/.pnpm/next@14.2.21_react-dom@18.3.1_react@18.3.1__react@18.3.1/node_modules/next/dist/client/components/redirect-boundary.js:74:9)
    at RedirectBoundary (webpack-internal:///(app-pages-browser)/./node_modules/.pnpm/next@14.2.21_react-dom@18.3.1_react@18.3.1__react@18.3.1/node_modules/next/dist/client/components/redirect-boundary.js:82:11)
    at NotFoundBoundary (webpack-internal:///(app-pages-browser)/./node_modules/.pnpm/next@14.2.21_react-dom@18.3.1_react@18.3.1__react@18.3.1/node_modules/next/dist/client/components/not-found-boundary.js:84:11)
    at LoadingBoundary (webpack-internal:///(app-pages-browser)/./node_modules/.pnpm/next@14.2.21_react-dom@18.3.1_react@18.3.1__react@18.3.1/node_modules/next/dist/client/components/layout-router.js:349:11)
    at ErrorBoundary (webpack-internal:///(app-pages-browser)/./node_modules/.pnpm/next@14.2.21_react-dom@18.3.1_react@18.3.1__react@18.3.1/node_modules/next/dist/client/components/error-boundary.js:160:11)
    at InnerScrollAndFocusHandler (webpack-internal:///(app-pages-browser)/./node_modules/.pnpm/next@14.2.21_react-dom@18.3.1_react@18.3.1__react@18.3.1/node_modules/next/dist/client/components/layout-router.js:153:9)
    at ScrollAndFocusHandler (webpack-internal:///(app-pages-browser)/./node_modules/.pnpm/next@14.2.21_react-dom@18.3.1_react@18.3.1__react@18.3.1/node_modules/next/dist/client/components/layout-router.js:228:11)
    at RenderFromTemplateContext (webpack-internal:///(app-pages-browser)/./node_modules/.pnpm/next@14.2.21_react-dom@18.3.1_react@18.3.1__react@18.3.1/node_modules/next/dist/client/components/render-from-template-context.js:16:44)
    at OuterLayoutRouter (webpack-internal:///(app-pages-browser)/./node_modules/.pnpm/next@14.2.21_react-dom@18.3.1_react@18.3.1__react@18.3.1/node_modules/next/dist/client/components/layout-router.js:370:11)
    at InnerLayoutRouter (webpack-internal:///(app-pages-browser)/./node_modules/.pnpm/next@14.2.21_react-dom@18.3.1_react@18.3.1__react@18.3.1/node_modules/next/dist/client/components/layout-router.js:243:11)
    at RedirectErrorBoundary (webpack-internal:///(app-pages-browser)/./node_modules/.pnpm/next@14.2.21_react-dom@18.3.1_react@18.3.1__react@18.3.1/node_modules/next/dist/client/components/redirect-boundary.js:74:9)
    at RedirectBoundary (webpack-internal:///(app-pages-browser)/./node_modules/.pnpm/next@14.2.21_react-dom@18.3.1_react@18.3.1__react@18.3.1/node_modules/next/dist/client/components/redirect-boundary.js:82:11)
    at NotFoundBoundary (webpack-internal:///(app-pages-browser)/./node_modules/.pnpm/next@14.2.21_react-dom@18.3.1_react@18.3.1__react@18.3.1/node_modules/next/dist/client/components/not-found-boundary.js:84:11)
    at LoadingBoundary (webpack-internal:///(app-pages-browser)/./node_modules/.pnpm/next@14.2.21_react-dom@18.3.1_react@18.3.1__react@18.3.1/node_modules/next/dist/client/components/layout-router.js:349:11)
    at ErrorBoundary (webpack-internal:///(app-pages-browser)/./node_modules/.pnpm/next@14.2.21_react-dom@18.3.1_react@18.3.1__react@18.3.1/node_modules/next/dist/client/components/error-boundary.js:160:11)
    at InnerScrollAndFocusHandler (webpack-internal:///(app-pages-browser)/./node_modules/.pnpm/next@14.2.21_react-dom@18.3.1_react@18.3.1__react@18.3.1/node_modules/next/dist/client/components/layout-router.js:153:9)
    at ScrollAndFocusHandler (webpack-internal:///(app-pages-browser)/./node_modules/.pnpm/next@14.2.21_react-dom@18.3.1_react@18.3.1__react@18.3.1/node_modules/next/dist/client/components/layout-router.js:228:11)
    at RenderFromTemplateContext (webpack-internal:///(app-pages-browser)/./node_modules/.pnpm/next@14.2.21_react-dom@18.3.1_react@18.3.1__react@18.3.1/node_modules/next/dist/client/components/render-from-template-context.js:16:44)
    at OuterLayoutRouter (webpack-internal:///(app-pages-browser)/./node_modules/.pnpm/next@14.2.21_react-dom@18.3.1_react@18.3.1__react@18.3.1/node_modules/next/dist/client/components/layout-router.js:370:11)
    at main
    at div
    at div
    at InmobiliariaLayoutInner (webpack-internal:///(app-pages-browser)/./src/app/panel/inmobiliaria/layout.tsx:111:11)
    at SidebarProvider (webpack-internal:///(app-pages-browser)/./src/lib/context/SidebarContext.tsx:14:11)
    at I18nProvider (webpack-internal:///(app-pages-browser)/./src/lib/i18n/i18n-context.tsx:48:11)
    at ProtectedRoute (webpack-internal:///(app-pages-browser)/./src/components/auth/ProtectedRoute.tsx:29:11)
    at InmobiliariaLayout (webpack-internal:///(app-pages-browser)/./src/app/panel/inmobiliaria/layout.tsx:184:11)
    at InnerLayoutRouter (webpack-internal:///(app-pages-browser)/./node_modules/.pnpm/next@14.2.21_react-dom@18.3.1_react@18.3.1__react@18.3.1/node_modules/next/dist/client/components/layout-router.js:243:11)
    at RedirectErrorBoundary (webpack-internal:///(app-pages-browser)/./node_modules/.pnpm/next@14.2.21_react-dom@18.3.1_react@18.3.1__react@18.3.1/node_modules/next/dist/client/components/redirect-boundary.js:74:9)
    at RedirectBoundary (webpack-internal:///(app-pages-browser)/./node_modules/.pnpm/next@14.2.21_react-dom@18.3.1_react@18.3.1__react@18.3.1/node_modules/next/dist/client/components/redirect-boundary.js:82:11)
    at NotFoundBoundary (webpack-internal:///(app-pages-browser)/./node_modules/.pnpm/next@14.2.21_react-dom@18.3.1_react@18.3.1__react@18.3.1/node_modules/next/dist/client/components/not-found-boundary.js:84:11)
    at LoadingBoundary (webpack-internal:///(app-pages-browser)/./node_modules/.pnpm/next@14.2.21_react-dom@18.3.1_react@18.3.1__react@18.3.1/node_modules/next/dist/client/components/layout-router.js:349:11)
    at ErrorBoundary (webpack-internal:///(app-pages-browser)/./node_modules/.pnpm/next@14.2.21_react-dom@18.3.1_react@18.3.1__react@18.3.1/node_modules/next/dist/client/components/error-boundary.js:160:11)
    at InnerScrollAndFocusHandler (webpack-internal:///(app-pages-browser)/./node_modules/.pnpm/next@14.2.21_react-dom@18.3.1_react@18.3.1__react@18.3.1/node_modules/next/dist/client/components/layout-router.js:153:9)
    at ScrollAndFocusHandler (webpack-internal:///(app-pages-browser)/./node_modules/.pnpm/next@14.2.21_react-dom@18.3.1_react@18.3.1__react@18.3.1/node_modules/next/dist/client/components/layout-router.js:228:11)
    at RenderFromTemplateContext (webpack-internal:///(app-pages-browser)/./node_modules/.pnpm/next@14.2.21_react-dom@18.3.1_react@18.3.1__react@18.3.1/node_modules/next/dist/client/components/render-from-template-context.js:16:44)
    at OuterLayoutRouter (webpack-internal:///(app-pages-browser)/./node_modules/.pnpm/next@14.2.21_react-dom@18.3.1_react@18.3.1__react@18.3.1/node_modules/next/dist/client/components/layout-router.js:370:11)
    at InnerLayoutRouter (webpack-internal:///(app-pages-browser)/./node_modules/.pnpm/next@14.2.21_react-dom@18.3.1_react@18.3.1__react@18.3.1/node_modules/next/dist/client/components/layout-router.js:243:11)
    at RedirectErrorBoundary (webpack-internal:///(app-pages-browser)/./node_modules/.pnpm/next@14.2.21_react-dom@18.3.1_react@18.3.1__react@18.3.1/node_modules/next/dist/client/components/redirect-boundary.js:74:9)
    at RedirectBoundary (webpack-internal:///(app-pages-browser)/./node_modules/.pnpm/next@14.2.21_react-dom@18.3.1_react@18.3.1__react@18.3.1/node_modules/next/dist/client/components/redirect-boundary.js:82:11)
    at NotFoundErrorBoundary (webpack-internal:///(app-pages-browser)/./node_modules/.pnpm/next@14.2.21_react-dom@18.3.1_react@18.3.1__react@18.3.1/node_modules/next/dist/client/components/not-found-boundary.js:76:9)
    at NotFoundBoundary (webpack-internal:///(app-pages-browser)/./node_modules/.pnpm/next@14.2.21_react-dom@18.3.1_react@18.3.1__react@18.3.1/node_modules/next/dist/client/components/not-found-boundary.js:84:11)
    at LoadingBoundary (webpack-internal:///(app-pages-browser)/./node_modules/.pnpm/next@14.2.21_react-dom@18.3.1_react@18.3.1__react@18.3.1/node_modules/next/dist/client/components/layout-router.js:349:11)
    at ErrorBoundary (webpack-internal:///(app-pages-browser)/./node_modules/.pnpm/next@14.2.21_react-dom@18.3.1_react@18.3.1__react@18.3.1/node_modules/next/dist/client/components/error-boundary.js:160:11)
    at InnerScrollAndFocusHandler (webpack-internal:///(app-pages-browser)/./node_modules/.pnpm/next@14.2.21_react-dom@18.3.1_react@18.3.1__react@18.3.1/node_modules/next/dist/client/components/layout-router.js:153:9)
    at ScrollAndFocusHandler (webpack-internal:///(app-pages-browser)/./node_modules/.pnpm/next@14.2.21_react-dom@18.3.1_react@18.3.1__react@18.3.1/node_modules/next/dist/client/components/layout-router.js:228:11)
    at RenderFromTemplateContext (webpack-internal:///(app-pages-browser)/./node_modules/.pnpm/next@14.2.21_react-dom@18.3.1_react@18.3.1__react@18.3.1/node_modules/next/dist/client/components/render-from-template-context.js:16:44)
    at div
    at MotionDOMComponent (webpack-internal:///(app-pages-browser)/./node_modules/.pnpm/framer-motion@12.27.1_react-dom@18.3.1_react@18.3.1__react@18.3.1/node_modules/framer-motion/dist/es/motion/index.mjs:67:65)
    at PageTransition (webpack-internal:///(app-pages-browser)/./src/components/providers/PageTransition.tsx:13:11)
    at Template (webpack-internal:///(app-pages-browser)/./src/app/template.tsx:13:11)
    at OuterLayoutRouter (webpack-internal:///(app-pages-browser)/./node_modules/.pnpm/next@14.2.21_react-dom@18.3.1_react@18.3.1__react@18.3.1/node_modules/next/dist/client/components/layout-router.js:370:11)
    at SmoothScroll (webpack-internal:///(app-pages-browser)/./src/components/providers/SmoothScroll.tsx:36:11)
    at WishlistProvider (webpack-internal:///(app-pages-browser)/./src/lib/stores/wishlist.tsx:17:11)
    at AuthProvider (webpack-internal:///(app-pages-browser)/./src/lib/auth/auth-context.tsx:28:11)
    at V (webpack-internal:///(app-pages-browser)/./node_modules/.pnpm/next-themes@0.4.6_react-dom@18.3.1_react@18.3.1__react@18.3.1/node_modules/next-themes/dist/index.mjs:54:24)
    at J (webpack-internal:///(app-pages-browser)/./node_modules/.pnpm/next-themes@0.4.6_react-dom@18.3.1_react@18.3.1__react@18.3.1/node_modules/next-themes/dist/index.mjs:47:47)
    at ThemeProvider (webpack-internal:///(app-pages-browser)/./src/components/providers/ThemeProvider.tsx:10:11)
    at body
    at html
    at RootLayout (Server)
    at RedirectErrorBoundary (webpack-internal:///(app-pages-browser)/./node_modules/.pnpm/next@14.2.21_react-dom@18.3.1_react@18.3.1__react@18.3.1/node_modules/next/dist/client/components/redirect-boundary.js:74:9)
    at RedirectBoundary (webpack-internal:///(app-pages-browser)/./node_modules/.pnpm/next@14.2.21_react-dom@18.3.1_react@18.3.1__react@18.3.1/node_modules/next/dist/client/components/redirect-boundary.js:82:11)
    at NotFoundErrorBoundary (webpack-internal:///(app-pages-browser)/./node_modules/.pnpm/next@14.2.21_react-dom@18.3.1_react@18.3.1__react@18.3.1/node_modules/next/dist/client/components/not-found-boundary.js:76:9)
    at NotFoundBoundary (webpack-internal:///(app-pages-browser)/./node_modules/.pnpm/next@14.2.21_react-dom@18.3.1_react@18.3.1__react@18.3.1/node_modules/next/dist/client/components/not-found-boundary.js:84:11)
    at DevRootNotFoundBoundary (webpack-internal:///(app-pages-browser)/./node_modules/.pnpm/next@14.2.21_react-dom@18.3.1_react@18.3.1__react@18.3.1/node_modules/next/dist/client/components/dev-root-not-found-boundary.js:33:11)
    at ReactDevOverlay (webpack-internal:///(app-pages-browser)/./node_modules/.pnpm/next@14.2.21_react-dom@18.3.1_react@18.3.1__react@18.3.1/node_modules/next/dist/client/components/react-dev-overlay/app/ReactDevOverlay.js:87:9)
    at HotReload (webpack-internal:///(app-pages-browser)/./node_modules/.pnpm/next@14.2.21_react-dom@18.3.1_react@18.3.1__react@18.3.1/node_modules/next/dist/client/components/react-dev-overlay/app/hot-reloader-client.js:321:11)
    at Router (webpack-internal:///(app-pages-browser)/./node_modules/.pnpm/next@14.2.21_react-dom@18.3.1_react@18.3.1__react@18.3.1/node_modules/next/dist/client/components/app-router.js:207:11)
    at ErrorBoundaryHandler (webpack-internal:///(app-pages-browser)/./node_modules/.pnpm/next@14.2.21_react-dom@18.3.1_react@18.3.1__react@18.3.1/node_modules/next/dist/client/components/error-boundary.js:113:9)
    at ErrorBoundary (webpack-internal:///(app-pages-browser)/./node_modules/.pnpm/next@14.2.21_react-dom@18.3.1_react@18.3.1__react@18.3.1/node_modules/next/dist/client/components/error-boundary.js:160:11)
    at AppRouter (webpack-internal:///(app-pages-browser)/./node_modules/.pnpm/next@14.2.21_react-dom@18.3.1_react@18.3.1__react@18.3.1/node_modules/next/dist/client/components/app-router.js:585:13)
    at ServerRoot (webpack-internal:///(app-pages-browser)/./node_modules/.pnpm/next@14.2.21_react-dom@18.3.1_react@18.3.1__react@18.3.1/node_modules/next/dist/client/app-index.js:112:27)
    at Root (webpack-internal:///(app-pages-browser)/./node_modules/.pnpm/next@14.2.21_react-dom@18.3.1_react@18.3.1__react@18.3.1/node_modules/next/dist/client/app-index.js:117:11) @ webpack-internal:///(app-pages-browser)/./node_modules/.pnpm/next@14.2.21_react-dom@18.3.1_react@18.3.1__react@18.3.1/node_modules/next/dist/client/app-index.js:32
[ 1127695ms] ReferenceError: createPortal is not defined
    at DroppableColumn (webpack-internal:///(app-pages-browser)/./src/components/inmobiliaria/PipelineBoard.tsx:298:103)
    at renderWithHooks (webpack-internal:///(app-pages-browser)/./node_modules/.pnpm/next@14.2.21_react-dom@18.3.1_react@18.3.1__react@18.3.1/node_modules/next/dist/compiled/react-dom/cjs/react-dom.development.js:11121:18)
    at mountIndeterminateComponent (webpack-internal:///(app-pages-browser)/./node_modules/.pnpm/next@14.2.21_react-dom@18.3.1_react@18.3.1__react@18.3.1/node_modules/next/dist/compiled/react-dom/cjs/react-dom.development.js:16869:13)
    at beginWork$1 (webpack-internal:///(app-pages-browser)/./node_modules/.pnpm/next@14.2.21_react-dom@18.3.1_react@18.3.1__react@18.3.1/node_modules/next/dist/compiled/react-dom/cjs/react-dom.development.js:18458:16)
    at HTMLUnknownElement.callCallback (webpack-internal:///(app-pages-browser)/./node_modules/.pnpm/next@14.2.21_react-dom@18.3.1_react@18.3.1__react@18.3.1/node_modules/next/dist/compiled/react-dom/cjs/react-dom.development.js:20565:14)
    at Object.invokeGuardedCallbackImpl (webpack-internal:///(app-pages-browser)/./node_modules/.pnpm/next@14.2.21_react-dom@18.3.1_react@18.3.1__react@18.3.1/node_modules/next/dist/compiled/react-dom/cjs/react-dom.development.js:20614:16)
    at invokeGuardedCallback (webpack-internal:///(app-pages-browser)/./node_modules/.pnpm/next@14.2.21_react-dom@18.3.1_react@18.3.1__react@18.3.1/node_modules/next/dist/compiled/react-dom/cjs/react-dom.development.js:20689:29)
    at beginWork (webpack-internal:///(app-pages-browser)/./node_modules/.pnpm/next@14.2.21_react-dom@18.3.1_react@18.3.1__react@18.3.1/node_modules/next/dist/compiled/react-dom/cjs/react-dom.development.js:26949:7)
    at performUnitOfWork (webpack-internal:///(app-pages-browser)/./node_modules/.pnpm/next@14.2.21_react-dom@18.3.1_react@18.3.1__react@18.3.1/node_modules/next/dist/compiled/react-dom/cjs/react-dom.development.js:25748:12)
    at workLoopSync (webpack-internal:///(app-pages-browser)/./node_modules/.pnpm/next@14.2.21_react-dom@18.3.1_react@18.3.1__react@18.3.1/node_modules/next/dist/compiled/react-dom/cjs/react-dom.development.js:25464:5)
    at renderRootSync (webpack-internal:///(app-pages-browser)/./node_modules/.pnpm/next@14.2.21_react-dom@18.3.1_react@18.3.1__react@18.3.1/node_modules/next/dist/compiled/react-dom/cjs/react-dom.development.js:25419:7)
    at performConcurrentWorkOnRoot (webpack-internal:///(app-pages-browser)/./node_modules/.pnpm/next@14.2.21_react-dom@18.3.1_react@18.3.1__react@18.3.1/node_modules/next/dist/compiled/react-dom/cjs/react-dom.development.js:24504:74)
    at workLoop (webpack-internal:///(app-pages-browser)/./node_modules/.pnpm/next@14.2.21_react-dom@18.3.1_react@18.3.1__react@18.3.1/node_modules/next/dist/compiled/scheduler/cjs/scheduler.development.js:256:34)
    at flushWork (webpack-internal:///(app-pages-browser)/./node_modules/.pnpm/next@14.2.21_react-dom@18.3.1_react@18.3.1__react@18.3.1/node_modules/next/dist/compiled/scheduler/cjs/scheduler.development.js:225:14)
    at MessagePort.performWorkUntilDeadline (webpack-internal:///(app-pages-browser)/./node_modules/.pnpm/next@14.2.21_react-dom@18.3.1_react@18.3.1__react@18.3.1/node_modules/next/dist/compiled/scheduler/cjs/scheduler.development.js:534:21)
[ 1127696ms] ReferenceError: createPortal is not defined
    at DroppableColumn (webpack-internal:///(app-pages-browser)/./src/components/inmobiliaria/PipelineBoard.tsx:298:103)
    at renderWithHooks (webpack-internal:///(app-pages-browser)/./node_modules/.pnpm/next@14.2.21_react-dom@18.3.1_react@18.3.1__react@18.3.1/node_modules/next/dist/compiled/react-dom/cjs/react-dom.development.js:11121:18)
    at mountIndeterminateComponent (webpack-internal:///(app-pages-browser)/./node_modules/.pnpm/next@14.2.21_react-dom@18.3.1_react@18.3.1__react@18.3.1/node_modules/next/dist/compiled/react-dom/cjs/react-dom.development.js:16869:13)
    at beginWork$1 (webpack-internal:///(app-pages-browser)/./node_modules/.pnpm/next@14.2.21_react-dom@18.3.1_react@18.3.1__react@18.3.1/node_modules/next/dist/compiled/react-dom/cjs/react-dom.development.js:18458:16)
    at beginWork (webpack-internal:///(app-pages-browser)/./node_modules/.pnpm/next@14.2.21_react-dom@18.3.1_react@18.3.1__react@18.3.1/node_modules/next/dist/compiled/react-dom/cjs/react-dom.development.js:26927:14)
    at performUnitOfWork (webpack-internal:///(app-pages-browser)/./node_modules/.pnpm/next@14.2.21_react-dom@18.3.1_react@18.3.1__react@18.3.1/node_modules/next/dist/compiled/react-dom/cjs/react-dom.development.js:25748:12)
    at workLoopSync (webpack-internal:///(app-pages-browser)/./node_modules/.pnpm/next@14.2.21_react-dom@18.3.1_react@18.3.1__react@18.3.1/node_modules/next/dist/compiled/react-dom/cjs/react-dom.development.js:25464:5)
    at renderRootSync (webpack-internal:///(app-pages-browser)/./node_modules/.pnpm/next@14.2.21_react-dom@18.3.1_react@18.3.1__react@18.3.1/node_modules/next/dist/compiled/react-dom/cjs/react-dom.development.js:25419:7)
    at performConcurrentWorkOnRoot (webpack-internal:///(app-pages-browser)/./node_modules/.pnpm/next@14.2.21_react-dom@18.3.1_react@18.3.1__react@18.3.1/node_modules/next/dist/compiled/react-dom/cjs/react-dom.development.js:24504:74)
    at workLoop (webpack-internal:///(app-pages-browser)/./node_modules/.pnpm/next@14.2.21_react-dom@18.3.1_react@18.3.1__react@18.3.1/node_modules/next/dist/compiled/scheduler/cjs/scheduler.development.js:256:34)
    at flushWork (webpack-internal:///(app-pages-browser)/./node_modules/.pnpm/next@14.2.21_react-dom@18.3.1_react@18.3.1__react@18.3.1/node_modules/next/dist/compiled/scheduler/cjs/scheduler.development.js:225:14)
    at MessagePort.performWorkUntilDeadline (webpack-internal:///(app-pages-browser)/./node_modules/.pnpm/next@14.2.21_react-dom@18.3.1_react@18.3.1__react@18.3.1/node_modules/next/dist/compiled/scheduler/cjs/scheduler.development.js:534:21)
[ 1127696ms] ReferenceError: createPortal is not defined
    at DroppableColumn (webpack-internal:///(app-pages-browser)/./src/components/inmobiliaria/PipelineBoard.tsx:298:103)
    at renderWithHooks (webpack-internal:///(app-pages-browser)/./node_modules/.pnpm/next@14.2.21_react-dom@18.3.1_react@18.3.1__react@18.3.1/node_modules/next/dist/compiled/react-dom/cjs/react-dom.development.js:11121:18)
    at mountIndeterminateComponent (webpack-internal:///(app-pages-browser)/./node_modules/.pnpm/next@14.2.21_react-dom@18.3.1_react@18.3.1__react@18.3.1/node_modules/next/dist/compiled/react-dom/cjs/react-dom.development.js:16869:13)
    at beginWork$1 (webpack-internal:///(app-pages-browser)/./node_modules/.pnpm/next@14.2.21_react-dom@18.3.1_react@18.3.1__react@18.3.1/node_modules/next/dist/compiled/react-dom/cjs/react-dom.development.js:18458:16)
    at beginWork (webpack-internal:///(app-pages-browser)/./node_modules/.pnpm/next@14.2.21_react-dom@18.3.1_react@18.3.1__react@18.3.1/node_modules/next/dist/compiled/react-dom/cjs/react-dom.development.js:26927:14)
    at performUnitOfWork (webpack-internal:///(app-pages-browser)/./node_modules/.pnpm/next@14.2.21_react-dom@18.3.1_react@18.3.1__react@18.3.1/node_modules/next/dist/compiled/react-dom/cjs/react-dom.development.js:25748:12)
    at workLoopSync (webpack-internal:///(app-pages-browser)/./node_modules/.pnpm/next@14.2.21_react-dom@18.3.1_react@18.3.1__react@18.3.1/node_modules/next/dist/compiled/react-dom/cjs/react-dom.development.js:25464:5)
    at renderRootSync (webpack-internal:///(app-pages-browser)/./node_modules/.pnpm/next@14.2.21_react-dom@18.3.1_react@18.3.1__react@18.3.1/node_modules/next/dist/compiled/react-dom/cjs/react-dom.development.js:25419:7)
    at performConcurrentWorkOnRoot (webpack-internal:///(app-pages-browser)/./node_modules/.pnpm/next@14.2.21_react-dom@18.3.1_react@18.3.1__react@18.3.1/node_modules/next/dist/compiled/react-dom/cjs/react-dom.development.js:24504:74)
    at workLoop (webpack-internal:///(app-pages-browser)/./node_modules/.pnpm/next@14.2.21_react-dom@18.3.1_react@18.3.1__react@18.3.1/node_modules/next/dist/compiled/scheduler/cjs/scheduler.development.js:256:34)
    at flushWork (webpack-internal:///(app-pages-browser)/./node_modules/.pnpm/next@14.2.21_react-dom@18.3.1_react@18.3.1__react@18.3.1/node_modules/next/dist/compiled/scheduler/cjs/scheduler.development.js:225:14)
    at MessagePort.performWorkUntilDeadline (webpack-internal:///(app-pages-browser)/./node_modules/.pnpm/next@14.2.21_react-dom@18.3.1_react@18.3.1__react@18.3.1/node_modules/next/dist/compiled/scheduler/cjs/scheduler.development.js:534:21)
[ 1127696ms] ReferenceError: createPortal is not defined
    at DroppableColumn (webpack-internal:///(app-pages-browser)/./src/components/inmobiliaria/PipelineBoard.tsx:298:103)
    at renderWithHooks (webpack-internal:///(app-pages-browser)/./node_modules/.pnpm/next@14.2.21_react-dom@18.3.1_react@18.3.1__react@18.3.1/node_modules/next/dist/compiled/react-dom/cjs/react-dom.development.js:11121:18)
    at mountIndeterminateComponent (webpack-internal:///(app-pages-browser)/./node_modules/.pnpm/next@14.2.21_react-dom@18.3.1_react@18.3.1__react@18.3.1/node_modules/next/dist/compiled/react-dom/cjs/react-dom.development.js:16869:13)
    at beginWork$1 (webpack-internal:///(app-pages-browser)/./node_modules/.pnpm/next@14.2.21_react-dom@18.3.1_react@18.3.1__react@18.3.1/node_modules/next/dist/compiled/react-dom/cjs/react-dom.development.js:18458:16)
    at beginWork (webpack-internal:///(app-pages-browser)/./node_modules/.pnpm/next@14.2.21_react-dom@18.3.1_react@18.3.1__react@18.3.1/node_modules/next/dist/compiled/react-dom/cjs/react-dom.development.js:26927:14)
    at performUnitOfWork (webpack-internal:///(app-pages-browser)/./node_modules/.pnpm/next@14.2.21_react-dom@18.3.1_react@18.3.1__react@18.3.1/node_modules/next/dist/compiled/react-dom/cjs/react-dom.development.js:25748:12)
    at workLoopSync (webpack-internal:///(app-pages-browser)/./node_modules/.pnpm/next@14.2.21_react-dom@18.3.1_react@18.3.1__react@18.3.1/node_modules/next/dist/compiled/react-dom/cjs/react-dom.development.js:25464:5)
    at renderRootSync (webpack-internal:///(app-pages-browser)/./node_modules/.pnpm/next@14.2.21_react-dom@18.3.1_react@18.3.1__react@18.3.1/node_modules/next/dist/compiled/react-dom/cjs/react-dom.development.js:25419:7)
    at performConcurrentWorkOnRoot (webpack-internal:///(app-pages-browser)/./node_modules/.pnpm/next@14.2.21_react-dom@18.3.1_react@18.3.1__react@18.3.1/node_modules/next/dist/compiled/react-dom/cjs/react-dom.development.js:24504:74)
    at workLoop (webpack-internal:///(app-pages-browser)/./node_modules/.pnpm/next@14.2.21_react-dom@18.3.1_react@18.3.1__react@18.3.1/node_modules/next/dist/compiled/scheduler/cjs/scheduler.development.js:256:34)
    at flushWork (webpack-internal:///(app-pages-browser)/./node_modules/.pnpm/next@14.2.21_react-dom@18.3.1_react@18.3.1__react@18.3.1/node_modules/next/dist/compiled/scheduler/cjs/scheduler.development.js:225:14)
    at MessagePort.performWorkUntilDeadline (webpack-internal:///(app-pages-browser)/./node_modules/.pnpm/next@14.2.21_react-dom@18.3.1_react@18.3.1__react@18.3.1/node_modules/next/dist/compiled/scheduler/cjs/scheduler.development.js:534:21)
[ 1127697ms] ReferenceError: createPortal is not defined
    at DroppableColumn (webpack-internal:///(app-pages-browser)/./src/components/inmobiliaria/PipelineBoard.tsx:298:103)
    at renderWithHooks (webpack-internal:///(app-pages-browser)/./node_modules/.pnpm/next@14.2.21_react-dom@18.3.1_react@18.3.1__react@18.3.1/node_modules/next/dist/compiled/react-dom/cjs/react-dom.development.js:11121:18)
    at mountIndeterminateComponent (webpack-internal:///(app-pages-browser)/./node_modules/.pnpm/next@14.2.21_react-dom@18.3.1_react@18.3.1__react@18.3.1/node_modules/next/dist/compiled/react-dom/cjs/react-dom.development.js:16869:13)
    at beginWork$1 (webpack-internal:///(app-pages-browser)/./node_modules/.pnpm/next@14.2.21_react-dom@18.3.1_react@18.3.1__react@18.3.1/node_modules/next/dist/compiled/react-dom/cjs/react-dom.development.js:18458:16)
    at beginWork (webpack-internal:///(app-pages-browser)/./node_modules/.pnpm/next@14.2.21_react-dom@18.3.1_react@18.3.1__react@18.3.1/node_modules/next/dist/compiled/react-dom/cjs/react-dom.development.js:26927:14)
    at performUnitOfWork (webpack-internal:///(app-pages-browser)/./node_modules/.pnpm/next@14.2.21_react-dom@18.3.1_react@18.3.1__react@18.3.1/node_modules/next/dist/compiled/react-dom/cjs/react-dom.development.js:25748:12)
    at workLoopSync (webpack-internal:///(app-pages-browser)/./node_modules/.pnpm/next@14.2.21_react-dom@18.3.1_react@18.3.1__react@18.3.1/node_modules/next/dist/compiled/react-dom/cjs/react-dom.development.js:25464:5)
    at renderRootSync (webpack-internal:///(app-pages-browser)/./node_modules/.pnpm/next@14.2.21_react-dom@18.3.1_react@18.3.1__react@18.3.1/node_modules/next/dist/compiled/react-dom/cjs/react-dom.development.js:25419:7)
    at performConcurrentWorkOnRoot (webpack-internal:///(app-pages-browser)/./node_modules/.pnpm/next@14.2.21_react-dom@18.3.1_react@18.3.1__react@18.3.1/node_modules/next/dist/compiled/react-dom/cjs/react-dom.development.js:24504:74)
    at workLoop (webpack-internal:///(app-pages-browser)/./node_modules/.pnpm/next@14.2.21_react-dom@18.3.1_react@18.3.1__react@18.3.1/node_modules/next/dist/compiled/scheduler/cjs/scheduler.development.js:256:34)
    at flushWork (webpack-internal:///(app-pages-browser)/./node_modules/.pnpm/next@14.2.21_react-dom@18.3.1_react@18.3.1__react@18.3.1/node_modules/next/dist/compiled/scheduler/cjs/scheduler.development.js:225:14)
    at MessagePort.performWorkUntilDeadline (webpack-internal:///(app-pages-browser)/./node_modules/.pnpm/next@14.2.21_react-dom@18.3.1_react@18.3.1__react@18.3.1/node_modules/next/dist/compiled/scheduler/cjs/scheduler.development.js:534:21)
[ 1127697ms] ReferenceError: createPortal is not defined
    at DroppableColumn (webpack-internal:///(app-pages-browser)/./src/components/inmobiliaria/PipelineBoard.tsx:298:103)
    at renderWithHooks (webpack-internal:///(app-pages-browser)/./node_modules/.pnpm/next@14.2.21_react-dom@18.3.1_react@18.3.1__react@18.3.1/node_modules/next/dist/compiled/react-dom/cjs/react-dom.development.js:11121:18)
    at mountIndeterminateComponent (webpack-internal:///(app-pages-browser)/./node_modules/.pnpm/next@14.2.21_react-dom@18.3.1_react@18.3.1__react@18.3.1/node_modules/next/dist/compiled/react-dom/cjs/react-dom.development.js:16869:13)
    at beginWork$1 (webpack-internal:///(app-pages-browser)/./node_modules/.pnpm/next@14.2.21_react-dom@18.3.1_react@18.3.1__react@18.3.1/node_modules/next/dist/compiled/react-dom/cjs/react-dom.development.js:18458:16)
    at beginWork (webpack-internal:///(app-pages-browser)/./node_modules/.pnpm/next@14.2.21_react-dom@18.3.1_react@18.3.1__react@18.3.1/node_modules/next/dist/compiled/react-dom/cjs/react-dom.development.js:26927:14)
    at performUnitOfWork (webpack-internal:///(app-pages-browser)/./node_modules/.pnpm/next@14.2.21_react-dom@18.3.1_react@18.3.1__react@18.3.1/node_modules/next/dist/compiled/react-dom/cjs/react-dom.development.js:25748:12)
    at workLoopSync (webpack-internal:///(app-pages-browser)/./node_modules/.pnpm/next@14.2.21_react-dom@18.3.1_react@18.3.1__react@18.3.1/node_modules/next/dist/compiled/react-dom/cjs/react-dom.development.js:25464:5)
    at renderRootSync (webpack-internal:///(app-pages-browser)/./node_modules/.pnpm/next@14.2.21_react-dom@18.3.1_react@18.3.1__react@18.3.1/node_modules/next/dist/compiled/react-dom/cjs/react-dom.development.js:25419:7)
    at performConcurrentWorkOnRoot (webpack-internal:///(app-pages-browser)/./node_modules/.pnpm/next@14.2.21_react-dom@18.3.1_react@18.3.1__react@18.3.1/node_modules/next/dist/compiled/react-dom/cjs/react-dom.development.js:24504:74)
    at workLoop (webpack-internal:///(app-pages-browser)/./node_modules/.pnpm/next@14.2.21_react-dom@18.3.1_react@18.3.1__react@18.3.1/node_modules/next/dist/compiled/scheduler/cjs/scheduler.development.js:256:34)
    at flushWork (webpack-internal:///(app-pages-browser)/./node_modules/.pnpm/next@14.2.21_react-dom@18.3.1_react@18.3.1__react@18.3.1/node_modules/next/dist/compiled/scheduler/cjs/scheduler.development.js:225:14)
    at MessagePort.performWorkUntilDeadline (webpack-internal:///(app-pages-browser)/./node_modules/.pnpm/next@14.2.21_react-dom@18.3.1_react@18.3.1__react@18.3.1/node_modules/next/dist/compiled/scheduler/cjs/scheduler.development.js:534:21)
[ 1127697ms] ReferenceError: createPortal is not defined
    at DroppableColumn (webpack-internal:///(app-pages-browser)/./src/components/inmobiliaria/PipelineBoard.tsx:298:103)
    at renderWithHooks (webpack-internal:///(app-pages-browser)/./node_modules/.pnpm/next@14.2.21_react-dom@18.3.1_react@18.3.1__react@18.3.1/node_modules/next/dist/compiled/react-dom/cjs/react-dom.development.js:11121:18)
    at mountIndeterminateComponent (webpack-internal:///(app-pages-browser)/./node_modules/.pnpm/next@14.2.21_react-dom@18.3.1_react@18.3.1__react@18.3.1/node_modules/next/dist/compiled/react-dom/cjs/react-dom.development.js:16869:13)
    at beginWork$1 (webpack-internal:///(app-pages-browser)/./node_modules/.pnpm/next@14.2.21_react-dom@18.3.1_react@18.3.1__react@18.3.1/node_modules/next/dist/compiled/react-dom/cjs/react-dom.development.js:18458:16)
    at beginWork (webpack-internal:///(app-pages-browser)/./node_modules/.pnpm/next@14.2.21_react-dom@18.3.1_react@18.3.1__react@18.3.1/node_modules/next/dist/compiled/react-dom/cjs/react-dom.development.js:26927:14)
    at performUnitOfWork (webpack-internal:///(app-pages-browser)/./node_modules/.pnpm/next@14.2.21_react-dom@18.3.1_react@18.3.1__react@18.3.1/node_modules/next/dist/compiled/react-dom/cjs/react-dom.development.js:25748:12)
    at workLoopSync (webpack-internal:///(app-pages-browser)/./node_modules/.pnpm/next@14.2.21_react-dom@18.3.1_react@18.3.1__react@18.3.1/node_modules/next/dist/compiled/react-dom/cjs/react-dom.development.js:25464:5)
    at renderRootSync (webpack-internal:///(app-pages-browser)/./node_modules/.pnpm/next@14.2.21_react-dom@18.3.1_react@18.3.1__react@18.3.1/node_modules/next/dist/compiled/react-dom/cjs/react-dom.development.js:25419:7)
    at performConcurrentWorkOnRoot (webpack-internal:///(app-pages-browser)/./node_modules/.pnpm/next@14.2.21_react-dom@18.3.1_react@18.3.1__react@18.3.1/node_modules/next/dist/compiled/react-dom/cjs/react-dom.development.js:24504:74)
    at workLoop (webpack-internal:///(app-pages-browser)/./node_modules/.pnpm/next@14.2.21_react-dom@18.3.1_react@18.3.1__react@18.3.1/node_modules/next/dist/compiled/scheduler/cjs/scheduler.development.js:256:34)
    at flushWork (webpack-internal:///(app-pages-browser)/./node_modules/.pnpm/next@14.2.21_react-dom@18.3.1_react@18.3.1__react@18.3.1/node_modules/next/dist/compiled/scheduler/cjs/scheduler.development.js:225:14)
    at MessagePort.performWorkUntilDeadline (webpack-internal:///(app-pages-browser)/./node_modules/.pnpm/next@14.2.21_react-dom@18.3.1_react@18.3.1__react@18.3.1/node_modules/next/dist/compiled/scheduler/cjs/scheduler.development.js:534:21)
[ 1127697ms] ReferenceError: createPortal is not defined
    at DroppableColumn (webpack-internal:///(app-pages-browser)/./src/components/inmobiliaria/PipelineBoard.tsx:298:103)
    at renderWithHooks (webpack-internal:///(app-pages-browser)/./node_modules/.pnpm/next@14.2.21_react-dom@18.3.1_react@18.3.1__react@18.3.1/node_modules/next/dist/compiled/react-dom/cjs/react-dom.development.js:11121:18)
    at mountIndeterminateComponent (webpack-internal:///(app-pages-browser)/./node_modules/.pnpm/next@14.2.21_react-dom@18.3.1_react@18.3.1__react@18.3.1/node_modules/next/dist/compiled/react-dom/cjs/react-dom.development.js:16869:13)
    at beginWork$1 (webpack-internal:///(app-pages-browser)/./node_modules/.pnpm/next@14.2.21_react-dom@18.3.1_react@18.3.1__react@18.3.1/node_modules/next/dist/compiled/react-dom/cjs/react-dom.development.js:18458:16)
    at beginWork (webpack-internal:///(app-pages-browser)/./node_modules/.pnpm/next@14.2.21_react-dom@18.3.1_react@18.3.1__react@18.3.1/node_modules/next/dist/compiled/react-dom/cjs/react-dom.development.js:26927:14)
    at performUnitOfWork (webpack-internal:///(app-pages-browser)/./node_modules/.pnpm/next@14.2.21_react-dom@18.3.1_react@18.3.1__react@18.3.1/node_modules/next/dist/compiled/react-dom/cjs/react-dom.development.js:25748:12)
    at workLoopSync (webpack-internal:///(app-pages-browser)/./node_modules/.pnpm/next@14.2.21_react-dom@18.3.1_react@18.3.1__react@18.3.1/node_modules/next/dist/compiled/react-dom/cjs/react-dom.development.js:25464:5)
    at renderRootSync (webpack-internal:///(app-pages-browser)/./node_modules/.pnpm/next@14.2.21_react-dom@18.3.1_react@18.3.1__react@18.3.1/node_modules/next/dist/compiled/react-dom/cjs/react-dom.development.js:25419:7)
    at performConcurrentWorkOnRoot (webpack-internal:///(app-pages-browser)/./node_modules/.pnpm/next@14.2.21_react-dom@18.3.1_react@18.3.1__react@18.3.1/node_modules/next/dist/compiled/react-dom/cjs/react-dom.development.js:24504:74)
    at workLoop (webpack-internal:///(app-pages-browser)/./node_modules/.pnpm/next@14.2.21_react-dom@18.3.1_react@18.3.1__react@18.3.1/node_modules/next/dist/compiled/scheduler/cjs/scheduler.development.js:256:34)
    at flushWork (webpack-internal:///(app-pages-browser)/./node_modules/.pnpm/next@14.2.21_react-dom@18.3.1_react@18.3.1__react@18.3.1/node_modules/next/dist/compiled/scheduler/cjs/scheduler.development.js:225:14)
    at MessagePort.performWorkUntilDeadline (webpack-internal:///(app-pages-browser)/./node_modules/.pnpm/next@14.2.21_react-dom@18.3.1_react@18.3.1__react@18.3.1/node_modules/next/dist/compiled/scheduler/cjs/scheduler.development.js:534:21)
[ 1127697ms] ReferenceError: createPortal is not defined
    at DroppableColumn (webpack-internal:///(app-pages-browser)/./src/components/inmobiliaria/PipelineBoard.tsx:298:103)
    at renderWithHooks (webpack-internal:///(app-pages-browser)/./node_modules/.pnpm/next@14.2.21_react-dom@18.3.1_react@18.3.1__react@18.3.1/node_modules/next/dist/compiled/react-dom/cjs/react-dom.development.js:11121:18)
    at mountIndeterminateComponent (webpack-internal:///(app-pages-browser)/./node_modules/.pnpm/next@14.2.21_react-dom@18.3.1_react@18.3.1__react@18.3.1/node_modules/next/dist/compiled/react-dom/cjs/react-dom.development.js:16869:13)
    at beginWork$1 (webpack-internal:///(app-pages-browser)/./node_modules/.pnpm/next@14.2.21_react-dom@18.3.1_react@18.3.1__react@18.3.1/node_modules/next/dist/compiled/react-dom/cjs/react-dom.development.js:18458:16)
    at HTMLUnknownElement.callCallback (webpack-internal:///(app-pages-browser)/./node_modules/.pnpm/next@14.2.21_react-dom@18.3.1_react@18.3.1__react@18.3.1/node_modules/next/dist/compiled/react-dom/cjs/react-dom.development.js:20565:14)
    at Object.invokeGuardedCallbackImpl (webpack-internal:///(app-pages-browser)/./node_modules/.pnpm/next@14.2.21_react-dom@18.3.1_react@18.3.1__react@18.3.1/node_modules/next/dist/compiled/react-dom/cjs/react-dom.development.js:20614:16)
    at invokeGuardedCallback (webpack-internal:///(app-pages-browser)/./node_modules/.pnpm/next@14.2.21_react-dom@18.3.1_react@18.3.1__react@18.3.1/node_modules/next/dist/compiled/react-dom/cjs/react-dom.development.js:20689:29)
    at beginWork (webpack-internal:///(app-pages-browser)/./node_modules/.pnpm/next@14.2.21_react-dom@18.3.1_react@18.3.1__react@18.3.1/node_modules/next/dist/compiled/react-dom/cjs/react-dom.development.js:26949:7)
    at performUnitOfWork (webpack-internal:///(app-pages-browser)/./node_modules/.pnpm/next@14.2.21_react-dom@18.3.1_react@18.3.1__react@18.3.1/node_modules/next/dist/compiled/react-dom/cjs/react-dom.development.js:25748:12)
    at workLoopSync (webpack-internal:///(app-pages-browser)/./node_modules/.pnpm/next@14.2.21_react-dom@18.3.1_react@18.3.1__react@18.3.1/node_modules/next/dist/compiled/react-dom/cjs/react-dom.development.js:25464:5)
    at renderRootSync (webpack-internal:///(app-pages-browser)/./node_modules/.pnpm/next@14.2.21_react-dom@18.3.1_react@18.3.1__react@18.3.1/node_modules/next/dist/compiled/react-dom/cjs/react-dom.development.js:25419:7)
    at recoverFromConcurrentError (webpack-internal:///(app-pages-browser)/./node_modules/.pnpm/next@14.2.21_react-dom@18.3.1_react@18.3.1__react@18.3.1/node_modules/next/dist/compiled/react-dom/cjs/react-dom.development.js:24597:20)
    at performConcurrentWorkOnRoot (webpack-internal:///(app-pages-browser)/./node_modules/.pnpm/next@14.2.21_react-dom@18.3.1_react@18.3.1__react@18.3.1/node_modules/next/dist/compiled/react-dom/cjs/react-dom.development.js:24542:26)
    at workLoop (webpack-internal:///(app-pages-browser)/./node_modules/.pnpm/next@14.2.21_react-dom@18.3.1_react@18.3.1__react@18.3.1/node_modules/next/dist/compiled/scheduler/cjs/scheduler.development.js:256:34)
    at flushWork (webpack-internal:///(app-pages-browser)/./node_modules/.pnpm/next@14.2.21_react-dom@18.3.1_react@18.3.1__react@18.3.1/node_modules/next/dist/compiled/scheduler/cjs/scheduler.development.js:225:14)
    at MessagePort.performWorkUntilDeadline (webpack-internal:///(app-pages-browser)/./node_modules/.pnpm/next@14.2.21_react-dom@18.3.1_react@18.3.1__react@18.3.1/node_modules/next/dist/compiled/scheduler/cjs/scheduler.development.js:534:21)
[ 1127698ms] ReferenceError: createPortal is not defined
    at DroppableColumn (webpack-internal:///(app-pages-browser)/./src/components/inmobiliaria/PipelineBoard.tsx:298:103)
    at renderWithHooks (webpack-internal:///(app-pages-browser)/./node_modules/.pnpm/next@14.2.21_react-dom@18.3.1_react@18.3.1__react@18.3.1/node_modules/next/dist/compiled/react-dom/cjs/react-dom.development.js:11121:18)
    at mountIndeterminateComponent (webpack-internal:///(app-pages-browser)/./node_modules/.pnpm/next@14.2.21_react-dom@18.3.1_react@18.3.1__react@18.3.1/node_modules/next/dist/compiled/react-dom/cjs/react-dom.development.js:16869:13)
    at beginWork$1 (webpack-internal:///(app-pages-browser)/./node_modules/.pnpm/next@14.2.21_react-dom@18.3.1_react@18.3.1__react@18.3.1/node_modules/next/dist/compiled/react-dom/cjs/react-dom.development.js:18458:16)
    at beginWork (webpack-internal:///(app-pages-browser)/./node_modules/.pnpm/next@14.2.21_react-dom@18.3.1_react@18.3.1__react@18.3.1/node_modules/next/dist/compiled/react-dom/cjs/react-dom.development.js:26927:14)
    at performUnitOfWork (webpack-internal:///(app-pages-browser)/./node_modules/.pnpm/next@14.2.21_react-dom@18.3.1_react@18.3.1__react@18.3.1/node_modules/next/dist/compiled/react-dom/cjs/react-dom.development.js:25748:12)
    at workLoopSync (webpack-internal:///(app-pages-browser)/./node_modules/.pnpm/next@14.2.21_react-dom@18.3.1_react@18.3.1__react@18.3.1/node_modules/next/dist/compiled/react-dom/cjs/react-dom.development.js:25464:5)
    at renderRootSync (webpack-internal:///(app-pages-browser)/./node_modules/.pnpm/next@14.2.21_react-dom@18.3.1_react@18.3.1__react@18.3.1/node_modules/next/dist/compiled/react-dom/cjs/react-dom.development.js:25419:7)
    at recoverFromConcurrentError (webpack-internal:///(app-pages-browser)/./node_modules/.pnpm/next@14.2.21_react-dom@18.3.1_react@18.3.1__react@18.3.1/node_modules/next/dist/compiled/react-dom/cjs/react-dom.development.js:24597:20)
    at performConcurrentWorkOnRoot (webpack-internal:///(app-pages-browser)/./node_modules/.pnpm/next@14.2.21_react-dom@18.3.1_react@18.3.1__react@18.3.1/node_modules/next/dist/compiled/react-dom/cjs/react-dom.development.js:24542:26)
    at workLoop (webpack-internal:///(app-pages-browser)/./node_modules/.pnpm/next@14.2.21_react-dom@18.3.1_react@18.3.1__react@18.3.1/node_modules/next/dist/compiled/scheduler/cjs/scheduler.development.js:256:34)
    at flushWork (webpack-internal:///(app-pages-browser)/./node_modules/.pnpm/next@14.2.21_react-dom@18.3.1_react@18.3.1__react@18.3.1/node_modules/next/dist/compiled/scheduler/cjs/scheduler.development.js:225:14)
    at MessagePort.performWorkUntilDeadline (webpack-internal:///(app-pages-browser)/./node_modules/.pnpm/next@14.2.21_react-dom@18.3.1_react@18.3.1__react@18.3.1/node_modules/next/dist/compiled/scheduler/cjs/scheduler.development.js:534:21)
[ 1127698ms] ReferenceError: createPortal is not defined
    at DroppableColumn (webpack-internal:///(app-pages-browser)/./src/components/inmobiliaria/PipelineBoard.tsx:298:103)
    at renderWithHooks (webpack-internal:///(app-pages-browser)/./node_modules/.pnpm/next@14.2.21_react-dom@18.3.1_react@18.3.1__react@18.3.1/node_modules/next/dist/compiled/react-dom/cjs/react-dom.development.js:11121:18)
    at mountIndeterminateComponent (webpack-internal:///(app-pages-browser)/./node_modules/.pnpm/next@14.2.21_react-dom@18.3.1_react@18.3.1__react@18.3.1/node_modules/next/dist/compiled/react-dom/cjs/react-dom.development.js:16869:13)
    at beginWork$1 (webpack-internal:///(app-pages-browser)/./node_modules/.pnpm/next@14.2.21_react-dom@18.3.1_react@18.3.1__react@18.3.1/node_modules/next/dist/compiled/react-dom/cjs/react-dom.development.js:18458:16)
    at beginWork (webpack-internal:///(app-pages-browser)/./node_modules/.pnpm/next@14.2.21_react-dom@18.3.1_react@18.3.1__react@18.3.1/node_modules/next/dist/compiled/react-dom/cjs/react-dom.development.js:26927:14)
    at performUnitOfWork (webpack-internal:///(app-pages-browser)/./node_modules/.pnpm/next@14.2.21_react-dom@18.3.1_react@18.3.1__react@18.3.1/node_modules/next/dist/compiled/react-dom/cjs/react-dom.development.js:25748:12)
    at workLoopSync (webpack-internal:///(app-pages-browser)/./node_modules/.pnpm/next@14.2.21_react-dom@18.3.1_react@18.3.1__react@18.3.1/node_modules/next/dist/compiled/react-dom/cjs/react-dom.development.js:25464:5)
    at renderRootSync (webpack-internal:///(app-pages-browser)/./node_modules/.pnpm/next@14.2.21_react-dom@18.3.1_react@18.3.1__react@18.3.1/node_modules/next/dist/compiled/react-dom/cjs/react-dom.development.js:25419:7)
    at recoverFromConcurrentError (webpack-internal:///(app-pages-browser)/./node_modules/.pnpm/next@14.2.21_react-dom@18.3.1_react@18.3.1__react@18.3.1/node_modules/next/dist/compiled/react-dom/cjs/react-dom.development.js:24597:20)
    at performConcurrentWorkOnRoot (webpack-internal:///(app-pages-browser)/./node_modules/.pnpm/next@14.2.21_react-dom@18.3.1_react@18.3.1__react@18.3.1/node_modules/next/dist/compiled/react-dom/cjs/react-dom.development.js:24542:26)
    at workLoop (webpack-internal:///(app-pages-browser)/./node_modules/.pnpm/next@14.2.21_react-dom@18.3.1_react@18.3.1__react@18.3.1/node_modules/next/dist/compiled/scheduler/cjs/scheduler.development.js:256:34)
    at flushWork (webpack-internal:///(app-pages-browser)/./node_modules/.pnpm/next@14.2.21_react-dom@18.3.1_react@18.3.1__react@18.3.1/node_modules/next/dist/compiled/scheduler/cjs/scheduler.development.js:225:14)
    at MessagePort.performWorkUntilDeadline (webpack-internal:///(app-pages-browser)/./node_modules/.pnpm/next@14.2.21_react-dom@18.3.1_react@18.3.1__react@18.3.1/node_modules/next/dist/compiled/scheduler/cjs/scheduler.development.js:534:21)
[ 1127698ms] ReferenceError: createPortal is not defined
    at DroppableColumn (webpack-internal:///(app-pages-browser)/./src/components/inmobiliaria/PipelineBoard.tsx:298:103)
    at renderWithHooks (webpack-internal:///(app-pages-browser)/./node_modules/.pnpm/next@14.2.21_react-dom@18.3.1_react@18.3.1__react@18.3.1/node_modules/next/dist/compiled/react-dom/cjs/react-dom.development.js:11121:18)
    at mountIndeterminateComponent (webpack-internal:///(app-pages-browser)/./node_modules/.pnpm/next@14.2.21_react-dom@18.3.1_react@18.3.1__react@18.3.1/node_modules/next/dist/compiled/react-dom/cjs/react-dom.development.js:16869:13)
    at beginWork$1 (webpack-internal:///(app-pages-browser)/./node_modules/.pnpm/next@14.2.21_react-dom@18.3.1_react@18.3.1__react@18.3.1/node_modules/next/dist/compiled/react-dom/cjs/react-dom.development.js:18458:16)
    at beginWork (webpack-internal:///(app-pages-browser)/./node_modules/.pnpm/next@14.2.21_react-dom@18.3.1_react@18.3.1__react@18.3.1/node_modules/next/dist/compiled/react-dom/cjs/react-dom.development.js:26927:14)
    at performUnitOfWork (webpack-internal:///(app-pages-browser)/./node_modules/.pnpm/next@14.2.21_react-dom@18.3.1_react@18.3.1__react@18.3.1/node_modules/next/dist/compiled/react-dom/cjs/react-dom.development.js:25748:12)
    at workLoopSync (webpack-internal:///(app-pages-browser)/./node_modules/.pnpm/next@14.2.21_react-dom@18.3.1_react@18.3.1__react@18.3.1/node_modules/next/dist/compiled/react-dom/cjs/react-dom.development.js:25464:5)
    at renderRootSync (webpack-internal:///(app-pages-browser)/./node_modules/.pnpm/next@14.2.21_react-dom@18.3.1_react@18.3.1__react@18.3.1/node_modules/next/dist/compiled/react-dom/cjs/react-dom.development.js:25419:7)
    at recoverFromConcurrentError (webpack-internal:///(app-pages-browser)/./node_modules/.pnpm/next@14.2.21_react-dom@18.3.1_react@18.3.1__react@18.3.1/node_modules/next/dist/compiled/react-dom/cjs/react-dom.development.js:24597:20)
    at performConcurrentWorkOnRoot (webpack-internal:///(app-pages-browser)/./node_modules/.pnpm/next@14.2.21_react-dom@18.3.1_react@18.3.1__react@18.3.1/node_modules/next/dist/compiled/react-dom/cjs/react-dom.development.js:24542:26)
    at workLoop (webpack-internal:///(app-pages-browser)/./node_modules/.pnpm/next@14.2.21_react-dom@18.3.1_react@18.3.1__react@18.3.1/node_modules/next/dist/compiled/scheduler/cjs/scheduler.development.js:256:34)
    at flushWork (webpack-internal:///(app-pages-browser)/./node_modules/.pnpm/next@14.2.21_react-dom@18.3.1_react@18.3.1__react@18.3.1/node_modules/next/dist/compiled/scheduler/cjs/scheduler.development.js:225:14)
    at MessagePort.performWorkUntilDeadline (webpack-internal:///(app-pages-browser)/./node_modules/.pnpm/next@14.2.21_react-dom@18.3.1_react@18.3.1__react@18.3.1/node_modules/next/dist/compiled/scheduler/cjs/scheduler.development.js:534:21)
[ 1127698ms] ReferenceError: createPortal is not defined
    at DroppableColumn (webpack-internal:///(app-pages-browser)/./src/components/inmobiliaria/PipelineBoard.tsx:298:103)
    at renderWithHooks (webpack-internal:///(app-pages-browser)/./node_modules/.pnpm/next@14.2.21_react-dom@18.3.1_react@18.3.1__react@18.3.1/node_modules/next/dist/compiled/react-dom/cjs/react-dom.development.js:11121:18)
    at mountIndeterminateComponent (webpack-internal:///(app-pages-browser)/./node_modules/.pnpm/next@14.2.21_react-dom@18.3.1_react@18.3.1__react@18.3.1/node_modules/next/dist/compiled/react-dom/cjs/react-dom.development.js:16869:13)
    at beginWork$1 (webpack-internal:///(app-pages-browser)/./node_modules/.pnpm/next@14.2.21_react-dom@18.3.1_react@18.3.1__react@18.3.1/node_modules/next/dist/compiled/react-dom/cjs/react-dom.development.js:18458:16)
    at beginWork (webpack-internal:///(app-pages-browser)/./node_modules/.pnpm/next@14.2.21_react-dom@18.3.1_react@18.3.1__react@18.3.1/node_modules/next/dist/compiled/react-dom/cjs/react-dom.development.js:26927:14)
    at performUnitOfWork (webpack-internal:///(app-pages-browser)/./node_modules/.pnpm/next@14.2.21_react-dom@18.3.1_react@18.3.1__react@18.3.1/node_modules/next/dist/compiled/react-dom/cjs/react-dom.development.js:25748:12)
    at workLoopSync (webpack-internal:///(app-pages-browser)/./node_modules/.pnpm/next@14.2.21_react-dom@18.3.1_react@18.3.1__react@18.3.1/node_modules/next/dist/compiled/react-dom/cjs/react-dom.development.js:25464:5)
    at renderRootSync (webpack-internal:///(app-pages-browser)/./node_modules/.pnpm/next@14.2.21_react-dom@18.3.1_react@18.3.1__react@18.3.1/node_modules/next/dist/compiled/react-dom/cjs/react-dom.development.js:25419:7)
    at recoverFromConcurrentError (webpack-internal:///(app-pages-browser)/./node_modules/.pnpm/next@14.2.21_react-dom@18.3.1_react@18.3.1__react@18.3.1/node_modules/next/dist/compiled/react-dom/cjs/react-dom.development.js:24597:20)
    at performConcurrentWorkOnRoot (webpack-internal:///(app-pages-browser)/./node_modules/.pnpm/next@14.2.21_react-dom@18.3.1_react@18.3.1__react@18.3.1/node_modules/next/dist/compiled/react-dom/cjs/react-dom.development.js:24542:26)
    at workLoop (webpack-internal:///(app-pages-browser)/./node_modules/.pnpm/next@14.2.21_react-dom@18.3.1_react@18.3.1__react@18.3.1/node_modules/next/dist/compiled/scheduler/cjs/scheduler.development.js:256:34)
    at flushWork (webpack-internal:///(app-pages-browser)/./node_modules/.pnpm/next@14.2.21_react-dom@18.3.1_react@18.3.1__react@18.3.1/node_modules/next/dist/compiled/scheduler/cjs/scheduler.development.js:225:14)
    at MessagePort.performWorkUntilDeadline (webpack-internal:///(app-pages-browser)/./node_modules/.pnpm/next@14.2.21_react-dom@18.3.1_react@18.3.1__react@18.3.1/node_modules/next/dist/compiled/scheduler/cjs/scheduler.development.js:534:21)
[ 1127698ms] ReferenceError: createPortal is not defined
    at DroppableColumn (webpack-internal:///(app-pages-browser)/./src/components/inmobiliaria/PipelineBoard.tsx:298:103)
    at renderWithHooks (webpack-internal:///(app-pages-browser)/./node_modules/.pnpm/next@14.2.21_react-dom@18.3.1_react@18.3.1__react@18.3.1/node_modules/next/dist/compiled/react-dom/cjs/react-dom.development.js:11121:18)
    at mountIndeterminateComponent (webpack-internal:///(app-pages-browser)/./node_modules/.pnpm/next@14.2.21_react-dom@18.3.1_react@18.3.1__react@18.3.1/node_modules/next/dist/compiled/react-dom/cjs/react-dom.development.js:16869:13)
    at beginWork$1 (webpack-internal:///(app-pages-browser)/./node_modules/.pnpm/next@14.2.21_react-dom@18.3.1_react@18.3.1__react@18.3.1/node_modules/next/dist/compiled/react-dom/cjs/react-dom.development.js:18458:16)
    at beginWork (webpack-internal:///(app-pages-browser)/./node_modules/.pnpm/next@14.2.21_react-dom@18.3.1_react@18.3.1__react@18.3.1/node_modules/next/dist/compiled/react-dom/cjs/react-dom.development.js:26927:14)
    at performUnitOfWork (webpack-internal:///(app-pages-browser)/./node_modules/.pnpm/next@14.2.21_react-dom@18.3.1_react@18.3.1__react@18.3.1/node_modules/next/dist/compiled/react-dom/cjs/react-dom.development.js:25748:12)
    at workLoopSync (webpack-internal:///(app-pages-browser)/./node_modules/.pnpm/next@14.2.21_react-dom@18.3.1_react@18.3.1__react@18.3.1/node_modules/next/dist/compiled/react-dom/cjs/react-dom.development.js:25464:5)
    at renderRootSync (webpack-internal:///(app-pages-browser)/./node_modules/.pnpm/next@14.2.21_react-dom@18.3.1_react@18.3.1__react@18.3.1/node_modules/next/dist/compiled/react-dom/cjs/react-dom.development.js:25419:7)
    at recoverFromConcurrentError (webpack-internal:///(app-pages-browser)/./node_modules/.pnpm/next@14.2.21_react-dom@18.3.1_react@18.3.1__react@18.3.1/node_modules/next/dist/compiled/react-dom/cjs/react-dom.development.js:24597:20)
    at performConcurrentWorkOnRoot (webpack-internal:///(app-pages-browser)/./node_modules/.pnpm/next@14.2.21_react-dom@18.3.1_react@18.3.1__react@18.3.1/node_modules/next/dist/compiled/react-dom/cjs/react-dom.development.js:24542:26)
    at workLoop (webpack-internal:///(app-pages-browser)/./node_modules/.pnpm/next@14.2.21_react-dom@18.3.1_react@18.3.1__react@18.3.1/node_modules/next/dist/compiled/scheduler/cjs/scheduler.development.js:256:34)
    at flushWork (webpack-internal:///(app-pages-browser)/./node_modules/.pnpm/next@14.2.21_react-dom@18.3.1_react@18.3.1__react@18.3.1/node_modules/next/dist/compiled/scheduler/cjs/scheduler.development.js:225:14)
    at MessagePort.performWorkUntilDeadline (webpack-internal:///(app-pages-browser)/./node_modules/.pnpm/next@14.2.21_react-dom@18.3.1_react@18.3.1__react@18.3.1/node_modules/next/dist/compiled/scheduler/cjs/scheduler.development.js:534:21)
[ 1127699ms] ReferenceError: createPortal is not defined
    at DroppableColumn (webpack-internal:///(app-pages-browser)/./src/components/inmobiliaria/PipelineBoard.tsx:298:103)
    at renderWithHooks (webpack-internal:///(app-pages-browser)/./node_modules/.pnpm/next@14.2.21_react-dom@18.3.1_react@18.3.1__react@18.3.1/node_modules/next/dist/compiled/react-dom/cjs/react-dom.development.js:11121:18)
    at mountIndeterminateComponent (webpack-internal:///(app-pages-browser)/./node_modules/.pnpm/next@14.2.21_react-dom@18.3.1_react@18.3.1__react@18.3.1/node_modules/next/dist/compiled/react-dom/cjs/react-dom.development.js:16869:13)
    at beginWork$1 (webpack-internal:///(app-pages-browser)/./node_modules/.pnpm/next@14.2.21_react-dom@18.3.1_react@18.3.1__react@18.3.1/node_modules/next/dist/compiled/react-dom/cjs/react-dom.development.js:18458:16)
    at beginWork (webpack-internal:///(app-pages-browser)/./node_modules/.pnpm/next@14.2.21_react-dom@18.3.1_react@18.3.1__react@18.3.1/node_modules/next/dist/compiled/react-dom/cjs/react-dom.development.js:26927:14)
    at performUnitOfWork (webpack-internal:///(app-pages-browser)/./node_modules/.pnpm/next@14.2.21_react-dom@18.3.1_react@18.3.1__react@18.3.1/node_modules/next/dist/compiled/react-dom/cjs/react-dom.development.js:25748:12)
    at workLoopSync (webpack-internal:///(app-pages-browser)/./node_modules/.pnpm/next@14.2.21_react-dom@18.3.1_react@18.3.1__react@18.3.1/node_modules/next/dist/compiled/react-dom/cjs/react-dom.development.js:25464:5)
    at renderRootSync (webpack-internal:///(app-pages-browser)/./node_modules/.pnpm/next@14.2.21_react-dom@18.3.1_react@18.3.1__react@18.3.1/node_modules/next/dist/compiled/react-dom/cjs/react-dom.development.js:25419:7)
    at recoverFromConcurrentError (webpack-internal:///(app-pages-browser)/./node_modules/.pnpm/next@14.2.21_react-dom@18.3.1_react@18.3.1__react@18.3.1/node_modules/next/dist/compiled/react-dom/cjs/react-dom.development.js:24597:20)
    at performConcurrentWorkOnRoot (webpack-internal:///(app-pages-browser)/./node_modules/.pnpm/next@14.2.21_react-dom@18.3.1_react@18.3.1__react@18.3.1/node_modules/next/dist/compiled/react-dom/cjs/react-dom.development.js:24542:26)
    at workLoop (webpack-internal:///(app-pages-browser)/./node_modules/.pnpm/next@14.2.21_react-dom@18.3.1_react@18.3.1__react@18.3.1/node_modules/next/dist/compiled/scheduler/cjs/scheduler.development.js:256:34)
    at flushWork (webpack-internal:///(app-pages-browser)/./node_modules/.pnpm/next@14.2.21_react-dom@18.3.1_react@18.3.1__react@18.3.1/node_modules/next/dist/compiled/scheduler/cjs/scheduler.development.js:225:14)
    at MessagePort.performWorkUntilDeadline (webpack-internal:///(app-pages-browser)/./node_modules/.pnpm/next@14.2.21_react-dom@18.3.1_react@18.3.1__react@18.3.1/node_modules/next/dist/compiled/scheduler/cjs/scheduler.development.js:534:21)
[ 1127700ms] ReferenceError: createPortal is not defined
    at DroppableColumn (webpack-internal:///(app-pages-browser)/./src/components/inmobiliaria/PipelineBoard.tsx:298:103)
    at renderWithHooks (webpack-internal:///(app-pages-browser)/./node_modules/.pnpm/next@14.2.21_react-dom@18.3.1_react@18.3.1__react@18.3.1/node_modules/next/dist/compiled/react-dom/cjs/react-dom.development.js:11121:18)
    at mountIndeterminateComponent (webpack-internal:///(app-pages-browser)/./node_modules/.pnpm/next@14.2.21_react-dom@18.3.1_react@18.3.1__react@18.3.1/node_modules/next/dist/compiled/react-dom/cjs/react-dom.development.js:16869:13)
    at beginWork$1 (webpack-internal:///(app-pages-browser)/./node_modules/.pnpm/next@14.2.21_react-dom@18.3.1_react@18.3.1__react@18.3.1/node_modules/next/dist/compiled/react-dom/cjs/react-dom.development.js:18458:16)
    at beginWork (webpack-internal:///(app-pages-browser)/./node_modules/.pnpm/next@14.2.21_react-dom@18.3.1_react@18.3.1__react@18.3.1/node_modules/next/dist/compiled/react-dom/cjs/react-dom.development.js:26927:14)
    at performUnitOfWork (webpack-internal:///(app-pages-browser)/./node_modules/.pnpm/next@14.2.21_react-dom@18.3.1_react@18.3.1__react@18.3.1/node_modules/next/dist/compiled/react-dom/cjs/react-dom.development.js:25748:12)
    at workLoopSync (webpack-internal:///(app-pages-browser)/./node_modules/.pnpm/next@14.2.21_react-dom@18.3.1_react@18.3.1__react@18.3.1/node_modules/next/dist/compiled/react-dom/cjs/react-dom.development.js:25464:5)
    at renderRootSync (webpack-internal:///(app-pages-browser)/./node_modules/.pnpm/next@14.2.21_react-dom@18.3.1_react@18.3.1__react@18.3.1/node_modules/next/dist/compiled/react-dom/cjs/react-dom.development.js:25419:7)
    at recoverFromConcurrentError (webpack-internal:///(app-pages-browser)/./node_modules/.pnpm/next@14.2.21_react-dom@18.3.1_react@18.3.1__react@18.3.1/node_modules/next/dist/compiled/react-dom/cjs/react-dom.development.js:24597:20)
    at performConcurrentWorkOnRoot (webpack-internal:///(app-pages-browser)/./node_modules/.pnpm/next@14.2.21_react-dom@18.3.1_react@18.3.1__react@18.3.1/node_modules/next/dist/compiled/react-dom/cjs/react-dom.development.js:24542:26)
    at workLoop (webpack-internal:///(app-pages-browser)/./node_modules/.pnpm/next@14.2.21_react-dom@18.3.1_react@18.3.1__react@18.3.1/node_modules/next/dist/compiled/scheduler/cjs/scheduler.development.js:256:34)
    at flushWork (webpack-internal:///(app-pages-browser)/./node_modules/.pnpm/next@14.2.21_react-dom@18.3.1_react@18.3.1__react@18.3.1/node_modules/next/dist/compiled/scheduler/cjs/scheduler.development.js:225:14)
    at MessagePort.performWorkUntilDeadline (webpack-internal:///(app-pages-browser)/./node_modules/.pnpm/next@14.2.21_react-dom@18.3.1_react@18.3.1__react@18.3.1/node_modules/next/dist/compiled/scheduler/cjs/scheduler.development.js:534:21)
[ 1127701ms] [ERROR] The above error occurred in the <NotFoundErrorBoundary> component:

    at DroppableColumn (webpack-internal:///(app-pages-browser)/./src/components/inmobiliaria/PipelineBoard.tsx:74:11)
    at div
    at div
    at DndContext (webpack-internal:///(app-pages-browser)/./node_modules/.pnpm/@dnd-kit+core@6.3.1_react-dom@18.3.1_react@18.3.1__react@18.3.1/node_modules/@dnd-kit/core/dist/core.esm.js:2898:5)
    at PipelineBoard (webpack-internal:///(app-pages-browser)/./src/components/inmobiliaria/PipelineBoard.tsx:509:11)
    at div
    at MotionDOMComponent (webpack-internal:///(app-pages-browser)/./node_modules/.pnpm/framer-motion@12.27.1_react-dom@18.3.1_react@18.3.1__react@18.3.1/node_modules/framer-motion/dist/es/motion/index.mjs:67:65)
    at div
    at PipelinePage (webpack-internal:///(app-pages-browser)/./src/app/panel/inmobiliaria/pipeline/page.tsx:28:78)
    at ClientPageRoot (webpack-internal:///(app-pages-browser)/./node_modules/.pnpm/next@14.2.21_react-dom@18.3.1_react@18.3.1__react@18.3.1/node_modules/next/dist/client/components/client-page.js:14:11)
    at InnerLayoutRouter (webpack-internal:///(app-pages-browser)/./node_modules/.pnpm/next@14.2.21_react-dom@18.3.1_react@18.3.1__react@18.3.1/node_modules/next/dist/client/components/layout-router.js:243:11)
    at RedirectErrorBoundary (webpack-internal:///(app-pages-browser)/./node_modules/.pnpm/next@14.2.21_react-dom@18.3.1_react@18.3.1__react@18.3.1/node_modules/next/dist/client/components/redirect-boundary.js:74:9)
    at RedirectBoundary (webpack-internal:///(app-pages-browser)/./node_modules/.pnpm/next@14.2.21_react-dom@18.3.1_react@18.3.1__react@18.3.1/node_modules/next/dist/client/components/redirect-boundary.js:82:11)
    at NotFoundBoundary (webpack-internal:///(app-pages-browser)/./node_modules/.pnpm/next@14.2.21_react-dom@18.3.1_react@18.3.1__react@18.3.1/node_modules/next/dist/client/components/not-found-boundary.js:84:11)
    at LoadingBoundary (webpack-internal:///(app-pages-browser)/./node_modules/.pnpm/next@14.2.21_react-dom@18.3.1_react@18.3.1__react@18.3.1/node_modules/next/dist/client/components/layout-router.js:349:11)
    at ErrorBoundary (webpack-internal:///(app-pages-browser)/./node_modules/.pnpm/next@14.2.21_react-dom@18.3.1_react@18.3.1__react@18.3.1/node_modules/next/dist/client/components/error-boundary.js:160:11)
    at InnerScrollAndFocusHandler (webpack-internal:///(app-pages-browser)/./node_modules/.pnpm/next@14.2.21_react-dom@18.3.1_react@18.3.1__react@18.3.1/node_modules/next/dist/client/components/layout-router.js:153:9)
    at ScrollAndFocusHandler (webpack-internal:///(app-pages-browser)/./node_modules/.pnpm/next@14.2.21_react-dom@18.3.1_react@18.3.1__react@18.3.1/node_modules/next/dist/client/components/layout-router.js:228:11)
    at RenderFromTemplateContext (webpack-internal:///(app-pages-browser)/./node_modules/.pnpm/next@14.2.21_react-dom@18.3.1_react@18.3.1__react@18.3.1/node_modules/next/dist/client/components/render-from-template-context.js:16:44)
    at OuterLayoutRouter (webpack-internal:///(app-pages-browser)/./node_modules/.pnpm/next@14.2.21_react-dom@18.3.1_react@18.3.1__react@18.3.1/node_modules/next/dist/client/components/layout-router.js:370:11)
    at InnerLayoutRouter (webpack-internal:///(app-pages-browser)/./node_modules/.pnpm/next@14.2.21_react-dom@18.3.1_react@18.3.1__react@18.3.1/node_modules/next/dist/client/components/layout-router.js:243:11)
    at RedirectErrorBoundary (webpack-internal:///(app-pages-browser)/./node_modules/.pnpm/next@14.2.21_react-dom@18.3.1_react@18.3.1__react@18.3.1/node_modules/next/dist/client/components/redirect-boundary.js:74:9)
    at RedirectBoundary (webpack-internal:///(app-pages-browser)/./node_modules/.pnpm/next@14.2.21_react-dom@18.3.1_react@18.3.1__react@18.3.1/node_modules/next/dist/client/components/redirect-boundary.js:82:11)
    at NotFoundBoundary (webpack-internal:///(app-pages-browser)/./node_modules/.pnpm/next@14.2.21_react-dom@18.3.1_react@18.3.1__react@18.3.1/node_modules/next/dist/client/components/not-found-boundary.js:84:11)
    at LoadingBoundary (webpack-internal:///(app-pages-browser)/./node_modules/.pnpm/next@14.2.21_react-dom@18.3.1_react@18.3.1__react@18.3.1/node_modules/next/dist/client/components/layout-router.js:349:11)
    at ErrorBoundary (webpack-internal:///(app-pages-browser)/./node_modules/.pnpm/next@14.2.21_react-dom@18.3.1_react@18.3.1__react@18.3.1/node_modules/next/dist/client/components/error-boundary.js:160:11)
    at InnerScrollAndFocusHandler (webpack-internal:///(app-pages-browser)/./node_modules/.pnpm/next@14.2.21_react-dom@18.3.1_react@18.3.1__react@18.3.1/node_modules/next/dist/client/components/layout-router.js:153:9)
    at ScrollAndFocusHandler (webpack-internal:///(app-pages-browser)/./node_modules/.pnpm/next@14.2.21_react-dom@18.3.1_react@18.3.1__react@18.3.1/node_modules/next/dist/client/components/layout-router.js:228:11)
    at RenderFromTemplateContext (webpack-internal:///(app-pages-browser)/./node_modules/.pnpm/next@14.2.21_react-dom@18.3.1_react@18.3.1__react@18.3.1/node_modules/next/dist/client/components/render-from-template-context.js:16:44)
    at OuterLayoutRouter (webpack-internal:///(app-pages-browser)/./node_modules/.pnpm/next@14.2.21_react-dom@18.3.1_react@18.3.1__react@18.3.1/node_modules/next/dist/client/components/layout-router.js:370:11)
    at main
    at div
    at div
    at InmobiliariaLayoutInner (webpack-internal:///(app-pages-browser)/./src/app/panel/inmobiliaria/layout.tsx:111:11)
    at SidebarProvider (webpack-internal:///(app-pages-browser)/./src/lib/context/SidebarContext.tsx:14:11)
    at I18nProvider (webpack-internal:///(app-pages-browser)/./src/lib/i18n/i18n-context.tsx:48:11)
    at ProtectedRoute (webpack-internal:///(app-pages-browser)/./src/components/auth/ProtectedRoute.tsx:29:11)
    at InmobiliariaLayout (webpack-internal:///(app-pages-browser)/./src/app/panel/inmobiliaria/layout.tsx:184:11)
    at InnerLayoutRouter (webpack-internal:///(app-pages-browser)/./node_modules/.pnpm/next@14.2.21_react-dom@18.3.1_react@18.3.1__react@18.3.1/node_modules/next/dist/client/components/layout-router.js:243:11)
    at RedirectErrorBoundary (webpack-internal:///(app-pages-browser)/./node_modules/.pnpm/next@14.2.21_react-dom@18.3.1_react@18.3.1__react@18.3.1/node_modules/next/dist/client/components/redirect-boundary.js:74:9)
    at RedirectBoundary (webpack-internal:///(app-pages-browser)/./node_modules/.pnpm/next@14.2.21_react-dom@18.3.1_react@18.3.1__react@18.3.1/node_modules/next/dist/client/components/redirect-boundary.js:82:11)
    at NotFoundBoundary (webpack-internal:///(app-pages-browser)/./node_modules/.pnpm/next@14.2.21_react-dom@18.3.1_react@18.3.1__react@18.3.1/node_modules/next/dist/client/components/not-found-boundary.js:84:11)
    at LoadingBoundary (webpack-internal:///(app-pages-browser)/./node_modules/.pnpm/next@14.2.21_react-dom@18.3.1_react@18.3.1__react@18.3.1/node_modules/next/dist/client/components/layout-router.js:349:11)
    at ErrorBoundary (webpack-internal:///(app-pages-browser)/./node_modules/.pnpm/next@14.2.21_react-dom@18.3.1_react@18.3.1__react@18.3.1/node_modules/next/dist/client/components/error-boundary.js:160:11)
    at InnerScrollAndFocusHandler (webpack-internal:///(app-pages-browser)/./node_modules/.pnpm/next@14.2.21_react-dom@18.3.1_react@18.3.1__react@18.3.1/node_modules/next/dist/client/components/layout-router.js:153:9)
    at ScrollAndFocusHandler (webpack-internal:///(app-pages-browser)/./node_modules/.pnpm/next@14.2.21_react-dom@18.3.1_react@18.3.1__react@18.3.1/node_modules/next/dist/client/components/layout-router.js:228:11)
    at RenderFromTemplateContext (webpack-internal:///(app-pages-browser)/./node_modules/.pnpm/next@14.2.21_react-dom@18.3.1_react@18.3.1__react@18.3.1/node_modules/next/dist/client/components/render-from-template-context.js:16:44)
    at OuterLayoutRouter (webpack-internal:///(app-pages-browser)/./node_modules/.pnpm/next@14.2.21_react-dom@18.3.1_react@18.3.1__react@18.3.1/node_modules/next/dist/client/components/layout-router.js:370:11)
    at InnerLayoutRouter (webpack-internal:///(app-pages-browser)/./node_modules/.pnpm/next@14.2.21_react-dom@18.3.1_react@18.3.1__react@18.3.1/node_modules/next/dist/client/components/layout-router.js:243:11)
    at RedirectErrorBoundary (webpack-internal:///(app-pages-browser)/./node_modules/.pnpm/next@14.2.21_react-dom@18.3.1_react@18.3.1__react@18.3.1/node_modules/next/dist/client/components/redirect-boundary.js:74:9)
    at RedirectBoundary (webpack-internal:///(app-pages-browser)/./node_modules/.pnpm/next@14.2.21_react-dom@18.3.1_react@18.3.1__react@18.3.1/node_modules/next/dist/client/components/redirect-boundary.js:82:11)
    at NotFoundErrorBoundary (webpack-internal:///(app-pages-browser)/./node_modules/.pnpm/next@14.2.21_react-dom@18.3.1_react@18.3.1__react@18.3.1/node_modules/next/dist/client/components/not-found-boundary.js:76:9)
    at NotFoundBoundary (webpack-internal:///(app-pages-browser)/./node_modules/.pnpm/next@14.2.21_react-dom@18.3.1_react@18.3.1__react@18.3.1/node_modules/next/dist/client/components/not-found-boundary.js:84:11)
    at LoadingBoundary (webpack-internal:///(app-pages-browser)/./node_modules/.pnpm/next@14.2.21_react-dom@18.3.1_react@18.3.1__react@18.3.1/node_modules/next/dist/client/components/layout-router.js:349:11)
    at ErrorBoundary (webpack-internal:///(app-pages-browser)/./node_modules/.pnpm/next@14.2.21_react-dom@18.3.1_react@18.3.1__react@18.3.1/node_modules/next/dist/client/components/error-boundary.js:160:11)
    at InnerScrollAndFocusHandler (webpack-internal:///(app-pages-browser)/./node_modules/.pnpm/next@14.2.21_react-dom@18.3.1_react@18.3.1__react@18.3.1/node_modules/next/dist/client/components/layout-router.js:153:9)
    at ScrollAndFocusHandler (webpack-internal:///(app-pages-browser)/./node_modules/.pnpm/next@14.2.21_react-dom@18.3.1_react@18.3.1__react@18.3.1/node_modules/next/dist/client/components/layout-router.js:228:11)
    at RenderFromTemplateContext (webpack-internal:///(app-pages-browser)/./node_modules/.pnpm/next@14.2.21_react-dom@18.3.1_react@18.3.1__react@18.3.1/node_modules/next/dist/client/components/render-from-template-context.js:16:44)
    at div
    at MotionDOMComponent (webpack-internal:///(app-pages-browser)/./node_modules/.pnpm/framer-motion@12.27.1_react-dom@18.3.1_react@18.3.1__react@18.3.1/node_modules/framer-motion/dist/es/motion/index.mjs:67:65)
    at PageTransition (webpack-internal:///(app-pages-browser)/./src/components/providers/PageTransition.tsx:13:11)
    at Template (webpack-internal:///(app-pages-browser)/./src/app/template.tsx:13:11)
    at OuterLayoutRouter (webpack-internal:///(app-pages-browser)/./node_modules/.pnpm/next@14.2.21_react-dom@18.3.1_react@18.3.1__react@18.3.1/node_modules/next/dist/client/components/layout-router.js:370:11)
    at SmoothScroll (webpack-internal:///(app-pages-browser)/./src/components/providers/SmoothScroll.tsx:36:11)
    at WishlistProvider (webpack-internal:///(app-pages-browser)/./src/lib/stores/wishlist.tsx:17:11)
    at AuthProvider (webpack-internal:///(app-pages-browser)/./src/lib/auth/auth-context.tsx:28:11)
    at V (webpack-internal:///(app-pages-browser)/./node_modules/.pnpm/next-themes@0.4.6_react-dom@18.3.1_react@18.3.1__react@18.3.1/node_modules/next-themes/dist/index.mjs:54:24)
    at J (webpack-internal:///(app-pages-browser)/./node_modules/.pnpm/next-themes@0.4.6_react-dom@18.3.1_react@18.3.1__react@18.3.1/node_modules/next-themes/dist/index.mjs:47:47)
    at ThemeProvider (webpack-internal:///(app-pages-browser)/./src/components/providers/ThemeProvider.tsx:10:11)
    at body
    at html
    at RootLayout (Server)
    at RedirectErrorBoundary (webpack-internal:///(app-pages-browser)/./node_modules/.pnpm/next@14.2.21_react-dom@18.3.1_react@18.3.1__react@18.3.1/node_modules/next/dist/client/components/redirect-boundary.js:74:9)
    at RedirectBoundary (webpack-internal:///(app-pages-browser)/./node_modules/.pnpm/next@14.2.21_react-dom@18.3.1_react@18.3.1__react@18.3.1/node_modules/next/dist/client/components/redirect-boundary.js:82:11)
    at NotFoundErrorBoundary (webpack-internal:///(app-pages-browser)/./node_modules/.pnpm/next@14.2.21_react-dom@18.3.1_react@18.3.1__react@18.3.1/node_modules/next/dist/client/components/not-found-boundary.js:76:9)
    at NotFoundBoundary (webpack-internal:///(app-pages-browser)/./node_modules/.pnpm/next@14.2.21_react-dom@18.3.1_react@18.3.1__react@18.3.1/node_modules/next/dist/client/components/not-found-boundary.js:84:11)
    at DevRootNotFoundBoundary (webpack-internal:///(app-pages-browser)/./node_modules/.pnpm/next@14.2.21_react-dom@18.3.1_react@18.3.1__react@18.3.1/node_modules/next/dist/client/components/dev-root-not-found-boundary.js:33:11)
    at ReactDevOverlay (webpack-internal:///(app-pages-browser)/./node_modules/.pnpm/next@14.2.21_react-dom@18.3.1_react@18.3.1__react@18.3.1/node_modules/next/dist/client/components/react-dev-overlay/app/ReactDevOverlay.js:87:9)
    at HotReload (webpack-internal:///(app-pages-browser)/./node_modules/.pnpm/next@14.2.21_react-dom@18.3.1_react@18.3.1__react@18.3.1/node_modules/next/dist/client/components/react-dev-overlay/app/hot-reloader-client.js:321:11)
    at Router (webpack-internal:///(app-pages-browser)/./node_modules/.pnpm/next@14.2.21_react-dom@18.3.1_react@18.3.1__react@18.3.1/node_modules/next/dist/client/components/app-router.js:207:11)
    at ErrorBoundaryHandler (webpack-internal:///(app-pages-browser)/./node_modules/.pnpm/next@14.2.21_react-dom@18.3.1_react@18.3.1__react@18.3.1/node_modules/next/dist/client/components/error-boundary.js:113:9)
    at ErrorBoundary (webpack-internal:///(app-pages-browser)/./node_modules/.pnpm/next@14.2.21_react-dom@18.3.1_react@18.3.1__react@18.3.1/node_modules/next/dist/client/components/error-boundary.js:160:11)
    at AppRouter (webpack-internal:///(app-pages-browser)/./node_modules/.pnpm/next@14.2.21_react-dom@18.3.1_react@18.3.1__react@18.3.1/node_modules/next/dist/client/components/app-router.js:585:13)
    at ServerRoot (webpack-internal:///(app-pages-browser)/./node_modules/.pnpm/next@14.2.21_react-dom@18.3.1_react@18.3.1__react@18.3.1/node_modules/next/dist/client/app-index.js:112:27)
    at Root (webpack-internal:///(app-pages-browser)/./node_modules/.pnpm/next@14.2.21_react-dom@18.3.1_react@18.3.1__react@18.3.1/node_modules/next/dist/client/app-index.js:117:11)

React will try to recreate this component tree from scratch using the error boundary you provided, ReactDevOverlay. @ webpack-internal:///(app-pages-browser)/./node_modules/.pnpm/next@14.2.21_react-dom@18.3.1_react@18.3.1__react@18.3.1/node_modules/next/dist/client/app-index.js:32
[ 1147190ms] [WARNING] [Fast Refresh] performing full reload because your application had an unrecoverable error @ webpack-internal:///(app-pages-browser)/./node_modules/.pnpm/next@14.2.21_react-dom@18.3.1_react@18.3.1__react@18.3.1/node_modules/next/dist/client/components/react-dev-overlay/app/hot-reloader-client.js:114
[ 1336563ms] [ERROR] Failed to load resource: the server responded with a status of 404 (Not Found) @ http://localhost:3000/_next/static/css/app/layout.css?v=1770616365367:0
[ 1336697ms] [ERROR] Failed to load resource: the server responded with a status of 404 (Not Found) @ http://localhost:3000/_next/static/css/app/layout.css?v=1770616368170:0
[ 1336786ms] Event
[ 1339706ms] [WARNING] The resource http://localhost:3000/_next/static/css/app/layout.css?v=1770616365367 was preloaded using link preload but not used within a few seconds from the window's load event. Please make sure it has an appropriate `as` value and it is preloaded intentionally. @ http://localhost:3000/panel/inmobiliaria/pipeline:0
