[  206803ms] [ERROR] Warning: Cannot update a component (`%s`) while rendering a different component (`%s`). To locate the bad setState() call inside `%s`, follow the stack trace as described in https://reactjs.org/link/setstate-in-render%s HotReload AnalyticsPage AnalyticsPage 
    at AnalyticsPage (webpack-internal:///(app-pages-browser)/./src/app/panel/inmobiliaria/analytics/page.tsx:420:88)
    at ClientPageRoot (webpack-internal:///(app-pages-browser)/./node_modules/.pnpm/next@14.2.21_react-dom@18.3.1_react@18.3.1__react@18.3.1/node_modules/next/dist/client/components/client-page.js:14:11)
    at InnerLayoutRouter (webpack-internal:///(app-pages-browser)/./node_modules/.pnpm/next@14.2.21_react-dom@18.3.1_react@18.3.1__react@18.3.1/node_modules/next/dist/client/components/layout-router.js:243:11)
    at RedirectErrorBoundary (webpack-internal:///(app-pages-browser)/./node_modules/.pnpm/next@14.2.21_react-dom@18.3.1_react@18.3.1__react@18.3.1/node_modules/next/dist/client/components/redirect-boundary.js:74:9)
    at RedirectBoundary (webpack-internal:///(app-pages-browser)/./node_modules/.pnpm/next@14.2.21_react-dom@18.3.1_react@18.3.1__react@18.3.1/node_modules/next/dist/client/components/redirect-boundary.js:82:11)
    at NotFoundBoundary (webpack-internal:///(app-pages-browser)/./node_modules/.pnpm/next@14.2.21_react-dom@18.3.1_react@18.3.1__react@18.3.1/node_modules/next/dist/client/components/not-found-boundary.js:84:11)
    at LoadingBoundary (webpack-internal:///(app-pages-browser)/./node_modules/.pnpm/next@14.2.21_react-dom@18.3.1_react@18.3.1__react@18.3.1/node_modules/next/dist/client/components/layout-router.js:349:11)
    at ErrorBoundary (webpack-internal:///(app-pages-browser)/./node_modules/.pnpm/next@14.2.21_react-dom@18.3.1_react@18.3.1__react@18.3.1/node_modules/next/dist/client/components/error-boundary.js:160:11)
    at InnerScrollAndFocusHandler (webpack-internal:///(app-pages-browser)/./node_modules/.pnpm/next@14.2.21_react-dom@18.3.1_react@18.3.1__react@18.3.1/node_modules/next/dist/client/components/layout-router.js:153:9)
    at ScrollAndFocusHandler (webpack-internal:///(app-pages-browser)/./node_modules/.pnpm/next@14.2.21_react-dom@18.3.1_react@18.3.1__react@18.3.1/node_modules/next/dist/client/components/layout-router.js:228:11)
    at RenderFromTemplateContext (webpack-internal:///(app-pages-browser)/./node_modules/.pnpm/next@14.2.21_react-dom@18.3.1_react@18.3.1__react@18.3.1/node_modules/next/dist/client/components/render-from-template-context.js:16:44)
    at OuterLayoutRouter (webpack-internal:///(app-pages-browser)/./node_modules/.pnpm/next@14.2.21_react-dom@18.3.1_react@18.3.1__react@18.3.1/node_modules/next/dist/client/components/layout-router.js:370:11)
    at InnerLayoutRouter (webpack-internal:///(app-pages-browser)/./node_modules/.pnpm/next@14.2.21_react-dom@18.3.1_react@18.3.1__react@18.3.1/node_modules/next/dist/client/components/layout-router.js:243:11)
    at RedirectErrorBoundary (webpack-internal:///(app-pages-browser)/./node_modules/.pnpm/next@14.2.21_react-dom@18.3.1_react@18.3.1__react@18.3.1/node_modules/next/dist/client/components/redirect-boundary.js:74:9)
    at RedirectBoundary (webpack-internal:///(app-pages-browser)/./node_modules/.pnpm/next@14.2.21_react-dom@18.3.1_react@18.3.1__react@18.3.1/node_modules/next/dist/client/components/redirect-boundary.js:82:11)
    at NotFoundBoundary (webpack-internal:///(app-pages-browser)/./node_modules/.pnpm/next@14.2.21_react-dom@18.3.1_react@18.3.1__react@18.3.1/node_modules/next/dist/client/components/not-found-boundary.js:84:11)
    at LoadingBoundary (webpack-internal:///(app-pages-browser)/./node_modules/.pnpm/next@14.2.21_react-dom@18.3.1_react@18.3.1__react@18.3.1/node_modules/next/dist/client/components/layout-router.js:349:11)
    at ErrorBoundary (webpack-internal:///(app-pages-browser)/./node_modules/.pnpm/next@14.2.21_react-dom@18.3.1_react@18.3.1__react@18.3.1/node_modules/next/dist/client/components/error-boundary.js:160:11)
    at InnerScrollAndFocusHandler (webpack-internal:///(app-pages-browser)/./node_modules/.pnpm/next@14.2.21_react-dom@18.3.1_react@18.3.1__react@18.3.1/node_modules/next/dist/client/components/layout-router.js:153:9)
    at ScrollAndFocusHandler (webpack-internal:///(app-pages-browser)/./node_modules/.pnpm/next@14.2.21_react-dom@18.3.1_react@18.3.1__react@18.3.1/node_modules/next/dist/client/components/layout-router.js:228:11)
    at RenderFromTemplateContext (webpack-internal:///(app-pages-browser)/./node_modules/.pnpm/next@14.2.21_react-dom@18.3.1_react@18.3.1__react@18.3.1/node_modules/next/dist/client/components/render-from-template-context.js:16:44)
    at OuterLayoutRouter (webpack-internal:///(app-pages-browser)/./node_modules/.pnpm/next@14.2.21_react-dom@18.3.1_react@18.3.1__react@18.3.1/node_modules/next/dist/client/components/layout-router.js:370:11)
    at main
    at div
    at div
    at InmobiliariaLayoutInner (webpack-internal:///(app-pages-browser)/./src/app/panel/inmobiliaria/layout.tsx:111:11)
    at SidebarProvider (webpack-internal:///(app-pages-browser)/./src/lib/context/SidebarContext.tsx:14:11)
    at I18nProvider (webpack-internal:///(app-pages-browser)/./src/lib/i18n/i18n-context.tsx:48:11)
    at ProtectedRoute (webpack-internal:///(app-pages-browser)/./src/components/auth/ProtectedRoute.tsx:29:11)
    at InmobiliariaLayout (webpack-internal:///(app-pages-browser)/./src/app/panel/inmobiliaria/layout.tsx:184:11)
    at InnerLayoutRouter (webpack-internal:///(app-pages-browser)/./node_modules/.pnpm/next@14.2.21_react-dom@18.3.1_react@18.3.1__react@18.3.1/node_modules/next/dist/client/components/layout-router.js:243:11)
    at RedirectErrorBoundary (webpack-internal:///(app-pages-browser)/./node_modules/.pnpm/next@14.2.21_react-dom@18.3.1_react@18.3.1__react@18.3.1/node_modules/next/dist/client/components/redirect-boundary.js:74:9)
    at RedirectBoundary (webpack-internal:///(app-pages-browser)/./node_modules/.pnpm/next@14.2.21_react-dom@18.3.1_react@18.3.1__react@18.3.1/node_modules/next/dist/client/components/redirect-boundary.js:82:11)
    at NotFoundBoundary (webpack-internal:///(app-pages-browser)/./node_modules/.pnpm/next@14.2.21_react-dom@18.3.1_react@18.3.1__react@18.3.1/node_modules/next/dist/client/components/not-found-boundary.js:84:11)
    at LoadingBoundary (webpack-internal:///(app-pages-browser)/./node_modules/.pnpm/next@14.2.21_react-dom@18.3.1_react@18.3.1__react@18.3.1/node_modules/next/dist/client/components/layout-router.js:349:11)
    at ErrorBoundary (webpack-internal:///(app-pages-browser)/./node_modules/.pnpm/next@14.2.21_react-dom@18.3.1_react@18.3.1__react@18.3.1/node_modules/next/dist/client/components/error-boundary.js:160:11)
    at InnerScrollAndFocusHandler (webpack-internal:///(app-pages-browser)/./node_modules/.pnpm/next@14.2.21_react-dom@18.3.1_react@18.3.1__react@18.3.1/node_modules/next/dist/client/components/layout-router.js:153:9)
    at ScrollAndFocusHandler (webpack-internal:///(app-pages-browser)/./node_modules/.pnpm/next@14.2.21_react-dom@18.3.1_react@18.3.1__react@18.3.1/node_modules/next/dist/client/components/layout-router.js:228:11)
    at RenderFromTemplateContext (webpack-internal:///(app-pages-browser)/./node_modules/.pnpm/next@14.2.21_react-dom@18.3.1_react@18.3.1__react@18.3.1/node_modules/next/dist/client/components/render-from-template-context.js:16:44)
    at OuterLayoutRouter (webpack-internal:///(app-pages-browser)/./node_modules/.pnpm/next@14.2.21_react-dom@18.3.1_react@18.3.1__react@18.3.1/node_modules/next/dist/client/components/layout-router.js:370:11)
    at InnerLayoutRouter (webpack-internal:///(app-pages-browser)/./node_modules/.pnpm/next@14.2.21_react-dom@18.3.1_react@18.3.1__react@18.3.1/node_modules/next/dist/client/components/layout-router.js:243:11)
    at RedirectErrorBoundary (webpack-internal:///(app-pages-browser)/./node_modules/.pnpm/next@14.2.21_react-dom@18.3.1_react@18.3.1__react@18.3.1/node_modules/next/dist/client/components/redirect-boundary.js:74:9)
    at RedirectBoundary (webpack-internal:///(app-pages-browser)/./node_modules/.pnpm/next@14.2.21_react-dom@18.3.1_react@18.3.1__react@18.3.1/node_modules/next/dist/client/components/redirect-boundary.js:82:11)
    at NotFoundErrorBoundary (webpack-internal:///(app-pages-browser)/./node_modules/.pnpm/next@14.2.21_react-dom@18.3.1_react@18.3.1__react@18.3.1/node_modules/next/dist/client/components/not-found-boundary.js:76:9)
    at NotFoundBoundary (webpack-internal:///(app-pages-browser)/./node_modules/.pnpm/next@14.2.21_react-dom@18.3.1_react@18.3.1__react@18.3.1/node_modules/next/dist/client/components/not-found-boundary.js:84:11)
    at LoadingBoundary (webpack-internal:///(app-pages-browser)/./node_modules/.pnpm/next@14.2.21_react-dom@18.3.1_react@18.3.1__react@18.3.1/node_modules/next/dist/client/components/layout-router.js:349:11)
    at ErrorBoundary (webpack-internal:///(app-pages-browser)/./node_modules/.pnpm/next@14.2.21_react-dom@18.3.1_react@18.3.1__react@18.3.1/node_modules/next/dist/client/components/error-boundary.js:160:11)
    at InnerScrollAndFocusHandler (webpack-internal:///(app-pages-browser)/./node_modules/.pnpm/next@14.2.21_react-dom@18.3.1_react@18.3.1__react@18.3.1/node_modules/next/dist/client/components/layout-router.js:153:9)
    at ScrollAndFocusHandler (webpack-internal:///(app-pages-browser)/./node_modules/.pnpm/next@14.2.21_react-dom@18.3.1_react@18.3.1__react@18.3.1/node_modules/next/dist/client/components/layout-router.js:228:11)
    at RenderFromTemplateContext (webpack-internal:///(app-pages-browser)/./node_modules/.pnpm/next@14.2.21_react-dom@18.3.1_react@18.3.1__react@18.3.1/node_modules/next/dist/client/components/render-from-template-context.js:16:44)
    at div
    at MotionDOMComponent (webpack-internal:///(app-pages-browser)/./node_modules/.pnpm/framer-motion@12.27.1_react-dom@18.3.1_react@18.3.1__react@18.3.1/node_modules/framer-motion/dist/es/motion/index.mjs:67:65)
    at PageTransition (webpack-internal:///(app-pages-browser)/./src/components/providers/PageTransition.tsx:13:11)
    at Template (webpack-internal:///(app-pages-browser)/./src/app/template.tsx:13:11)
    at OuterLayoutRouter (webpack-internal:///(app-pages-browser)/./node_modules/.pnpm/next@14.2.21_react-dom@18.3.1_react@18.3.1__react@18.3.1/node_modules/next/dist/client/components/layout-router.js:370:11)
    at SmoothScroll (webpack-internal:///(app-pages-browser)/./src/components/providers/SmoothScroll.tsx:36:11)
    at WishlistProvider (webpack-internal:///(app-pages-browser)/./src/lib/stores/wishlist.tsx:17:11)
    at AuthProvider (webpack-internal:///(app-pages-browser)/./src/lib/auth/auth-context.tsx:28:11)
    at V (webpack-internal:///(app-pages-browser)/./node_modules/.pnpm/next-themes@0.4.6_react-dom@18.3.1_react@18.3.1__react@18.3.1/node_modules/next-themes/dist/index.mjs:54:24)
    at J (webpack-internal:///(app-pages-browser)/./node_modules/.pnpm/next-themes@0.4.6_react-dom@18.3.1_react@18.3.1__react@18.3.1/node_modules/next-themes/dist/index.mjs:47:47)
    at ThemeProvider (webpack-internal:///(app-pages-browser)/./src/components/providers/ThemeProvider.tsx:10:11)
    at body
    at html
    at RootLayout (Server)
    at RedirectErrorBoundary (webpack-internal:///(app-pages-browser)/./node_modules/.pnpm/next@14.2.21_react-dom@18.3.1_react@18.3.1__react@18.3.1/node_modules/next/dist/client/components/redirect-boundary.js:74:9)
    at RedirectBoundary (webpack-internal:///(app-pages-browser)/./node_modules/.pnpm/next@14.2.21_react-dom@18.3.1_react@18.3.1__react@18.3.1/node_modules/next/dist/client/components/redirect-boundary.js:82:11)
    at NotFoundErrorBoundary (webpack-internal:///(app-pages-browser)/./node_modules/.pnpm/next@14.2.21_react-dom@18.3.1_react@18.3.1__react@18.3.1/node_modules/next/dist/client/components/not-found-boundary.js:76:9)
    at NotFoundBoundary (webpack-internal:///(app-pages-browser)/./node_modules/.pnpm/next@14.2.21_react-dom@18.3.1_react@18.3.1__react@18.3.1/node_modules/next/dist/client/components/not-found-boundary.js:84:11)
    at DevRootNotFoundBoundary (webpack-internal:///(app-pages-browser)/./node_modules/.pnpm/next@14.2.21_react-dom@18.3.1_react@18.3.1__react@18.3.1/node_modules/next/dist/client/components/dev-root-not-found-boundary.js:33:11)
    at ReactDevOverlay (webpack-internal:///(app-pages-browser)/./node_modules/.pnpm/next@14.2.21_react-dom@18.3.1_react@18.3.1__react@18.3.1/node_modules/next/dist/client/components/react-dev-overlay/app/ReactDevOverlay.js:87:9)
    at HotReload (webpack-internal:///(app-pages-browser)/./node_modules/.pnpm/next@14.2.21_react-dom@18.3.1_react@18.3.1__react@18.3.1/node_modules/next/dist/client/components/react-dev-overlay/app/hot-reloader-client.js:321:11)
    at Router (webpack-internal:///(app-pages-browser)/./node_modules/.pnpm/next@14.2.21_react-dom@18.3.1_react@18.3.1__react@18.3.1/node_modules/next/dist/client/components/app-router.js:207:11)
    at ErrorBoundaryHandler (webpack-internal:///(app-pages-browser)/./node_modules/.pnpm/next@14.2.21_react-dom@18.3.1_react@18.3.1__react@18.3.1/node_modules/next/dist/client/components/error-boundary.js:113:9)
    at ErrorBoundary (webpack-internal:///(app-pages-browser)/./node_modules/.pnpm/next@14.2.21_react-dom@18.3.1_react@18.3.1__react@18.3.1/node_modules/next/dist/client/components/error-boundary.js:160:11)
    at AppRouter (webpack-internal:///(app-pages-browser)/./node_modules/.pnpm/next@14.2.21_react-dom@18.3.1_react@18.3.1__react@18.3.1/node_modules/next/dist/client/components/app-router.js:585:13)
    at ServerRoot (webpack-internal:///(app-pages-browser)/./node_modules/.pnpm/next@14.2.21_react-dom@18.3.1_react@18.3.1__react@18.3.1/node_modules/next/dist/client/app-index.js:112:27)
    at Root (webpack-internal:///(app-pages-browser)/./node_modules/.pnpm/next@14.2.21_react-dom@18.3.1_react@18.3.1__react@18.3.1/node_modules/next/dist/client/app-index.js:117:11) @ webpack-internal:///(app-pages-browser)/./node_modules/.pnpm/next@14.2.21_react-dom@18.3.1_react@18.3.1__react@18.3.1/node_modules/next/dist/client/app-index.js:32
[  206808ms] ReferenceError: ArrowsClockwise is not defined
    at AnalyticsPage (webpack-internal:///(app-pages-browser)/./src/app/panel/inmobiliaria/analytics/page.tsx:618:119)
    at renderWithHooks (webpack-internal:///(app-pages-browser)/./node_modules/.pnpm/next@14.2.21_react-dom@18.3.1_react@18.3.1__react@18.3.1/node_modules/next/dist/compiled/react-dom/cjs/react-dom.development.js:11121:18)
    at updateFunctionComponent (webpack-internal:///(app-pages-browser)/./node_modules/.pnpm/next@14.2.21_react-dom@18.3.1_react@18.3.1__react@18.3.1/node_modules/next/dist/compiled/react-dom/cjs/react-dom.development.js:16290:20)
    at beginWork$1 (webpack-internal:///(app-pages-browser)/./node_modules/.pnpm/next@14.2.21_react-dom@18.3.1_react@18.3.1__react@18.3.1/node_modules/next/dist/compiled/react-dom/cjs/react-dom.development.js:18472:16)
    at HTMLUnknownElement.callCallback (webpack-internal:///(app-pages-browser)/./node_modules/.pnpm/next@14.2.21_react-dom@18.3.1_react@18.3.1__react@18.3.1/node_modules/next/dist/compiled/react-dom/cjs/react-dom.development.js:20565:14)
    at Object.invokeGuardedCallbackImpl (webpack-internal:///(app-pages-browser)/./node_modules/.pnpm/next@14.2.21_react-dom@18.3.1_react@18.3.1__react@18.3.1/node_modules/next/dist/compiled/react-dom/cjs/react-dom.development.js:20614:16)
    at invokeGuardedCallback (webpack-internal:///(app-pages-browser)/./node_modules/.pnpm/next@14.2.21_react-dom@18.3.1_react@18.3.1__react@18.3.1/node_modules/next/dist/compiled/react-dom/cjs/react-dom.development.js:20689:29)
    at beginWork (webpack-internal:///(app-pages-browser)/./node_modules/.pnpm/next@14.2.21_react-dom@18.3.1_react@18.3.1__react@18.3.1/node_modules/next/dist/compiled/react-dom/cjs/react-dom.development.js:26949:7)
    at performUnitOfWork (webpack-internal:///(app-pages-browser)/./node_modules/.pnpm/next@14.2.21_react-dom@18.3.1_react@18.3.1__react@18.3.1/node_modules/next/dist/compiled/react-dom/cjs/react-dom.development.js:25748:12)
    at workLoopSync (webpack-internal:///(app-pages-browser)/./node_modules/.pnpm/next@14.2.21_react-dom@18.3.1_react@18.3.1__react@18.3.1/node_modules/next/dist/compiled/react-dom/cjs/react-dom.development.js:25464:5)
    at renderRootSync (webpack-internal:///(app-pages-browser)/./node_modules/.pnpm/next@14.2.21_react-dom@18.3.1_react@18.3.1__react@18.3.1/node_modules/next/dist/compiled/react-dom/cjs/react-dom.development.js:25419:7)
    at performSyncWorkOnRoot (webpack-internal:///(app-pages-browser)/./node_modules/.pnpm/next@14.2.21_react-dom@18.3.1_react@18.3.1__react@18.3.1/node_modules/next/dist/compiled/react-dom/cjs/react-dom.development.js:24887:20)
    at flushSyncWorkAcrossRoots_impl (webpack-internal:///(app-pages-browser)/./node_modules/.pnpm/next@14.2.21_react-dom@18.3.1_react@18.3.1__react@18.3.1/node_modules/next/dist/compiled/react-dom/cjs/react-dom.development.js:7758:13)
    at flushSyncWorkOnAllRoots (webpack-internal:///(app-pages-browser)/./node_modules/.pnpm/next@14.2.21_react-dom@18.3.1_react@18.3.1__react@18.3.1/node_modules/next/dist/compiled/react-dom/cjs/react-dom.development.js:7718:3)
    at flushSync$1 (webpack-internal:///(app-pages-browser)/./node_modules/.pnpm/next@14.2.21_react-dom@18.3.1_react@18.3.1__react@18.3.1/node_modules/next/dist/compiled/react-dom/cjs/react-dom.development.js:24999:7)
    at Object.scheduleRefresh (webpack-internal:///(app-pages-browser)/./node_modules/.pnpm/next@14.2.21_react-dom@18.3.1_react@18.3.1__react@18.3.1/node_modules/next/dist/compiled/react-dom/cjs/react-dom.development.js:27285:5)
    at eval (webpack-internal:///(app-pages-browser)/./node_modules/.pnpm/next@14.2.21_react-dom@18.3.1_react@18.3.1__react@18.3.1/node_modules/next/dist/compiled/react-refresh/cjs/react-refresh-runtime.development.js:265:17)
    at Set.forEach (<anonymous>)
    at Object.performReactRefresh (webpack-internal:///(app-pages-browser)/./node_modules/.pnpm/next@14.2.21_react-dom@18.3.1_react@18.3.1__react@18.3.1/node_modules/next/dist/compiled/react-refresh/cjs/react-refresh-runtime.development.js:254:26)
    at applyUpdate (webpack-internal:///(app-pages-browser)/./node_modules/.pnpm/next@14.2.21_react-dom@18.3.1_react@18.3.1__react@18.3.1/node_modules/next/dist/compiled/@next/react-refresh-utils/dist/internal/helpers.js:139:31)
    at statusHandler (webpack-internal:///(app-pages-browser)/./node_modules/.pnpm/next@14.2.21_react-dom@18.3.1_react@18.3.1__react@18.3.1/node_modules/next/dist/compiled/@next/react-refresh-utils/dist/internal/helpers.js:156:13)
    at setStatus (http://localhost:3000/_next/static/chunks/webpack.js?v=1770672662959:508:55)
    at http://localhost:3000/_next/static/chunks/webpack.js?v=1770672662959:678:21
[  206810ms] ReferenceError: ArrowsClockwise is not defined
    at AnalyticsPage (webpack-internal:///(app-pages-browser)/./src/app/panel/inmobiliaria/analytics/page.tsx:618:119)
    at renderWithHooks (webpack-internal:///(app-pages-browser)/./node_modules/.pnpm/next@14.2.21_react-dom@18.3.1_react@18.3.1__react@18.3.1/node_modules/next/dist/compiled/react-dom/cjs/react-dom.development.js:11121:18)
    at updateFunctionComponent (webpack-internal:///(app-pages-browser)/./node_modules/.pnpm/next@14.2.21_react-dom@18.3.1_react@18.3.1__react@18.3.1/node_modules/next/dist/compiled/react-dom/cjs/react-dom.development.js:16290:20)
    at beginWork$1 (webpack-internal:///(app-pages-browser)/./node_modules/.pnpm/next@14.2.21_react-dom@18.3.1_react@18.3.1__react@18.3.1/node_modules/next/dist/compiled/react-dom/cjs/react-dom.development.js:18472:16)
    at beginWork (webpack-internal:///(app-pages-browser)/./node_modules/.pnpm/next@14.2.21_react-dom@18.3.1_react@18.3.1__react@18.3.1/node_modules/next/dist/compiled/react-dom/cjs/react-dom.development.js:26927:14)
    at performUnitOfWork (webpack-internal:///(app-pages-browser)/./node_modules/.pnpm/next@14.2.21_react-dom@18.3.1_react@18.3.1__react@18.3.1/node_modules/next/dist/compiled/react-dom/cjs/react-dom.development.js:25748:12)
    at workLoopSync (webpack-internal:///(app-pages-browser)/./node_modules/.pnpm/next@14.2.21_react-dom@18.3.1_react@18.3.1__react@18.3.1/node_modules/next/dist/compiled/react-dom/cjs/react-dom.development.js:25464:5)
    at renderRootSync (webpack-internal:///(app-pages-browser)/./node_modules/.pnpm/next@14.2.21_react-dom@18.3.1_react@18.3.1__react@18.3.1/node_modules/next/dist/compiled/react-dom/cjs/react-dom.development.js:25419:7)
    at performSyncWorkOnRoot (webpack-internal:///(app-pages-browser)/./node_modules/.pnpm/next@14.2.21_react-dom@18.3.1_react@18.3.1__react@18.3.1/node_modules/next/dist/compiled/react-dom/cjs/react-dom.development.js:24887:20)
    at flushSyncWorkAcrossRoots_impl (webpack-internal:///(app-pages-browser)/./node_modules/.pnpm/next@14.2.21_react-dom@18.3.1_react@18.3.1__react@18.3.1/node_modules/next/dist/compiled/react-dom/cjs/react-dom.development.js:7758:13)
    at flushSyncWorkOnAllRoots (webpack-internal:///(app-pages-browser)/./node_modules/.pnpm/next@14.2.21_react-dom@18.3.1_react@18.3.1__react@18.3.1/node_modules/next/dist/compiled/react-dom/cjs/react-dom.development.js:7718:3)
    at flushSync$1 (webpack-internal:///(app-pages-browser)/./node_modules/.pnpm/next@14.2.21_react-dom@18.3.1_react@18.3.1__react@18.3.1/node_modules/next/dist/compiled/react-dom/cjs/react-dom.development.js:24999:7)
    at Object.scheduleRefresh (webpack-internal:///(app-pages-browser)/./node_modules/.pnpm/next@14.2.21_react-dom@18.3.1_react@18.3.1__react@18.3.1/node_modules/next/dist/compiled/react-dom/cjs/react-dom.development.js:27285:5)
    at eval (webpack-internal:///(app-pages-browser)/./node_modules/.pnpm/next@14.2.21_react-dom@18.3.1_react@18.3.1__react@18.3.1/node_modules/next/dist/compiled/react-refresh/cjs/react-refresh-runtime.development.js:265:17)
    at Set.forEach (<anonymous>)
    at Object.performReactRefresh (webpack-internal:///(app-pages-browser)/./node_modules/.pnpm/next@14.2.21_react-dom@18.3.1_react@18.3.1__react@18.3.1/node_modules/next/dist/compiled/react-refresh/cjs/react-refresh-runtime.development.js:254:26)
    at applyUpdate (webpack-internal:///(app-pages-browser)/./node_modules/.pnpm/next@14.2.21_react-dom@18.3.1_react@18.3.1__react@18.3.1/node_modules/next/dist/compiled/@next/react-refresh-utils/dist/internal/helpers.js:139:31)
    at statusHandler (webpack-internal:///(app-pages-browser)/./node_modules/.pnpm/next@14.2.21_react-dom@18.3.1_react@18.3.1__react@18.3.1/node_modules/next/dist/compiled/@next/react-refresh-utils/dist/internal/helpers.js:156:13)
    at setStatus (http://localhost:3000/_next/static/chunks/webpack.js?v=1770672662959:508:55)
    at http://localhost:3000/_next/static/chunks/webpack.js?v=1770672662959:678:21
[  206810ms] ReferenceError: ArrowsClockwise is not defined
    at AnalyticsPage (webpack-internal:///(app-pages-browser)/./src/app/panel/inmobiliaria/analytics/page.tsx:618:119)
    at renderWithHooks (webpack-internal:///(app-pages-browser)/./node_modules/.pnpm/next@14.2.21_react-dom@18.3.1_react@18.3.1__react@18.3.1/node_modules/next/dist/compiled/react-dom/cjs/react-dom.development.js:11121:18)
    at updateFunctionComponent (webpack-internal:///(app-pages-browser)/./node_modules/.pnpm/next@14.2.21_react-dom@18.3.1_react@18.3.1__react@18.3.1/node_modules/next/dist/compiled/react-dom/cjs/react-dom.development.js:16290:20)
    at beginWork$1 (webpack-internal:///(app-pages-browser)/./node_modules/.pnpm/next@14.2.21_react-dom@18.3.1_react@18.3.1__react@18.3.1/node_modules/next/dist/compiled/react-dom/cjs/react-dom.development.js:18472:16)
    at beginWork (webpack-internal:///(app-pages-browser)/./node_modules/.pnpm/next@14.2.21_react-dom@18.3.1_react@18.3.1__react@18.3.1/node_modules/next/dist/compiled/react-dom/cjs/react-dom.development.js:26927:14)
    at performUnitOfWork (webpack-internal:///(app-pages-browser)/./node_modules/.pnpm/next@14.2.21_react-dom@18.3.1_react@18.3.1__react@18.3.1/node_modules/next/dist/compiled/react-dom/cjs/react-dom.development.js:25748:12)
    at workLoopSync (webpack-internal:///(app-pages-browser)/./node_modules/.pnpm/next@14.2.21_react-dom@18.3.1_react@18.3.1__react@18.3.1/node_modules/next/dist/compiled/react-dom/cjs/react-dom.development.js:25464:5)
    at renderRootSync (webpack-internal:///(app-pages-browser)/./node_modules/.pnpm/next@14.2.21_react-dom@18.3.1_react@18.3.1__react@18.3.1/node_modules/next/dist/compiled/react-dom/cjs/react-dom.development.js:25419:7)
    at performSyncWorkOnRoot (webpack-internal:///(app-pages-browser)/./node_modules/.pnpm/next@14.2.21_react-dom@18.3.1_react@18.3.1__react@18.3.1/node_modules/next/dist/compiled/react-dom/cjs/react-dom.development.js:24887:20)
    at flushSyncWorkAcrossRoots_impl (webpack-internal:///(app-pages-browser)/./node_modules/.pnpm/next@14.2.21_react-dom@18.3.1_react@18.3.1__react@18.3.1/node_modules/next/dist/compiled/react-dom/cjs/react-dom.development.js:7758:13)
    at flushSyncWorkOnAllRoots (webpack-internal:///(app-pages-browser)/./node_modules/.pnpm/next@14.2.21_react-dom@18.3.1_react@18.3.1__react@18.3.1/node_modules/next/dist/compiled/react-dom/cjs/react-dom.development.js:7718:3)
    at flushSync$1 (webpack-internal:///(app-pages-browser)/./node_modules/.pnpm/next@14.2.21_react-dom@18.3.1_react@18.3.1__react@18.3.1/node_modules/next/dist/compiled/react-dom/cjs/react-dom.development.js:24999:7)
    at Object.scheduleRefresh (webpack-internal:///(app-pages-browser)/./node_modules/.pnpm/next@14.2.21_react-dom@18.3.1_react@18.3.1__react@18.3.1/node_modules/next/dist/compiled/react-dom/cjs/react-dom.development.js:27285:5)
    at eval (webpack-internal:///(app-pages-browser)/./node_modules/.pnpm/next@14.2.21_react-dom@18.3.1_react@18.3.1__react@18.3.1/node_modules/next/dist/compiled/react-refresh/cjs/react-refresh-runtime.development.js:265:17)
    at Set.forEach (<anonymous>)
    at Object.performReactRefresh (webpack-internal:///(app-pages-browser)/./node_modules/.pnpm/next@14.2.21_react-dom@18.3.1_react@18.3.1__react@18.3.1/node_modules/next/dist/compiled/react-refresh/cjs/react-refresh-runtime.development.js:254:26)
    at applyUpdate (webpack-internal:///(app-pages-browser)/./node_modules/.pnpm/next@14.2.21_react-dom@18.3.1_react@18.3.1__react@18.3.1/node_modules/next/dist/compiled/@next/react-refresh-utils/dist/internal/helpers.js:139:31)
    at statusHandler (webpack-internal:///(app-pages-browser)/./node_modules/.pnpm/next@14.2.21_react-dom@18.3.1_react@18.3.1__react@18.3.1/node_modules/next/dist/compiled/@next/react-refresh-utils/dist/internal/helpers.js:156:13)
    at setStatus (http://localhost:3000/_next/static/chunks/webpack.js?v=1770672662959:508:55)
    at http://localhost:3000/_next/static/chunks/webpack.js?v=1770672662959:678:21
[  206811ms] ReferenceError: ArrowsClockwise is not defined
    at AnalyticsPage (webpack-internal:///(app-pages-browser)/./src/app/panel/inmobiliaria/analytics/page.tsx:618:119)
    at renderWithHooks (webpack-internal:///(app-pages-browser)/./node_modules/.pnpm/next@14.2.21_react-dom@18.3.1_react@18.3.1__react@18.3.1/node_modules/next/dist/compiled/react-dom/cjs/react-dom.development.js:11121:18)
    at updateFunctionComponent (webpack-internal:///(app-pages-browser)/./node_modules/.pnpm/next@14.2.21_react-dom@18.3.1_react@18.3.1__react@18.3.1/node_modules/next/dist/compiled/react-dom/cjs/react-dom.development.js:16290:20)
    at beginWork$1 (webpack-internal:///(app-pages-browser)/./node_modules/.pnpm/next@14.2.21_react-dom@18.3.1_react@18.3.1__react@18.3.1/node_modules/next/dist/compiled/react-dom/cjs/react-dom.development.js:18472:16)
    at beginWork (webpack-internal:///(app-pages-browser)/./node_modules/.pnpm/next@14.2.21_react-dom@18.3.1_react@18.3.1__react@18.3.1/node_modules/next/dist/compiled/react-dom/cjs/react-dom.development.js:26927:14)
    at performUnitOfWork (webpack-internal:///(app-pages-browser)/./node_modules/.pnpm/next@14.2.21_react-dom@18.3.1_react@18.3.1__react@18.3.1/node_modules/next/dist/compiled/react-dom/cjs/react-dom.development.js:25748:12)
    at workLoopSync (webpack-internal:///(app-pages-browser)/./node_modules/.pnpm/next@14.2.21_react-dom@18.3.1_react@18.3.1__react@18.3.1/node_modules/next/dist/compiled/react-dom/cjs/react-dom.development.js:25464:5)
    at renderRootSync (webpack-internal:///(app-pages-browser)/./node_modules/.pnpm/next@14.2.21_react-dom@18.3.1_react@18.3.1__react@18.3.1/node_modules/next/dist/compiled/react-dom/cjs/react-dom.development.js:25419:7)
    at performSyncWorkOnRoot (webpack-internal:///(app-pages-browser)/./node_modules/.pnpm/next@14.2.21_react-dom@18.3.1_react@18.3.1__react@18.3.1/node_modules/next/dist/compiled/react-dom/cjs/react-dom.development.js:24887:20)
    at flushSyncWorkAcrossRoots_impl (webpack-internal:///(app-pages-browser)/./node_modules/.pnpm/next@14.2.21_react-dom@18.3.1_react@18.3.1__react@18.3.1/node_modules/next/dist/compiled/react-dom/cjs/react-dom.development.js:7758:13)
    at flushSyncWorkOnAllRoots (webpack-internal:///(app-pages-browser)/./node_modules/.pnpm/next@14.2.21_react-dom@18.3.1_react@18.3.1__react@18.3.1/node_modules/next/dist/compiled/react-dom/cjs/react-dom.development.js:7718:3)
    at flushSync$1 (webpack-internal:///(app-pages-browser)/./node_modules/.pnpm/next@14.2.21_react-dom@18.3.1_react@18.3.1__react@18.3.1/node_modules/next/dist/compiled/react-dom/cjs/react-dom.development.js:24999:7)
    at Object.scheduleRefresh (webpack-internal:///(app-pages-browser)/./node_modules/.pnpm/next@14.2.21_react-dom@18.3.1_react@18.3.1__react@18.3.1/node_modules/next/dist/compiled/react-dom/cjs/react-dom.development.js:27285:5)
    at eval (webpack-internal:///(app-pages-browser)/./node_modules/.pnpm/next@14.2.21_react-dom@18.3.1_react@18.3.1__react@18.3.1/node_modules/next/dist/compiled/react-refresh/cjs/react-refresh-runtime.development.js:265:17)
    at Set.forEach (<anonymous>)
    at Object.performReactRefresh (webpack-internal:///(app-pages-browser)/./node_modules/.pnpm/next@14.2.21_react-dom@18.3.1_react@18.3.1__react@18.3.1/node_modules/next/dist/compiled/react-refresh/cjs/react-refresh-runtime.development.js:254:26)
    at applyUpdate (webpack-internal:///(app-pages-browser)/./node_modules/.pnpm/next@14.2.21_react-dom@18.3.1_react@18.3.1__react@18.3.1/node_modules/next/dist/compiled/@next/react-refresh-utils/dist/internal/helpers.js:139:31)
    at statusHandler (webpack-internal:///(app-pages-browser)/./node_modules/.pnpm/next@14.2.21_react-dom@18.3.1_react@18.3.1__react@18.3.1/node_modules/next/dist/compiled/@next/react-refresh-utils/dist/internal/helpers.js:156:13)
    at setStatus (http://localhost:3000/_next/static/chunks/webpack.js?v=1770672662959:508:55)
    at http://localhost:3000/_next/static/chunks/webpack.js?v=1770672662959:678:21
[  206813ms] ReferenceError: ArrowsClockwise is not defined
    at AnalyticsPage (webpack-internal:///(app-pages-browser)/./src/app/panel/inmobiliaria/analytics/page.tsx:618:119)
    at renderWithHooks (webpack-internal:///(app-pages-browser)/./node_modules/.pnpm/next@14.2.21_react-dom@18.3.1_react@18.3.1__react@18.3.1/node_modules/next/dist/compiled/react-dom/cjs/react-dom.development.js:11121:18)
    at updateFunctionComponent (webpack-internal:///(app-pages-browser)/./node_modules/.pnpm/next@14.2.21_react-dom@18.3.1_react@18.3.1__react@18.3.1/node_modules/next/dist/compiled/react-dom/cjs/react-dom.development.js:16290:20)
    at beginWork$1 (webpack-internal:///(app-pages-browser)/./node_modules/.pnpm/next@14.2.21_react-dom@18.3.1_react@18.3.1__react@18.3.1/node_modules/next/dist/compiled/react-dom/cjs/react-dom.development.js:18472:16)
    at beginWork (webpack-internal:///(app-pages-browser)/./node_modules/.pnpm/next@14.2.21_react-dom@18.3.1_react@18.3.1__react@18.3.1/node_modules/next/dist/compiled/react-dom/cjs/react-dom.development.js:26927:14)
    at performUnitOfWork (webpack-internal:///(app-pages-browser)/./node_modules/.pnpm/next@14.2.21_react-dom@18.3.1_react@18.3.1__react@18.3.1/node_modules/next/dist/compiled/react-dom/cjs/react-dom.development.js:25748:12)
    at workLoopSync (webpack-internal:///(app-pages-browser)/./node_modules/.pnpm/next@14.2.21_react-dom@18.3.1_react@18.3.1__react@18.3.1/node_modules/next/dist/compiled/react-dom/cjs/react-dom.development.js:25464:5)
    at renderRootSync (webpack-internal:///(app-pages-browser)/./node_modules/.pnpm/next@14.2.21_react-dom@18.3.1_react@18.3.1__react@18.3.1/node_modules/next/dist/compiled/react-dom/cjs/react-dom.development.js:25419:7)
    at performSyncWorkOnRoot (webpack-internal:///(app-pages-browser)/./node_modules/.pnpm/next@14.2.21_react-dom@18.3.1_react@18.3.1__react@18.3.1/node_modules/next/dist/compiled/react-dom/cjs/react-dom.development.js:24887:20)
    at flushSyncWorkAcrossRoots_impl (webpack-internal:///(app-pages-browser)/./node_modules/.pnpm/next@14.2.21_react-dom@18.3.1_react@18.3.1__react@18.3.1/node_modules/next/dist/compiled/react-dom/cjs/react-dom.development.js:7758:13)
    at flushSyncWorkOnAllRoots (webpack-internal:///(app-pages-browser)/./node_modules/.pnpm/next@14.2.21_react-dom@18.3.1_react@18.3.1__react@18.3.1/node_modules/next/dist/compiled/react-dom/cjs/react-dom.development.js:7718:3)
    at flushSync$1 (webpack-internal:///(app-pages-browser)/./node_modules/.pnpm/next@14.2.21_react-dom@18.3.1_react@18.3.1__react@18.3.1/node_modules/next/dist/compiled/react-dom/cjs/react-dom.development.js:24999:7)
    at Object.scheduleRefresh (webpack-internal:///(app-pages-browser)/./node_modules/.pnpm/next@14.2.21_react-dom@18.3.1_react@18.3.1__react@18.3.1/node_modules/next/dist/compiled/react-dom/cjs/react-dom.development.js:27285:5)
    at eval (webpack-internal:///(app-pages-browser)/./node_modules/.pnpm/next@14.2.21_react-dom@18.3.1_react@18.3.1__react@18.3.1/node_modules/next/dist/compiled/react-refresh/cjs/react-refresh-runtime.development.js:265:17)
    at Set.forEach (<anonymous>)
    at Object.performReactRefresh (webpack-internal:///(app-pages-browser)/./node_modules/.pnpm/next@14.2.21_react-dom@18.3.1_react@18.3.1__react@18.3.1/node_modules/next/dist/compiled/react-refresh/cjs/react-refresh-runtime.development.js:254:26)
    at applyUpdate (webpack-internal:///(app-pages-browser)/./node_modules/.pnpm/next@14.2.21_react-dom@18.3.1_react@18.3.1__react@18.3.1/node_modules/next/dist/compiled/@next/react-refresh-utils/dist/internal/helpers.js:139:31)
    at statusHandler (webpack-internal:///(app-pages-browser)/./node_modules/.pnpm/next@14.2.21_react-dom@18.3.1_react@18.3.1__react@18.3.1/node_modules/next/dist/compiled/@next/react-refresh-utils/dist/internal/helpers.js:156:13)
    at setStatus (http://localhost:3000/_next/static/chunks/webpack.js?v=1770672662959:508:55)
    at http://localhost:3000/_next/static/chunks/webpack.js?v=1770672662959:678:21
[  206813ms] ReferenceError: ArrowsClockwise is not defined
    at AnalyticsPage (webpack-internal:///(app-pages-browser)/./src/app/panel/inmobiliaria/analytics/page.tsx:618:119)
    at renderWithHooks (webpack-internal:///(app-pages-browser)/./node_modules/.pnpm/next@14.2.21_react-dom@18.3.1_react@18.3.1__react@18.3.1/node_modules/next/dist/compiled/react-dom/cjs/react-dom.development.js:11121:18)
    at updateFunctionComponent (webpack-internal:///(app-pages-browser)/./node_modules/.pnpm/next@14.2.21_react-dom@18.3.1_react@18.3.1__react@18.3.1/node_modules/next/dist/compiled/react-dom/cjs/react-dom.development.js:16290:20)
    at beginWork$1 (webpack-internal:///(app-pages-browser)/./node_modules/.pnpm/next@14.2.21_react-dom@18.3.1_react@18.3.1__react@18.3.1/node_modules/next/dist/compiled/react-dom/cjs/react-dom.development.js:18472:16)
    at beginWork (webpack-internal:///(app-pages-browser)/./node_modules/.pnpm/next@14.2.21_react-dom@18.3.1_react@18.3.1__react@18.3.1/node_modules/next/dist/compiled/react-dom/cjs/react-dom.development.js:26927:14)
    at performUnitOfWork (webpack-internal:///(app-pages-browser)/./node_modules/.pnpm/next@14.2.21_react-dom@18.3.1_react@18.3.1__react@18.3.1/node_modules/next/dist/compiled/react-dom/cjs/react-dom.development.js:25748:12)
    at workLoopSync (webpack-internal:///(app-pages-browser)/./node_modules/.pnpm/next@14.2.21_react-dom@18.3.1_react@18.3.1__react@18.3.1/node_modules/next/dist/compiled/react-dom/cjs/react-dom.development.js:25464:5)
    at renderRootSync (webpack-internal:///(app-pages-browser)/./node_modules/.pnpm/next@14.2.21_react-dom@18.3.1_react@18.3.1__react@18.3.1/node_modules/next/dist/compiled/react-dom/cjs/react-dom.development.js:25419:7)
    at performSyncWorkOnRoot (webpack-internal:///(app-pages-browser)/./node_modules/.pnpm/next@14.2.21_react-dom@18.3.1_react@18.3.1__react@18.3.1/node_modules/next/dist/compiled/react-dom/cjs/react-dom.development.js:24887:20)
    at flushSyncWorkAcrossRoots_impl (webpack-internal:///(app-pages-browser)/./node_modules/.pnpm/next@14.2.21_react-dom@18.3.1_react@18.3.1__react@18.3.1/node_modules/next/dist/compiled/react-dom/cjs/react-dom.development.js:7758:13)
    at flushSyncWorkOnAllRoots (webpack-internal:///(app-pages-browser)/./node_modules/.pnpm/next@14.2.21_react-dom@18.3.1_react@18.3.1__react@18.3.1/node_modules/next/dist/compiled/react-dom/cjs/react-dom.development.js:7718:3)
    at flushSync$1 (webpack-internal:///(app-pages-browser)/./node_modules/.pnpm/next@14.2.21_react-dom@18.3.1_react@18.3.1__react@18.3.1/node_modules/next/dist/compiled/react-dom/cjs/react-dom.development.js:24999:7)
    at Object.scheduleRefresh (webpack-internal:///(app-pages-browser)/./node_modules/.pnpm/next@14.2.21_react-dom@18.3.1_react@18.3.1__react@18.3.1/node_modules/next/dist/compiled/react-dom/cjs/react-dom.development.js:27285:5)
    at eval (webpack-internal:///(app-pages-browser)/./node_modules/.pnpm/next@14.2.21_react-dom@18.3.1_react@18.3.1__react@18.3.1/node_modules/next/dist/compiled/react-refresh/cjs/react-refresh-runtime.development.js:265:17)
    at Set.forEach (<anonymous>)
    at Object.performReactRefresh (webpack-internal:///(app-pages-browser)/./node_modules/.pnpm/next@14.2.21_react-dom@18.3.1_react@18.3.1__react@18.3.1/node_modules/next/dist/compiled/react-refresh/cjs/react-refresh-runtime.development.js:254:26)
    at applyUpdate (webpack-internal:///(app-pages-browser)/./node_modules/.pnpm/next@14.2.21_react-dom@18.3.1_react@18.3.1__react@18.3.1/node_modules/next/dist/compiled/@next/react-refresh-utils/dist/internal/helpers.js:139:31)
    at statusHandler (webpack-internal:///(app-pages-browser)/./node_modules/.pnpm/next@14.2.21_react-dom@18.3.1_react@18.3.1__react@18.3.1/node_modules/next/dist/compiled/@next/react-refresh-utils/dist/internal/helpers.js:156:13)
    at setStatus (http://localhost:3000/_next/static/chunks/webpack.js?v=1770672662959:508:55)
    at http://localhost:3000/_next/static/chunks/webpack.js?v=1770672662959:678:21
[  206814ms] ReferenceError: ArrowsClockwise is not defined
    at AnalyticsPage (webpack-internal:///(app-pages-browser)/./src/app/panel/inmobiliaria/analytics/page.tsx:618:119)
    at renderWithHooks (webpack-internal:///(app-pages-browser)/./node_modules/.pnpm/next@14.2.21_react-dom@18.3.1_react@18.3.1__react@18.3.1/node_modules/next/dist/compiled/react-dom/cjs/react-dom.development.js:11121:18)
    at updateFunctionComponent (webpack-internal:///(app-pages-browser)/./node_modules/.pnpm/next@14.2.21_react-dom@18.3.1_react@18.3.1__react@18.3.1/node_modules/next/dist/compiled/react-dom/cjs/react-dom.development.js:16290:20)
    at beginWork$1 (webpack-internal:///(app-pages-browser)/./node_modules/.pnpm/next@14.2.21_react-dom@18.3.1_react@18.3.1__react@18.3.1/node_modules/next/dist/compiled/react-dom/cjs/react-dom.development.js:18472:16)
    at beginWork (webpack-internal:///(app-pages-browser)/./node_modules/.pnpm/next@14.2.21_react-dom@18.3.1_react@18.3.1__react@18.3.1/node_modules/next/dist/compiled/react-dom/cjs/react-dom.development.js:26927:14)
    at performUnitOfWork (webpack-internal:///(app-pages-browser)/./node_modules/.pnpm/next@14.2.21_react-dom@18.3.1_react@18.3.1__react@18.3.1/node_modules/next/dist/compiled/react-dom/cjs/react-dom.development.js:25748:12)
    at workLoopSync (webpack-internal:///(app-pages-browser)/./node_modules/.pnpm/next@14.2.21_react-dom@18.3.1_react@18.3.1__react@18.3.1/node_modules/next/dist/compiled/react-dom/cjs/react-dom.development.js:25464:5)
    at renderRootSync (webpack-internal:///(app-pages-browser)/./node_modules/.pnpm/next@14.2.21_react-dom@18.3.1_react@18.3.1__react@18.3.1/node_modules/next/dist/compiled/react-dom/cjs/react-dom.development.js:25419:7)
    at performSyncWorkOnRoot (webpack-internal:///(app-pages-browser)/./node_modules/.pnpm/next@14.2.21_react-dom@18.3.1_react@18.3.1__react@18.3.1/node_modules/next/dist/compiled/react-dom/cjs/react-dom.development.js:24887:20)
    at flushSyncWorkAcrossRoots_impl (webpack-internal:///(app-pages-browser)/./node_modules/.pnpm/next@14.2.21_react-dom@18.3.1_react@18.3.1__react@18.3.1/node_modules/next/dist/compiled/react-dom/cjs/react-dom.development.js:7758:13)
    at flushSyncWorkOnAllRoots (webpack-internal:///(app-pages-browser)/./node_modules/.pnpm/next@14.2.21_react-dom@18.3.1_react@18.3.1__react@18.3.1/node_modules/next/dist/compiled/react-dom/cjs/react-dom.development.js:7718:3)
    at flushSync$1 (webpack-internal:///(app-pages-browser)/./node_modules/.pnpm/next@14.2.21_react-dom@18.3.1_react@18.3.1__react@18.3.1/node_modules/next/dist/compiled/react-dom/cjs/react-dom.development.js:24999:7)
    at Object.scheduleRefresh (webpack-internal:///(app-pages-browser)/./node_modules/.pnpm/next@14.2.21_react-dom@18.3.1_react@18.3.1__react@18.3.1/node_modules/next/dist/compiled/react-dom/cjs/react-dom.development.js:27285:5)
    at eval (webpack-internal:///(app-pages-browser)/./node_modules/.pnpm/next@14.2.21_react-dom@18.3.1_react@18.3.1__react@18.3.1/node_modules/next/dist/compiled/react-refresh/cjs/react-refresh-runtime.development.js:265:17)
    at Set.forEach (<anonymous>)
    at Object.performReactRefresh (webpack-internal:///(app-pages-browser)/./node_modules/.pnpm/next@14.2.21_react-dom@18.3.1_react@18.3.1__react@18.3.1/node_modules/next/dist/compiled/react-refresh/cjs/react-refresh-runtime.development.js:254:26)
    at applyUpdate (webpack-internal:///(app-pages-browser)/./node_modules/.pnpm/next@14.2.21_react-dom@18.3.1_react@18.3.1__react@18.3.1/node_modules/next/dist/compiled/@next/react-refresh-utils/dist/internal/helpers.js:139:31)
    at statusHandler (webpack-internal:///(app-pages-browser)/./node_modules/.pnpm/next@14.2.21_react-dom@18.3.1_react@18.3.1__react@18.3.1/node_modules/next/dist/compiled/@next/react-refresh-utils/dist/internal/helpers.js:156:13)
    at setStatus (http://localhost:3000/_next/static/chunks/webpack.js?v=1770672662959:508:55)
    at http://localhost:3000/_next/static/chunks/webpack.js?v=1770672662959:678:21
[  206814ms] ReferenceError: ArrowsClockwise is not defined
    at AnalyticsPage (webpack-internal:///(app-pages-browser)/./src/app/panel/inmobiliaria/analytics/page.tsx:618:119)
    at renderWithHooks (webpack-internal:///(app-pages-browser)/./node_modules/.pnpm/next@14.2.21_react-dom@18.3.1_react@18.3.1__react@18.3.1/node_modules/next/dist/compiled/react-dom/cjs/react-dom.development.js:11121:18)
    at updateFunctionComponent (webpack-internal:///(app-pages-browser)/./node_modules/.pnpm/next@14.2.21_react-dom@18.3.1_react@18.3.1__react@18.3.1/node_modules/next/dist/compiled/react-dom/cjs/react-dom.development.js:16290:20)
    at beginWork$1 (webpack-internal:///(app-pages-browser)/./node_modules/.pnpm/next@14.2.21_react-dom@18.3.1_react@18.3.1__react@18.3.1/node_modules/next/dist/compiled/react-dom/cjs/react-dom.development.js:18472:16)
    at beginWork (webpack-internal:///(app-pages-browser)/./node_modules/.pnpm/next@14.2.21_react-dom@18.3.1_react@18.3.1__react@18.3.1/node_modules/next/dist/compiled/react-dom/cjs/react-dom.development.js:26927:14)
    at performUnitOfWork (webpack-internal:///(app-pages-browser)/./node_modules/.pnpm/next@14.2.21_react-dom@18.3.1_react@18.3.1__react@18.3.1/node_modules/next/dist/compiled/react-dom/cjs/react-dom.development.js:25748:12)
    at workLoopSync (webpack-internal:///(app-pages-browser)/./node_modules/.pnpm/next@14.2.21_react-dom@18.3.1_react@18.3.1__react@18.3.1/node_modules/next/dist/compiled/react-dom/cjs/react-dom.development.js:25464:5)
    at renderRootSync (webpack-internal:///(app-pages-browser)/./node_modules/.pnpm/next@14.2.21_react-dom@18.3.1_react@18.3.1__react@18.3.1/node_modules/next/dist/compiled/react-dom/cjs/react-dom.development.js:25419:7)
    at performSyncWorkOnRoot (webpack-internal:///(app-pages-browser)/./node_modules/.pnpm/next@14.2.21_react-dom@18.3.1_react@18.3.1__react@18.3.1/node_modules/next/dist/compiled/react-dom/cjs/react-dom.development.js:24887:20)
    at flushSyncWorkAcrossRoots_impl (webpack-internal:///(app-pages-browser)/./node_modules/.pnpm/next@14.2.21_react-dom@18.3.1_react@18.3.1__react@18.3.1/node_modules/next/dist/compiled/react-dom/cjs/react-dom.development.js:7758:13)
    at flushSyncWorkOnAllRoots (webpack-internal:///(app-pages-browser)/./node_modules/.pnpm/next@14.2.21_react-dom@18.3.1_react@18.3.1__react@18.3.1/node_modules/next/dist/compiled/react-dom/cjs/react-dom.development.js:7718:3)
    at flushSync$1 (webpack-internal:///(app-pages-browser)/./node_modules/.pnpm/next@14.2.21_react-dom@18.3.1_react@18.3.1__react@18.3.1/node_modules/next/dist/compiled/react-dom/cjs/react-dom.development.js:24999:7)
    at Object.scheduleRefresh (webpack-internal:///(app-pages-browser)/./node_modules/.pnpm/next@14.2.21_react-dom@18.3.1_react@18.3.1__react@18.3.1/node_modules/next/dist/compiled/react-dom/cjs/react-dom.development.js:27285:5)
    at eval (webpack-internal:///(app-pages-browser)/./node_modules/.pnpm/next@14.2.21_react-dom@18.3.1_react@18.3.1__react@18.3.1/node_modules/next/dist/compiled/react-refresh/cjs/react-refresh-runtime.development.js:265:17)
    at Set.forEach (<anonymous>)
    at Object.performReactRefresh (webpack-internal:///(app-pages-browser)/./node_modules/.pnpm/next@14.2.21_react-dom@18.3.1_react@18.3.1__react@18.3.1/node_modules/next/dist/compiled/react-refresh/cjs/react-refresh-runtime.development.js:254:26)
    at applyUpdate (webpack-internal:///(app-pages-browser)/./node_modules/.pnpm/next@14.2.21_react-dom@18.3.1_react@18.3.1__react@18.3.1/node_modules/next/dist/compiled/@next/react-refresh-utils/dist/internal/helpers.js:139:31)
    at statusHandler (webpack-internal:///(app-pages-browser)/./node_modules/.pnpm/next@14.2.21_react-dom@18.3.1_react@18.3.1__react@18.3.1/node_modules/next/dist/compiled/@next/react-refresh-utils/dist/internal/helpers.js:156:13)
    at setStatus (http://localhost:3000/_next/static/chunks/webpack.js?v=1770672662959:508:55)
    at http://localhost:3000/_next/static/chunks/webpack.js?v=1770672662959:678:21
[  206814ms] ReferenceError: ArrowsClockwise is not defined
    at AnalyticsPage (webpack-internal:///(app-pages-browser)/./src/app/panel/inmobiliaria/analytics/page.tsx:618:119)
    at renderWithHooks (webpack-internal:///(app-pages-browser)/./node_modules/.pnpm/next@14.2.21_react-dom@18.3.1_react@18.3.1__react@18.3.1/node_modules/next/dist/compiled/react-dom/cjs/react-dom.development.js:11121:18)
    at updateFunctionComponent (webpack-internal:///(app-pages-browser)/./node_modules/.pnpm/next@14.2.21_react-dom@18.3.1_react@18.3.1__react@18.3.1/node_modules/next/dist/compiled/react-dom/cjs/react-dom.development.js:16290:20)
    at beginWork$1 (webpack-internal:///(app-pages-browser)/./node_modules/.pnpm/next@14.2.21_react-dom@18.3.1_react@18.3.1__react@18.3.1/node_modules/next/dist/compiled/react-dom/cjs/react-dom.development.js:18472:16)
    at HTMLUnknownElement.callCallback (webpack-internal:///(app-pages-browser)/./node_modules/.pnpm/next@14.2.21_react-dom@18.3.1_react@18.3.1__react@18.3.1/node_modules/next/dist/compiled/react-dom/cjs/react-dom.development.js:20565:14)
    at Object.invokeGuardedCallbackImpl (webpack-internal:///(app-pages-browser)/./node_modules/.pnpm/next@14.2.21_react-dom@18.3.1_react@18.3.1__react@18.3.1/node_modules/next/dist/compiled/react-dom/cjs/react-dom.development.js:20614:16)
    at invokeGuardedCallback (webpack-internal:///(app-pages-browser)/./node_modules/.pnpm/next@14.2.21_react-dom@18.3.1_react@18.3.1__react@18.3.1/node_modules/next/dist/compiled/react-dom/cjs/react-dom.development.js:20689:29)
    at beginWork (webpack-internal:///(app-pages-browser)/./node_modules/.pnpm/next@14.2.21_react-dom@18.3.1_react@18.3.1__react@18.3.1/node_modules/next/dist/compiled/react-dom/cjs/react-dom.development.js:26949:7)
    at performUnitOfWork (webpack-internal:///(app-pages-browser)/./node_modules/.pnpm/next@14.2.21_react-dom@18.3.1_react@18.3.1__react@18.3.1/node_modules/next/dist/compiled/react-dom/cjs/react-dom.development.js:25748:12)
    at workLoopSync (webpack-internal:///(app-pages-browser)/./node_modules/.pnpm/next@14.2.21_react-dom@18.3.1_react@18.3.1__react@18.3.1/node_modules/next/dist/compiled/react-dom/cjs/react-dom.development.js:25464:5)
    at renderRootSync (webpack-internal:///(app-pages-browser)/./node_modules/.pnpm/next@14.2.21_react-dom@18.3.1_react@18.3.1__react@18.3.1/node_modules/next/dist/compiled/react-dom/cjs/react-dom.development.js:25419:7)
    at recoverFromConcurrentError (webpack-internal:///(app-pages-browser)/./node_modules/.pnpm/next@14.2.21_react-dom@18.3.1_react@18.3.1__react@18.3.1/node_modules/next/dist/compiled/react-dom/cjs/react-dom.development.js:24597:20)
    at performSyncWorkOnRoot (webpack-internal:///(app-pages-browser)/./node_modules/.pnpm/next@14.2.21_react-dom@18.3.1_react@18.3.1__react@18.3.1/node_modules/next/dist/compiled/react-dom/cjs/react-dom.development.js:24899:20)
    at flushSyncWorkAcrossRoots_impl (webpack-internal:///(app-pages-browser)/./node_modules/.pnpm/next@14.2.21_react-dom@18.3.1_react@18.3.1__react@18.3.1/node_modules/next/dist/compiled/react-dom/cjs/react-dom.development.js:7758:13)
    at flushSyncWorkOnAllRoots (webpack-internal:///(app-pages-browser)/./node_modules/.pnpm/next@14.2.21_react-dom@18.3.1_react@18.3.1__react@18.3.1/node_modules/next/dist/compiled/react-dom/cjs/react-dom.development.js:7718:3)
    at flushSync$1 (webpack-internal:///(app-pages-browser)/./node_modules/.pnpm/next@14.2.21_react-dom@18.3.1_react@18.3.1__react@18.3.1/node_modules/next/dist/compiled/react-dom/cjs/react-dom.development.js:24999:7)
    at Object.scheduleRefresh (webpack-internal:///(app-pages-browser)/./node_modules/.pnpm/next@14.2.21_react-dom@18.3.1_react@18.3.1__react@18.3.1/node_modules/next/dist/compiled/react-dom/cjs/react-dom.development.js:27285:5)
    at eval (webpack-internal:///(app-pages-browser)/./node_modules/.pnpm/next@14.2.21_react-dom@18.3.1_react@18.3.1__react@18.3.1/node_modules/next/dist/compiled/react-refresh/cjs/react-refresh-runtime.development.js:265:17)
    at Set.forEach (<anonymous>)
    at Object.performReactRefresh (webpack-internal:///(app-pages-browser)/./node_modules/.pnpm/next@14.2.21_react-dom@18.3.1_react@18.3.1__react@18.3.1/node_modules/next/dist/compiled/react-refresh/cjs/react-refresh-runtime.development.js:254:26)
    at applyUpdate (webpack-internal:///(app-pages-browser)/./node_modules/.pnpm/next@14.2.21_react-dom@18.3.1_react@18.3.1__react@18.3.1/node_modules/next/dist/compiled/@next/react-refresh-utils/dist/internal/helpers.js:139:31)
    at statusHandler (webpack-internal:///(app-pages-browser)/./node_modules/.pnpm/next@14.2.21_react-dom@18.3.1_react@18.3.1__react@18.3.1/node_modules/next/dist/compiled/@next/react-refresh-utils/dist/internal/helpers.js:156:13)
    at setStatus (http://localhost:3000/_next/static/chunks/webpack.js?v=1770672662959:508:55)
    at http://localhost:3000/_next/static/chunks/webpack.js?v=1770672662959:678:21
[  206815ms] ReferenceError: ArrowsClockwise is not defined
    at AnalyticsPage (webpack-internal:///(app-pages-browser)/./src/app/panel/inmobiliaria/analytics/page.tsx:618:119)
    at renderWithHooks (webpack-internal:///(app-pages-browser)/./node_modules/.pnpm/next@14.2.21_react-dom@18.3.1_react@18.3.1__react@18.3.1/node_modules/next/dist/compiled/react-dom/cjs/react-dom.development.js:11121:18)
    at updateFunctionComponent (webpack-internal:///(app-pages-browser)/./node_modules/.pnpm/next@14.2.21_react-dom@18.3.1_react@18.3.1__react@18.3.1/node_modules/next/dist/compiled/react-dom/cjs/react-dom.development.js:16290:20)
    at beginWork$1 (webpack-internal:///(app-pages-browser)/./node_modules/.pnpm/next@14.2.21_react-dom@18.3.1_react@18.3.1__react@18.3.1/node_modules/next/dist/compiled/react-dom/cjs/react-dom.development.js:18472:16)
    at beginWork (webpack-internal:///(app-pages-browser)/./node_modules/.pnpm/next@14.2.21_react-dom@18.3.1_react@18.3.1__react@18.3.1/node_modules/next/dist/compiled/react-dom/cjs/react-dom.development.js:26927:14)
    at performUnitOfWork (webpack-internal:///(app-pages-browser)/./node_modules/.pnpm/next@14.2.21_react-dom@18.3.1_react@18.3.1__react@18.3.1/node_modules/next/dist/compiled/react-dom/cjs/react-dom.development.js:25748:12)
    at workLoopSync (webpack-internal:///(app-pages-browser)/./node_modules/.pnpm/next@14.2.21_react-dom@18.3.1_react@18.3.1__react@18.3.1/node_modules/next/dist/compiled/react-dom/cjs/react-dom.development.js:25464:5)
    at renderRootSync (webpack-internal:///(app-pages-browser)/./node_modules/.pnpm/next@14.2.21_react-dom@18.3.1_react@18.3.1__react@18.3.1/node_modules/next/dist/compiled/react-dom/cjs/react-dom.development.js:25419:7)
    at recoverFromConcurrentError (webpack-internal:///(app-pages-browser)/./node_modules/.pnpm/next@14.2.21_react-dom@18.3.1_react@18.3.1__react@18.3.1/node_modules/next/dist/compiled/react-dom/cjs/react-dom.development.js:24597:20)
    at performSyncWorkOnRoot (webpack-internal:///(app-pages-browser)/./node_modules/.pnpm/next@14.2.21_react-dom@18.3.1_react@18.3.1__react@18.3.1/node_modules/next/dist/compiled/react-dom/cjs/react-dom.development.js:24899:20)
    at flushSyncWorkAcrossRoots_impl (webpack-internal:///(app-pages-browser)/./node_modules/.pnpm/next@14.2.21_react-dom@18.3.1_react@18.3.1__react@18.3.1/node_modules/next/dist/compiled/react-dom/cjs/react-dom.development.js:7758:13)
    at flushSyncWorkOnAllRoots (webpack-internal:///(app-pages-browser)/./node_modules/.pnpm/next@14.2.21_react-dom@18.3.1_react@18.3.1__react@18.3.1/node_modules/next/dist/compiled/react-dom/cjs/react-dom.development.js:7718:3)
    at flushSync$1 (webpack-internal:///(app-pages-browser)/./node_modules/.pnpm/next@14.2.21_react-dom@18.3.1_react@18.3.1__react@18.3.1/node_modules/next/dist/compiled/react-dom/cjs/react-dom.development.js:24999:7)
    at Object.scheduleRefresh (webpack-internal:///(app-pages-browser)/./node_modules/.pnpm/next@14.2.21_react-dom@18.3.1_react@18.3.1__react@18.3.1/node_modules/next/dist/compiled/react-dom/cjs/react-dom.development.js:27285:5)
    at eval (webpack-internal:///(app-pages-browser)/./node_modules/.pnpm/next@14.2.21_react-dom@18.3.1_react@18.3.1__react@18.3.1/node_modules/next/dist/compiled/react-refresh/cjs/react-refresh-runtime.development.js:265:17)
    at Set.forEach (<anonymous>)
    at Object.performReactRefresh (webpack-internal:///(app-pages-browser)/./node_modules/.pnpm/next@14.2.21_react-dom@18.3.1_react@18.3.1__react@18.3.1/node_modules/next/dist/compiled/react-refresh/cjs/react-refresh-runtime.development.js:254:26)
    at applyUpdate (webpack-internal:///(app-pages-browser)/./node_modules/.pnpm/next@14.2.21_react-dom@18.3.1_react@18.3.1__react@18.3.1/node_modules/next/dist/compiled/@next/react-refresh-utils/dist/internal/helpers.js:139:31)
    at statusHandler (webpack-internal:///(app-pages-browser)/./node_modules/.pnpm/next@14.2.21_react-dom@18.3.1_react@18.3.1__react@18.3.1/node_modules/next/dist/compiled/@next/react-refresh-utils/dist/internal/helpers.js:156:13)
    at setStatus (http://localhost:3000/_next/static/chunks/webpack.js?v=1770672662959:508:55)
    at http://localhost:3000/_next/static/chunks/webpack.js?v=1770672662959:678:21
[  206815ms] ReferenceError: ArrowsClockwise is not defined
    at AnalyticsPage (webpack-internal:///(app-pages-browser)/./src/app/panel/inmobiliaria/analytics/page.tsx:618:119)
    at renderWithHooks (webpack-internal:///(app-pages-browser)/./node_modules/.pnpm/next@14.2.21_react-dom@18.3.1_react@18.3.1__react@18.3.1/node_modules/next/dist/compiled/react-dom/cjs/react-dom.development.js:11121:18)
    at updateFunctionComponent (webpack-internal:///(app-pages-browser)/./node_modules/.pnpm/next@14.2.21_react-dom@18.3.1_react@18.3.1__react@18.3.1/node_modules/next/dist/compiled/react-dom/cjs/react-dom.development.js:16290:20)
    at beginWork$1 (webpack-internal:///(app-pages-browser)/./node_modules/.pnpm/next@14.2.21_react-dom@18.3.1_react@18.3.1__react@18.3.1/node_modules/next/dist/compiled/react-dom/cjs/react-dom.development.js:18472:16)
    at beginWork (webpack-internal:///(app-pages-browser)/./node_modules/.pnpm/next@14.2.21_react-dom@18.3.1_react@18.3.1__react@18.3.1/node_modules/next/dist/compiled/react-dom/cjs/react-dom.development.js:26927:14)
    at performUnitOfWork (webpack-internal:///(app-pages-browser)/./node_modules/.pnpm/next@14.2.21_react-dom@18.3.1_react@18.3.1__react@18.3.1/node_modules/next/dist/compiled/react-dom/cjs/react-dom.development.js:25748:12)
    at workLoopSync (webpack-internal:///(app-pages-browser)/./node_modules/.pnpm/next@14.2.21_react-dom@18.3.1_react@18.3.1__react@18.3.1/node_modules/next/dist/compiled/react-dom/cjs/react-dom.development.js:25464:5)
    at renderRootSync (webpack-internal:///(app-pages-browser)/./node_modules/.pnpm/next@14.2.21_react-dom@18.3.1_react@18.3.1__react@18.3.1/node_modules/next/dist/compiled/react-dom/cjs/react-dom.development.js:25419:7)
    at recoverFromConcurrentError (webpack-internal:///(app-pages-browser)/./node_modules/.pnpm/next@14.2.21_react-dom@18.3.1_react@18.3.1__react@18.3.1/node_modules/next/dist/compiled/react-dom/cjs/react-dom.development.js:24597:20)
    at performSyncWorkOnRoot (webpack-internal:///(app-pages-browser)/./node_modules/.pnpm/next@14.2.21_react-dom@18.3.1_react@18.3.1__react@18.3.1/node_modules/next/dist/compiled/react-dom/cjs/react-dom.development.js:24899:20)
    at flushSyncWorkAcrossRoots_impl (webpack-internal:///(app-pages-browser)/./node_modules/.pnpm/next@14.2.21_react-dom@18.3.1_react@18.3.1__react@18.3.1/node_modules/next/dist/compiled/react-dom/cjs/react-dom.development.js:7758:13)
    at flushSyncWorkOnAllRoots (webpack-internal:///(app-pages-browser)/./node_modules/.pnpm/next@14.2.21_react-dom@18.3.1_react@18.3.1__react@18.3.1/node_modules/next/dist/compiled/react-dom/cjs/react-dom.development.js:7718:3)
    at flushSync$1 (webpack-internal:///(app-pages-browser)/./node_modules/.pnpm/next@14.2.21_react-dom@18.3.1_react@18.3.1__react@18.3.1/node_modules/next/dist/compiled/react-dom/cjs/react-dom.development.js:24999:7)
    at Object.scheduleRefresh (webpack-internal:///(app-pages-browser)/./node_modules/.pnpm/next@14.2.21_react-dom@18.3.1_react@18.3.1__react@18.3.1/node_modules/next/dist/compiled/react-dom/cjs/react-dom.development.js:27285:5)
    at eval (webpack-internal:///(app-pages-browser)/./node_modules/.pnpm/next@14.2.21_react-dom@18.3.1_react@18.3.1__react@18.3.1/node_modules/next/dist/compiled/react-refresh/cjs/react-refresh-runtime.development.js:265:17)
    at Set.forEach (<anonymous>)
    at Object.performReactRefresh (webpack-internal:///(app-pages-browser)/./node_modules/.pnpm/next@14.2.21_react-dom@18.3.1_react@18.3.1__react@18.3.1/node_modules/next/dist/compiled/react-refresh/cjs/react-refresh-runtime.development.js:254:26)
    at applyUpdate (webpack-internal:///(app-pages-browser)/./node_modules/.pnpm/next@14.2.21_react-dom@18.3.1_react@18.3.1__react@18.3.1/node_modules/next/dist/compiled/@next/react-refresh-utils/dist/internal/helpers.js:139:31)
    at statusHandler (webpack-internal:///(app-pages-browser)/./node_modules/.pnpm/next@14.2.21_react-dom@18.3.1_react@18.3.1__react@18.3.1/node_modules/next/dist/compiled/@next/react-refresh-utils/dist/internal/helpers.js:156:13)
    at setStatus (http://localhost:3000/_next/static/chunks/webpack.js?v=1770672662959:508:55)
    at http://localhost:3000/_next/static/chunks/webpack.js?v=1770672662959:678:21
[  206817ms] ReferenceError: ArrowsClockwise is not defined
    at AnalyticsPage (webpack-internal:///(app-pages-browser)/./src/app/panel/inmobiliaria/analytics/page.tsx:618:119)
    at renderWithHooks (webpack-internal:///(app-pages-browser)/./node_modules/.pnpm/next@14.2.21_react-dom@18.3.1_react@18.3.1__react@18.3.1/node_modules/next/dist/compiled/react-dom/cjs/react-dom.development.js:11121:18)
    at updateFunctionComponent (webpack-internal:///(app-pages-browser)/./node_modules/.pnpm/next@14.2.21_react-dom@18.3.1_react@18.3.1__react@18.3.1/node_modules/next/dist/compiled/react-dom/cjs/react-dom.development.js:16290:20)
    at beginWork$1 (webpack-internal:///(app-pages-browser)/./node_modules/.pnpm/next@14.2.21_react-dom@18.3.1_react@18.3.1__react@18.3.1/node_modules/next/dist/compiled/react-dom/cjs/react-dom.development.js:18472:16)
    at beginWork (webpack-internal:///(app-pages-browser)/./node_modules/.pnpm/next@14.2.21_react-dom@18.3.1_react@18.3.1__react@18.3.1/node_modules/next/dist/compiled/react-dom/cjs/react-dom.development.js:26927:14)
    at performUnitOfWork (webpack-internal:///(app-pages-browser)/./node_modules/.pnpm/next@14.2.21_react-dom@18.3.1_react@18.3.1__react@18.3.1/node_modules/next/dist/compiled/react-dom/cjs/react-dom.development.js:25748:12)
    at workLoopSync (webpack-internal:///(app-pages-browser)/./node_modules/.pnpm/next@14.2.21_react-dom@18.3.1_react@18.3.1__react@18.3.1/node_modules/next/dist/compiled/react-dom/cjs/react-dom.development.js:25464:5)
    at renderRootSync (webpack-internal:///(app-pages-browser)/./node_modules/.pnpm/next@14.2.21_react-dom@18.3.1_react@18.3.1__react@18.3.1/node_modules/next/dist/compiled/react-dom/cjs/react-dom.development.js:25419:7)
    at recoverFromConcurrentError (webpack-internal:///(app-pages-browser)/./node_modules/.pnpm/next@14.2.21_react-dom@18.3.1_react@18.3.1__react@18.3.1/node_modules/next/dist/compiled/react-dom/cjs/react-dom.development.js:24597:20)
    at performSyncWorkOnRoot (webpack-internal:///(app-pages-browser)/./node_modules/.pnpm/next@14.2.21_react-dom@18.3.1_react@18.3.1__react@18.3.1/node_modules/next/dist/compiled/react-dom/cjs/react-dom.development.js:24899:20)
    at flushSyncWorkAcrossRoots_impl (webpack-internal:///(app-pages-browser)/./node_modules/.pnpm/next@14.2.21_react-dom@18.3.1_react@18.3.1__react@18.3.1/node_modules/next/dist/compiled/react-dom/cjs/react-dom.development.js:7758:13)
    at flushSyncWorkOnAllRoots (webpack-internal:///(app-pages-browser)/./node_modules/.pnpm/next@14.2.21_react-dom@18.3.1_react@18.3.1__react@18.3.1/node_modules/next/dist/compiled/react-dom/cjs/react-dom.development.js:7718:3)
    at flushSync$1 (webpack-internal:///(app-pages-browser)/./node_modules/.pnpm/next@14.2.21_react-dom@18.3.1_react@18.3.1__react@18.3.1/node_modules/next/dist/compiled/react-dom/cjs/react-dom.development.js:24999:7)
    at Object.scheduleRefresh (webpack-internal:///(app-pages-browser)/./node_modules/.pnpm/next@14.2.21_react-dom@18.3.1_react@18.3.1__react@18.3.1/node_modules/next/dist/compiled/react-dom/cjs/react-dom.development.js:27285:5)
    at eval (webpack-internal:///(app-pages-browser)/./node_modules/.pnpm/next@14.2.21_react-dom@18.3.1_react@18.3.1__react@18.3.1/node_modules/next/dist/compiled/react-refresh/cjs/react-refresh-runtime.development.js:265:17)
    at Set.forEach (<anonymous>)
    at Object.performReactRefresh (webpack-internal:///(app-pages-browser)/./node_modules/.pnpm/next@14.2.21_react-dom@18.3.1_react@18.3.1__react@18.3.1/node_modules/next/dist/compiled/react-refresh/cjs/react-refresh-runtime.development.js:254:26)
    at applyUpdate (webpack-internal:///(app-pages-browser)/./node_modules/.pnpm/next@14.2.21_react-dom@18.3.1_react@18.3.1__react@18.3.1/node_modules/next/dist/compiled/@next/react-refresh-utils/dist/internal/helpers.js:139:31)
    at statusHandler (webpack-internal:///(app-pages-browser)/./node_modules/.pnpm/next@14.2.21_react-dom@18.3.1_react@18.3.1__react@18.3.1/node_modules/next/dist/compiled/@next/react-refresh-utils/dist/internal/helpers.js:156:13)
    at setStatus (http://localhost:3000/_next/static/chunks/webpack.js?v=1770672662959:508:55)
    at http://localhost:3000/_next/static/chunks/webpack.js?v=1770672662959:678:21
[  206817ms] ReferenceError: ArrowsClockwise is not defined
    at AnalyticsPage (webpack-internal:///(app-pages-browser)/./src/app/panel/inmobiliaria/analytics/page.tsx:618:119)
    at renderWithHooks (webpack-internal:///(app-pages-browser)/./node_modules/.pnpm/next@14.2.21_react-dom@18.3.1_react@18.3.1__react@18.3.1/node_modules/next/dist/compiled/react-dom/cjs/react-dom.development.js:11121:18)
    at updateFunctionComponent (webpack-internal:///(app-pages-browser)/./node_modules/.pnpm/next@14.2.21_react-dom@18.3.1_react@18.3.1__react@18.3.1/node_modules/next/dist/compiled/react-dom/cjs/react-dom.development.js:16290:20)
    at beginWork$1 (webpack-internal:///(app-pages-browser)/./node_modules/.pnpm/next@14.2.21_react-dom@18.3.1_react@18.3.1__react@18.3.1/node_modules/next/dist/compiled/react-dom/cjs/react-dom.development.js:18472:16)
    at beginWork (webpack-internal:///(app-pages-browser)/./node_modules/.pnpm/next@14.2.21_react-dom@18.3.1_react@18.3.1__react@18.3.1/node_modules/next/dist/compiled/react-dom/cjs/react-dom.development.js:26927:14)
    at performUnitOfWork (webpack-internal:///(app-pages-browser)/./node_modules/.pnpm/next@14.2.21_react-dom@18.3.1_react@18.3.1__react@18.3.1/node_modules/next/dist/compiled/react-dom/cjs/react-dom.development.js:25748:12)
    at workLoopSync (webpack-internal:///(app-pages-browser)/./node_modules/.pnpm/next@14.2.21_react-dom@18.3.1_react@18.3.1__react@18.3.1/node_modules/next/dist/compiled/react-dom/cjs/react-dom.development.js:25464:5)
    at renderRootSync (webpack-internal:///(app-pages-browser)/./node_modules/.pnpm/next@14.2.21_react-dom@18.3.1_react@18.3.1__react@18.3.1/node_modules/next/dist/compiled/react-dom/cjs/react-dom.development.js:25419:7)
    at recoverFromConcurrentError (webpack-internal:///(app-pages-browser)/./node_modules/.pnpm/next@14.2.21_react-dom@18.3.1_react@18.3.1__react@18.3.1/node_modules/next/dist/compiled/react-dom/cjs/react-dom.development.js:24597:20)
    at performSyncWorkOnRoot (webpack-internal:///(app-pages-browser)/./node_modules/.pnpm/next@14.2.21_react-dom@18.3.1_react@18.3.1__react@18.3.1/node_modules/next/dist/compiled/react-dom/cjs/react-dom.development.js:24899:20)
    at flushSyncWorkAcrossRoots_impl (webpack-internal:///(app-pages-browser)/./node_modules/.pnpm/next@14.2.21_react-dom@18.3.1_react@18.3.1__react@18.3.1/node_modules/next/dist/compiled/react-dom/cjs/react-dom.development.js:7758:13)
    at flushSyncWorkOnAllRoots (webpack-internal:///(app-pages-browser)/./node_modules/.pnpm/next@14.2.21_react-dom@18.3.1_react@18.3.1__react@18.3.1/node_modules/next/dist/compiled/react-dom/cjs/react-dom.development.js:7718:3)
    at flushSync$1 (webpack-internal:///(app-pages-browser)/./node_modules/.pnpm/next@14.2.21_react-dom@18.3.1_react@18.3.1__react@18.3.1/node_modules/next/dist/compiled/react-dom/cjs/react-dom.development.js:24999:7)
    at Object.scheduleRefresh (webpack-internal:///(app-pages-browser)/./node_modules/.pnpm/next@14.2.21_react-dom@18.3.1_react@18.3.1__react@18.3.1/node_modules/next/dist/compiled/react-dom/cjs/react-dom.development.js:27285:5)
    at eval (webpack-internal:///(app-pages-browser)/./node_modules/.pnpm/next@14.2.21_react-dom@18.3.1_react@18.3.1__react@18.3.1/node_modules/next/dist/compiled/react-refresh/cjs/react-refresh-runtime.development.js:265:17)
    at Set.forEach (<anonymous>)
    at Object.performReactRefresh (webpack-internal:///(app-pages-browser)/./node_modules/.pnpm/next@14.2.21_react-dom@18.3.1_react@18.3.1__react@18.3.1/node_modules/next/dist/compiled/react-refresh/cjs/react-refresh-runtime.development.js:254:26)
    at applyUpdate (webpack-internal:///(app-pages-browser)/./node_modules/.pnpm/next@14.2.21_react-dom@18.3.1_react@18.3.1__react@18.3.1/node_modules/next/dist/compiled/@next/react-refresh-utils/dist/internal/helpers.js:139:31)
    at statusHandler (webpack-internal:///(app-pages-browser)/./node_modules/.pnpm/next@14.2.21_react-dom@18.3.1_react@18.3.1__react@18.3.1/node_modules/next/dist/compiled/@next/react-refresh-utils/dist/internal/helpers.js:156:13)
    at setStatus (http://localhost:3000/_next/static/chunks/webpack.js?v=1770672662959:508:55)
    at http://localhost:3000/_next/static/chunks/webpack.js?v=1770672662959:678:21
[  206817ms] ReferenceError: ArrowsClockwise is not defined
    at AnalyticsPage (webpack-internal:///(app-pages-browser)/./src/app/panel/inmobiliaria/analytics/page.tsx:618:119)
    at renderWithHooks (webpack-internal:///(app-pages-browser)/./node_modules/.pnpm/next@14.2.21_react-dom@18.3.1_react@18.3.1__react@18.3.1/node_modules/next/dist/compiled/react-dom/cjs/react-dom.development.js:11121:18)
    at updateFunctionComponent (webpack-internal:///(app-pages-browser)/./node_modules/.pnpm/next@14.2.21_react-dom@18.3.1_react@18.3.1__react@18.3.1/node_modules/next/dist/compiled/react-dom/cjs/react-dom.development.js:16290:20)
    at beginWork$1 (webpack-internal:///(app-pages-browser)/./node_modules/.pnpm/next@14.2.21_react-dom@18.3.1_react@18.3.1__react@18.3.1/node_modules/next/dist/compiled/react-dom/cjs/react-dom.development.js:18472:16)
    at beginWork (webpack-internal:///(app-pages-browser)/./node_modules/.pnpm/next@14.2.21_react-dom@18.3.1_react@18.3.1__react@18.3.1/node_modules/next/dist/compiled/react-dom/cjs/react-dom.development.js:26927:14)
    at performUnitOfWork (webpack-internal:///(app-pages-browser)/./node_modules/.pnpm/next@14.2.21_react-dom@18.3.1_react@18.3.1__react@18.3.1/node_modules/next/dist/compiled/react-dom/cjs/react-dom.development.js:25748:12)
    at workLoopSync (webpack-internal:///(app-pages-browser)/./node_modules/.pnpm/next@14.2.21_react-dom@18.3.1_react@18.3.1__react@18.3.1/node_modules/next/dist/compiled/react-dom/cjs/react-dom.development.js:25464:5)
    at renderRootSync (webpack-internal:///(app-pages-browser)/./node_modules/.pnpm/next@14.2.21_react-dom@18.3.1_react@18.3.1__react@18.3.1/node_modules/next/dist/compiled/react-dom/cjs/react-dom.development.js:25419:7)
    at recoverFromConcurrentError (webpack-internal:///(app-pages-browser)/./node_modules/.pnpm/next@14.2.21_react-dom@18.3.1_react@18.3.1__react@18.3.1/node_modules/next/dist/compiled/react-dom/cjs/react-dom.development.js:24597:20)
    at performSyncWorkOnRoot (webpack-internal:///(app-pages-browser)/./node_modules/.pnpm/next@14.2.21_react-dom@18.3.1_react@18.3.1__react@18.3.1/node_modules/next/dist/compiled/react-dom/cjs/react-dom.development.js:24899:20)
    at flushSyncWorkAcrossRoots_impl (webpack-internal:///(app-pages-browser)/./node_modules/.pnpm/next@14.2.21_react-dom@18.3.1_react@18.3.1__react@18.3.1/node_modules/next/dist/compiled/react-dom/cjs/react-dom.development.js:7758:13)
    at flushSyncWorkOnAllRoots (webpack-internal:///(app-pages-browser)/./node_modules/.pnpm/next@14.2.21_react-dom@18.3.1_react@18.3.1__react@18.3.1/node_modules/next/dist/compiled/react-dom/cjs/react-dom.development.js:7718:3)
    at flushSync$1 (webpack-internal:///(app-pages-browser)/./node_modules/.pnpm/next@14.2.21_react-dom@18.3.1_react@18.3.1__react@18.3.1/node_modules/next/dist/compiled/react-dom/cjs/react-dom.development.js:24999:7)
    at Object.scheduleRefresh (webpack-internal:///(app-pages-browser)/./node_modules/.pnpm/next@14.2.21_react-dom@18.3.1_react@18.3.1__react@18.3.1/node_modules/next/dist/compiled/react-dom/cjs/react-dom.development.js:27285:5)
    at eval (webpack-internal:///(app-pages-browser)/./node_modules/.pnpm/next@14.2.21_react-dom@18.3.1_react@18.3.1__react@18.3.1/node_modules/next/dist/compiled/react-refresh/cjs/react-refresh-runtime.development.js:265:17)
    at Set.forEach (<anonymous>)
    at Object.performReactRefresh (webpack-internal:///(app-pages-browser)/./node_modules/.pnpm/next@14.2.21_react-dom@18.3.1_react@18.3.1__react@18.3.1/node_modules/next/dist/compiled/react-refresh/cjs/react-refresh-runtime.development.js:254:26)
    at applyUpdate (webpack-internal:///(app-pages-browser)/./node_modules/.pnpm/next@14.2.21_react-dom@18.3.1_react@18.3.1__react@18.3.1/node_modules/next/dist/compiled/@next/react-refresh-utils/dist/internal/helpers.js:139:31)
    at statusHandler (webpack-internal:///(app-pages-browser)/./node_modules/.pnpm/next@14.2.21_react-dom@18.3.1_react@18.3.1__react@18.3.1/node_modules/next/dist/compiled/@next/react-refresh-utils/dist/internal/helpers.js:156:13)
    at setStatus (http://localhost:3000/_next/static/chunks/webpack.js?v=1770672662959:508:55)
    at http://localhost:3000/_next/static/chunks/webpack.js?v=1770672662959:678:21
[  206818ms] ReferenceError: ArrowsClockwise is not defined
    at AnalyticsPage (webpack-internal:///(app-pages-browser)/./src/app/panel/inmobiliaria/analytics/page.tsx:618:119)
    at renderWithHooks (webpack-internal:///(app-pages-browser)/./node_modules/.pnpm/next@14.2.21_react-dom@18.3.1_react@18.3.1__react@18.3.1/node_modules/next/dist/compiled/react-dom/cjs/react-dom.development.js:11121:18)
    at updateFunctionComponent (webpack-internal:///(app-pages-browser)/./node_modules/.pnpm/next@14.2.21_react-dom@18.3.1_react@18.3.1__react@18.3.1/node_modules/next/dist/compiled/react-dom/cjs/react-dom.development.js:16290:20)
    at beginWork$1 (webpack-internal:///(app-pages-browser)/./node_modules/.pnpm/next@14.2.21_react-dom@18.3.1_react@18.3.1__react@18.3.1/node_modules/next/dist/compiled/react-dom/cjs/react-dom.development.js:18472:16)
    at beginWork (webpack-internal:///(app-pages-browser)/./node_modules/.pnpm/next@14.2.21_react-dom@18.3.1_react@18.3.1__react@18.3.1/node_modules/next/dist/compiled/react-dom/cjs/react-dom.development.js:26927:14)
    at performUnitOfWork (webpack-internal:///(app-pages-browser)/./node_modules/.pnpm/next@14.2.21_react-dom@18.3.1_react@18.3.1__react@18.3.1/node_modules/next/dist/compiled/react-dom/cjs/react-dom.development.js:25748:12)
    at workLoopSync (webpack-internal:///(app-pages-browser)/./node_modules/.pnpm/next@14.2.21_react-dom@18.3.1_react@18.3.1__react@18.3.1/node_modules/next/dist/compiled/react-dom/cjs/react-dom.development.js:25464:5)
    at renderRootSync (webpack-internal:///(app-pages-browser)/./node_modules/.pnpm/next@14.2.21_react-dom@18.3.1_react@18.3.1__react@18.3.1/node_modules/next/dist/compiled/react-dom/cjs/react-dom.development.js:25419:7)
    at recoverFromConcurrentError (webpack-internal:///(app-pages-browser)/./node_modules/.pnpm/next@14.2.21_react-dom@18.3.1_react@18.3.1__react@18.3.1/node_modules/next/dist/compiled/react-dom/cjs/react-dom.development.js:24597:20)
    at performSyncWorkOnRoot (webpack-internal:///(app-pages-browser)/./node_modules/.pnpm/next@14.2.21_react-dom@18.3.1_react@18.3.1__react@18.3.1/node_modules/next/dist/compiled/react-dom/cjs/react-dom.development.js:24899:20)
    at flushSyncWorkAcrossRoots_impl (webpack-internal:///(app-pages-browser)/./node_modules/.pnpm/next@14.2.21_react-dom@18.3.1_react@18.3.1__react@18.3.1/node_modules/next/dist/compiled/react-dom/cjs/react-dom.development.js:7758:13)
    at flushSyncWorkOnAllRoots (webpack-internal:///(app-pages-browser)/./node_modules/.pnpm/next@14.2.21_react-dom@18.3.1_react@18.3.1__react@18.3.1/node_modules/next/dist/compiled/react-dom/cjs/react-dom.development.js:7718:3)
    at flushSync$1 (webpack-internal:///(app-pages-browser)/./node_modules/.pnpm/next@14.2.21_react-dom@18.3.1_react@18.3.1__react@18.3.1/node_modules/next/dist/compiled/react-dom/cjs/react-dom.development.js:24999:7)
    at Object.scheduleRefresh (webpack-internal:///(app-pages-browser)/./node_modules/.pnpm/next@14.2.21_react-dom@18.3.1_react@18.3.1__react@18.3.1/node_modules/next/dist/compiled/react-dom/cjs/react-dom.development.js:27285:5)
    at eval (webpack-internal:///(app-pages-browser)/./node_modules/.pnpm/next@14.2.21_react-dom@18.3.1_react@18.3.1__react@18.3.1/node_modules/next/dist/compiled/react-refresh/cjs/react-refresh-runtime.development.js:265:17)
    at Set.forEach (<anonymous>)
    at Object.performReactRefresh (webpack-internal:///(app-pages-browser)/./node_modules/.pnpm/next@14.2.21_react-dom@18.3.1_react@18.3.1__react@18.3.1/node_modules/next/dist/compiled/react-refresh/cjs/react-refresh-runtime.development.js:254:26)
    at applyUpdate (webpack-internal:///(app-pages-browser)/./node_modules/.pnpm/next@14.2.21_react-dom@18.3.1_react@18.3.1__react@18.3.1/node_modules/next/dist/compiled/@next/react-refresh-utils/dist/internal/helpers.js:139:31)
    at statusHandler (webpack-internal:///(app-pages-browser)/./node_modules/.pnpm/next@14.2.21_react-dom@18.3.1_react@18.3.1__react@18.3.1/node_modules/next/dist/compiled/@next/react-refresh-utils/dist/internal/helpers.js:156:13)
    at setStatus (http://localhost:3000/_next/static/chunks/webpack.js?v=1770672662959:508:55)
    at http://localhost:3000/_next/static/chunks/webpack.js?v=1770672662959:678:21
[  206818ms] ReferenceError: ArrowsClockwise is not defined
    at AnalyticsPage (webpack-internal:///(app-pages-browser)/./src/app/panel/inmobiliaria/analytics/page.tsx:618:119)
    at renderWithHooks (webpack-internal:///(app-pages-browser)/./node_modules/.pnpm/next@14.2.21_react-dom@18.3.1_react@18.3.1__react@18.3.1/node_modules/next/dist/compiled/react-dom/cjs/react-dom.development.js:11121:18)
    at updateFunctionComponent (webpack-internal:///(app-pages-browser)/./node_modules/.pnpm/next@14.2.21_react-dom@18.3.1_react@18.3.1__react@18.3.1/node_modules/next/dist/compiled/react-dom/cjs/react-dom.development.js:16290:20)
    at beginWork$1 (webpack-internal:///(app-pages-browser)/./node_modules/.pnpm/next@14.2.21_react-dom@18.3.1_react@18.3.1__react@18.3.1/node_modules/next/dist/compiled/react-dom/cjs/react-dom.development.js:18472:16)
    at beginWork (webpack-internal:///(app-pages-browser)/./node_modules/.pnpm/next@14.2.21_react-dom@18.3.1_react@18.3.1__react@18.3.1/node_modules/next/dist/compiled/react-dom/cjs/react-dom.development.js:26927:14)
    at performUnitOfWork (webpack-internal:///(app-pages-browser)/./node_modules/.pnpm/next@14.2.21_react-dom@18.3.1_react@18.3.1__react@18.3.1/node_modules/next/dist/compiled/react-dom/cjs/react-dom.development.js:25748:12)
    at workLoopSync (webpack-internal:///(app-pages-browser)/./node_modules/.pnpm/next@14.2.21_react-dom@18.3.1_react@18.3.1__react@18.3.1/node_modules/next/dist/compiled/react-dom/cjs/react-dom.development.js:25464:5)
    at renderRootSync (webpack-internal:///(app-pages-browser)/./node_modules/.pnpm/next@14.2.21_react-dom@18.3.1_react@18.3.1__react@18.3.1/node_modules/next/dist/compiled/react-dom/cjs/react-dom.development.js:25419:7)
    at recoverFromConcurrentError (webpack-internal:///(app-pages-browser)/./node_modules/.pnpm/next@14.2.21_react-dom@18.3.1_react@18.3.1__react@18.3.1/node_modules/next/dist/compiled/react-dom/cjs/react-dom.development.js:24597:20)
    at performSyncWorkOnRoot (webpack-internal:///(app-pages-browser)/./node_modules/.pnpm/next@14.2.21_react-dom@18.3.1_react@18.3.1__react@18.3.1/node_modules/next/dist/compiled/react-dom/cjs/react-dom.development.js:24899:20)
    at flushSyncWorkAcrossRoots_impl (webpack-internal:///(app-pages-browser)/./node_modules/.pnpm/next@14.2.21_react-dom@18.3.1_react@18.3.1__react@18.3.1/node_modules/next/dist/compiled/react-dom/cjs/react-dom.development.js:7758:13)
    at flushSyncWorkOnAllRoots (webpack-internal:///(app-pages-browser)/./node_modules/.pnpm/next@14.2.21_react-dom@18.3.1_react@18.3.1__react@18.3.1/node_modules/next/dist/compiled/react-dom/cjs/react-dom.development.js:7718:3)
    at flushSync$1 (webpack-internal:///(app-pages-browser)/./node_modules/.pnpm/next@14.2.21_react-dom@18.3.1_react@18.3.1__react@18.3.1/node_modules/next/dist/compiled/react-dom/cjs/react-dom.development.js:24999:7)
    at Object.scheduleRefresh (webpack-internal:///(app-pages-browser)/./node_modules/.pnpm/next@14.2.21_react-dom@18.3.1_react@18.3.1__react@18.3.1/node_modules/next/dist/compiled/react-dom/cjs/react-dom.development.js:27285:5)
    at eval (webpack-internal:///(app-pages-browser)/./node_modules/.pnpm/next@14.2.21_react-dom@18.3.1_react@18.3.1__react@18.3.1/node_modules/next/dist/compiled/react-refresh/cjs/react-refresh-runtime.development.js:265:17)
    at Set.forEach (<anonymous>)
    at Object.performReactRefresh (webpack-internal:///(app-pages-browser)/./node_modules/.pnpm/next@14.2.21_react-dom@18.3.1_react@18.3.1__react@18.3.1/node_modules/next/dist/compiled/react-refresh/cjs/react-refresh-runtime.development.js:254:26)
    at applyUpdate (webpack-internal:///(app-pages-browser)/./node_modules/.pnpm/next@14.2.21_react-dom@18.3.1_react@18.3.1__react@18.3.1/node_modules/next/dist/compiled/@next/react-refresh-utils/dist/internal/helpers.js:139:31)
    at statusHandler (webpack-internal:///(app-pages-browser)/./node_modules/.pnpm/next@14.2.21_react-dom@18.3.1_react@18.3.1__react@18.3.1/node_modules/next/dist/compiled/@next/react-refresh-utils/dist/internal/helpers.js:156:13)
    at setStatus (http://localhost:3000/_next/static/chunks/webpack.js?v=1770672662959:508:55)
    at http://localhost:3000/_next/static/chunks/webpack.js?v=1770672662959:678:21
[  206818ms] [ERROR] The above error occurred in the <NotFoundErrorBoundary> component:

    at AnalyticsPage (webpack-internal:///(app-pages-browser)/./src/app/panel/inmobiliaria/analytics/page.tsx:420:88)
    at ClientPageRoot (webpack-internal:///(app-pages-browser)/./node_modules/.pnpm/next@14.2.21_react-dom@18.3.1_react@18.3.1__react@18.3.1/node_modules/next/dist/client/components/client-page.js:14:11)
    at InnerLayoutRouter (webpack-internal:///(app-pages-browser)/./node_modules/.pnpm/next@14.2.21_react-dom@18.3.1_react@18.3.1__react@18.3.1/node_modules/next/dist/client/components/layout-router.js:243:11)
    at RedirectErrorBoundary (webpack-internal:///(app-pages-browser)/./node_modules/.pnpm/next@14.2.21_react-dom@18.3.1_react@18.3.1__react@18.3.1/node_modules/next/dist/client/components/redirect-boundary.js:74:9)
    at RedirectBoundary (webpack-internal:///(app-pages-browser)/./node_modules/.pnpm/next@14.2.21_react-dom@18.3.1_react@18.3.1__react@18.3.1/node_modules/next/dist/client/components/redirect-boundary.js:82:11)
    at NotFoundBoundary (webpack-internal:///(app-pages-browser)/./node_modules/.pnpm/next@14.2.21_react-dom@18.3.1_react@18.3.1__react@18.3.1/node_modules/next/dist/client/components/not-found-boundary.js:84:11)
    at LoadingBoundary (webpack-internal:///(app-pages-browser)/./node_modules/.pnpm/next@14.2.21_react-dom@18.3.1_react@18.3.1__react@18.3.1/node_modules/next/dist/client/components/layout-router.js:349:11)
    at ErrorBoundary (webpack-internal:///(app-pages-browser)/./node_modules/.pnpm/next@14.2.21_react-dom@18.3.1_react@18.3.1__react@18.3.1/node_modules/next/dist/client/components/error-boundary.js:160:11)
    at InnerScrollAndFocusHandler (webpack-internal:///(app-pages-browser)/./node_modules/.pnpm/next@14.2.21_react-dom@18.3.1_react@18.3.1__react@18.3.1/node_modules/next/dist/client/components/layout-router.js:153:9)
    at ScrollAndFocusHandler (webpack-internal:///(app-pages-browser)/./node_modules/.pnpm/next@14.2.21_react-dom@18.3.1_react@18.3.1__react@18.3.1/node_modules/next/dist/client/components/layout-router.js:228:11)
    at RenderFromTemplateContext (webpack-internal:///(app-pages-browser)/./node_modules/.pnpm/next@14.2.21_react-dom@18.3.1_react@18.3.1__react@18.3.1/node_modules/next/dist/client/components/render-from-template-context.js:16:44)
    at OuterLayoutRouter (webpack-internal:///(app-pages-browser)/./node_modules/.pnpm/next@14.2.21_react-dom@18.3.1_react@18.3.1__react@18.3.1/node_modules/next/dist/client/components/layout-router.js:370:11)
    at InnerLayoutRouter (webpack-internal:///(app-pages-browser)/./node_modules/.pnpm/next@14.2.21_react-dom@18.3.1_react@18.3.1__react@18.3.1/node_modules/next/dist/client/components/layout-router.js:243:11)
    at RedirectErrorBoundary (webpack-internal:///(app-pages-browser)/./node_modules/.pnpm/next@14.2.21_react-dom@18.3.1_react@18.3.1__react@18.3.1/node_modules/next/dist/client/components/redirect-boundary.js:74:9)
    at RedirectBoundary (webpack-internal:///(app-pages-browser)/./node_modules/.pnpm/next@14.2.21_react-dom@18.3.1_react@18.3.1__react@18.3.1/node_modules/next/dist/client/components/redirect-boundary.js:82:11)
    at NotFoundBoundary (webpack-internal:///(app-pages-browser)/./node_modules/.pnpm/next@14.2.21_react-dom@18.3.1_react@18.3.1__react@18.3.1/node_modules/next/dist/client/components/not-found-boundary.js:84:11)
    at LoadingBoundary (webpack-internal:///(app-pages-browser)/./node_modules/.pnpm/next@14.2.21_react-dom@18.3.1_react@18.3.1__react@18.3.1/node_modules/next/dist/client/components/layout-router.js:349:11)
    at ErrorBoundary (webpack-internal:///(app-pages-browser)/./node_modules/.pnpm/next@14.2.21_react-dom@18.3.1_react@18.3.1__react@18.3.1/node_modules/next/dist/client/components/error-boundary.js:160:11)
    at InnerScrollAndFocusHandler (webpack-internal:///(app-pages-browser)/./node_modules/.pnpm/next@14.2.21_react-dom@18.3.1_react@18.3.1__react@18.3.1/node_modules/next/dist/client/components/layout-router.js:153:9)
    at ScrollAndFocusHandler (webpack-internal:///(app-pages-browser)/./node_modules/.pnpm/next@14.2.21_react-dom@18.3.1_react@18.3.1__react@18.3.1/node_modules/next/dist/client/components/layout-router.js:228:11)
    at RenderFromTemplateContext (webpack-internal:///(app-pages-browser)/./node_modules/.pnpm/next@14.2.21_react-dom@18.3.1_react@18.3.1__react@18.3.1/node_modules/next/dist/client/components/render-from-template-context.js:16:44)
    at OuterLayoutRouter (webpack-internal:///(app-pages-browser)/./node_modules/.pnpm/next@14.2.21_react-dom@18.3.1_react@18.3.1__react@18.3.1/node_modules/next/dist/client/components/layout-router.js:370:11)
    at main
    at div
    at div
    at InmobiliariaLayoutInner (webpack-internal:///(app-pages-browser)/./src/app/panel/inmobiliaria/layout.tsx:111:11)
    at SidebarProvider (webpack-internal:///(app-pages-browser)/./src/lib/context/SidebarContext.tsx:14:11)
    at I18nProvider (webpack-internal:///(app-pages-browser)/./src/lib/i18n/i18n-context.tsx:48:11)
    at ProtectedRoute (webpack-internal:///(app-pages-browser)/./src/components/auth/ProtectedRoute.tsx:29:11)
    at InmobiliariaLayout (webpack-internal:///(app-pages-browser)/./src/app/panel/inmobiliaria/layout.tsx:184:11)
    at InnerLayoutRouter (webpack-internal:///(app-pages-browser)/./node_modules/.pnpm/next@14.2.21_react-dom@18.3.1_react@18.3.1__react@18.3.1/node_modules/next/dist/client/components/layout-router.js:243:11)
    at RedirectErrorBoundary (webpack-internal:///(app-pages-browser)/./node_modules/.pnpm/next@14.2.21_react-dom@18.3.1_react@18.3.1__react@18.3.1/node_modules/next/dist/client/components/redirect-boundary.js:74:9)
    at RedirectBoundary (webpack-internal:///(app-pages-browser)/./node_modules/.pnpm/next@14.2.21_react-dom@18.3.1_react@18.3.1__react@18.3.1/node_modules/next/dist/client/components/redirect-boundary.js:82:11)
    at NotFoundBoundary (webpack-internal:///(app-pages-browser)/./node_modules/.pnpm/next@14.2.21_react-dom@18.3.1_react@18.3.1__react@18.3.1/node_modules/next/dist/client/components/not-found-boundary.js:84:11)
    at LoadingBoundary (webpack-internal:///(app-pages-browser)/./node_modules/.pnpm/next@14.2.21_react-dom@18.3.1_react@18.3.1__react@18.3.1/node_modules/next/dist/client/components/layout-router.js:349:11)
    at ErrorBoundary (webpack-internal:///(app-pages-browser)/./node_modules/.pnpm/next@14.2.21_react-dom@18.3.1_react@18.3.1__react@18.3.1/node_modules/next/dist/client/components/error-boundary.js:160:11)
    at InnerScrollAndFocusHandler (webpack-internal:///(app-pages-browser)/./node_modules/.pnpm/next@14.2.21_react-dom@18.3.1_react@18.3.1__react@18.3.1/node_modules/next/dist/client/components/layout-router.js:153:9)
    at ScrollAndFocusHandler (webpack-internal:///(app-pages-browser)/./node_modules/.pnpm/next@14.2.21_react-dom@18.3.1_react@18.3.1__react@18.3.1/node_modules/next/dist/client/components/layout-router.js:228:11)
    at RenderFromTemplateContext (webpack-internal:///(app-pages-browser)/./node_modules/.pnpm/next@14.2.21_react-dom@18.3.1_react@18.3.1__react@18.3.1/node_modules/next/dist/client/components/render-from-template-context.js:16:44)
    at OuterLayoutRouter (webpack-internal:///(app-pages-browser)/./node_modules/.pnpm/next@14.2.21_react-dom@18.3.1_react@18.3.1__react@18.3.1/node_modules/next/dist/client/components/layout-router.js:370:11)
    at InnerLayoutRouter (webpack-internal:///(app-pages-browser)/./node_modules/.pnpm/next@14.2.21_react-dom@18.3.1_react@18.3.1__react@18.3.1/node_modules/next/dist/client/components/layout-router.js:243:11)
    at RedirectErrorBoundary (webpack-internal:///(app-pages-browser)/./node_modules/.pnpm/next@14.2.21_react-dom@18.3.1_react@18.3.1__react@18.3.1/node_modules/next/dist/client/components/redirect-boundary.js:74:9)
    at RedirectBoundary (webpack-internal:///(app-pages-browser)/./node_modules/.pnpm/next@14.2.21_react-dom@18.3.1_react@18.3.1__react@18.3.1/node_modules/next/dist/client/components/redirect-boundary.js:82:11)
    at NotFoundErrorBoundary (webpack-internal:///(app-pages-browser)/./node_modules/.pnpm/next@14.2.21_react-dom@18.3.1_react@18.3.1__react@18.3.1/node_modules/next/dist/client/components/not-found-boundary.js:76:9)
    at NotFoundBoundary (webpack-internal:///(app-pages-browser)/./node_modules/.pnpm/next@14.2.21_react-dom@18.3.1_react@18.3.1__react@18.3.1/node_modules/next/dist/client/components/not-found-boundary.js:84:11)
    at LoadingBoundary (webpack-internal:///(app-pages-browser)/./node_modules/.pnpm/next@14.2.21_react-dom@18.3.1_react@18.3.1__react@18.3.1/node_modules/next/dist/client/components/layout-router.js:349:11)
    at ErrorBoundary (webpack-internal:///(app-pages-browser)/./node_modules/.pnpm/next@14.2.21_react-dom@18.3.1_react@18.3.1__react@18.3.1/node_modules/next/dist/client/components/error-boundary.js:160:11)
    at InnerScrollAndFocusHandler (webpack-internal:///(app-pages-browser)/./node_modules/.pnpm/next@14.2.21_react-dom@18.3.1_react@18.3.1__react@18.3.1/node_modules/next/dist/client/components/layout-router.js:153:9)
    at ScrollAndFocusHandler (webpack-internal:///(app-pages-browser)/./node_modules/.pnpm/next@14.2.21_react-dom@18.3.1_react@18.3.1__react@18.3.1/node_modules/next/dist/client/components/layout-router.js:228:11)
    at RenderFromTemplateContext (webpack-internal:///(app-pages-browser)/./node_modules/.pnpm/next@14.2.21_react-dom@18.3.1_react@18.3.1__react@18.3.1/node_modules/next/dist/client/components/render-from-template-context.js:16:44)
    at div
    at MotionDOMComponent (webpack-internal:///(app-pages-browser)/./node_modules/.pnpm/framer-motion@12.27.1_react-dom@18.3.1_react@18.3.1__react@18.3.1/node_modules/framer-motion/dist/es/motion/index.mjs:67:65)
    at PageTransition (webpack-internal:///(app-pages-browser)/./src/components/providers/PageTransition.tsx:13:11)
    at Template (webpack-internal:///(app-pages-browser)/./src/app/template.tsx:13:11)
    at OuterLayoutRouter (webpack-internal:///(app-pages-browser)/./node_modules/.pnpm/next@14.2.21_react-dom@18.3.1_react@18.3.1__react@18.3.1/node_modules/next/dist/client/components/layout-router.js:370:11)
    at SmoothScroll (webpack-internal:///(app-pages-browser)/./src/components/providers/SmoothScroll.tsx:36:11)
    at WishlistProvider (webpack-internal:///(app-pages-browser)/./src/lib/stores/wishlist.tsx:17:11)
    at AuthProvider (webpack-internal:///(app-pages-browser)/./src/lib/auth/auth-context.tsx:28:11)
    at V (webpack-internal:///(app-pages-browser)/./node_modules/.pnpm/next-themes@0.4.6_react-dom@18.3.1_react@18.3.1__react@18.3.1/node_modules/next-themes/dist/index.mjs:54:24)
    at J (webpack-internal:///(app-pages-browser)/./node_modules/.pnpm/next-themes@0.4.6_react-dom@18.3.1_react@18.3.1__react@18.3.1/node_modules/next-themes/dist/index.mjs:47:47)
    at ThemeProvider (webpack-internal:///(app-pages-browser)/./src/components/providers/ThemeProvider.tsx:10:11)
    at body
    at html
    at RootLayout (Server)
    at RedirectErrorBoundary (webpack-internal:///(app-pages-browser)/./node_modules/.pnpm/next@14.2.21_react-dom@18.3.1_react@18.3.1__react@18.3.1/node_modules/next/dist/client/components/redirect-boundary.js:74:9)
    at RedirectBoundary (webpack-internal:///(app-pages-browser)/./node_modules/.pnpm/next@14.2.21_react-dom@18.3.1_react@18.3.1__react@18.3.1/node_modules/next/dist/client/components/redirect-boundary.js:82:11)
    at NotFoundErrorBoundary (webpack-internal:///(app-pages-browser)/./node_modules/.pnpm/next@14.2.21_react-dom@18.3.1_react@18.3.1__react@18.3.1/node_modules/next/dist/client/components/not-found-boundary.js:76:9)
    at NotFoundBoundary (webpack-internal:///(app-pages-browser)/./node_modules/.pnpm/next@14.2.21_react-dom@18.3.1_react@18.3.1__react@18.3.1/node_modules/next/dist/client/components/not-found-boundary.js:84:11)
    at DevRootNotFoundBoundary (webpack-internal:///(app-pages-browser)/./node_modules/.pnpm/next@14.2.21_react-dom@18.3.1_react@18.3.1__react@18.3.1/node_modules/next/dist/client/components/dev-root-not-found-boundary.js:33:11)
    at ReactDevOverlay (webpack-internal:///(app-pages-browser)/./node_modules/.pnpm/next@14.2.21_react-dom@18.3.1_react@18.3.1__react@18.3.1/node_modules/next/dist/client/components/react-dev-overlay/app/ReactDevOverlay.js:87:9)
    at HotReload (webpack-internal:///(app-pages-browser)/./node_modules/.pnpm/next@14.2.21_react-dom@18.3.1_react@18.3.1__react@18.3.1/node_modules/next/dist/client/components/react-dev-overlay/app/hot-reloader-client.js:321:11)
    at Router (webpack-internal:///(app-pages-browser)/./node_modules/.pnpm/next@14.2.21_react-dom@18.3.1_react@18.3.1__react@18.3.1/node_modules/next/dist/client/components/app-router.js:207:11)
    at ErrorBoundaryHandler (webpack-internal:///(app-pages-browser)/./node_modules/.pnpm/next@14.2.21_react-dom@18.3.1_react@18.3.1__react@18.3.1/node_modules/next/dist/client/components/error-boundary.js:113:9)
    at ErrorBoundary (webpack-internal:///(app-pages-browser)/./node_modules/.pnpm/next@14.2.21_react-dom@18.3.1_react@18.3.1__react@18.3.1/node_modules/next/dist/client/components/error-boundary.js:160:11)
    at AppRouter (webpack-internal:///(app-pages-browser)/./node_modules/.pnpm/next@14.2.21_react-dom@18.3.1_react@18.3.1__react@18.3.1/node_modules/next/dist/client/components/app-router.js:585:13)
    at ServerRoot (webpack-internal:///(app-pages-browser)/./node_modules/.pnpm/next@14.2.21_react-dom@18.3.1_react@18.3.1__react@18.3.1/node_modules/next/dist/client/app-index.js:112:27)
    at Root (webpack-internal:///(app-pages-browser)/./node_modules/.pnpm/next@14.2.21_react-dom@18.3.1_react@18.3.1__react@18.3.1/node_modules/next/dist/client/app-index.js:117:11)

React will try to recreate this component tree from scratch using the error boundary you provided, ReactDevOverlay. @ webpack-internal:///(app-pages-browser)/./node_modules/.pnpm/next@14.2.21_react-dom@18.3.1_react@18.3.1__react@18.3.1/node_modules/next/dist/client/app-index.js:32
[  206884ms] [WARNING] [Fast Refresh] performing full reload because your application had an unrecoverable error @ webpack-internal:///(app-pages-browser)/./node_modules/.pnpm/next@14.2.21_react-dom@18.3.1_react@18.3.1__react@18.3.1/node_modules/next/dist/client/components/react-dev-overlay/app/hot-reloader-client.js:114
[  209160ms] [ERROR] Warning: Cannot update a component (`%s`) while rendering a different component (`%s`). To locate the bad setState() call inside `%s`, follow the stack trace as described in https://reactjs.org/link/setstate-in-render%s HotReload AnalyticsPage AnalyticsPage 
    at AnalyticsPage (webpack-internal:///(app-pages-browser)/./src/app/panel/inmobiliaria/analytics/page.tsx:420:88)
    at ClientPageRoot (webpack-internal:///(app-pages-browser)/./node_modules/.pnpm/next@14.2.21_react-dom@18.3.1_react@18.3.1__react@18.3.1/node_modules/next/dist/client/components/client-page.js:14:11)
    at InnerLayoutRouter (webpack-internal:///(app-pages-browser)/./node_modules/.pnpm/next@14.2.21_react-dom@18.3.1_react@18.3.1__react@18.3.1/node_modules/next/dist/client/components/layout-router.js:243:11)
    at RedirectErrorBoundary (webpack-internal:///(app-pages-browser)/./node_modules/.pnpm/next@14.2.21_react-dom@18.3.1_react@18.3.1__react@18.3.1/node_modules/next/dist/client/components/redirect-boundary.js:74:9)
    at RedirectBoundary (webpack-internal:///(app-pages-browser)/./node_modules/.pnpm/next@14.2.21_react-dom@18.3.1_react@18.3.1__react@18.3.1/node_modules/next/dist/client/components/redirect-boundary.js:82:11)
    at NotFoundBoundary (webpack-internal:///(app-pages-browser)/./node_modules/.pnpm/next@14.2.21_react-dom@18.3.1_react@18.3.1__react@18.3.1/node_modules/next/dist/client/components/not-found-boundary.js:84:11)
    at LoadingBoundary (webpack-internal:///(app-pages-browser)/./node_modules/.pnpm/next@14.2.21_react-dom@18.3.1_react@18.3.1__react@18.3.1/node_modules/next/dist/client/components/layout-router.js:349:11)
    at ErrorBoundary (webpack-internal:///(app-pages-browser)/./node_modules/.pnpm/next@14.2.21_react-dom@18.3.1_react@18.3.1__react@18.3.1/node_modules/next/dist/client/components/error-boundary.js:160:11)
    at InnerScrollAndFocusHandler (webpack-internal:///(app-pages-browser)/./node_modules/.pnpm/next@14.2.21_react-dom@18.3.1_react@18.3.1__react@18.3.1/node_modules/next/dist/client/components/layout-router.js:153:9)
    at ScrollAndFocusHandler (webpack-internal:///(app-pages-browser)/./node_modules/.pnpm/next@14.2.21_react-dom@18.3.1_react@18.3.1__react@18.3.1/node_modules/next/dist/client/components/layout-router.js:228:11)
    at RenderFromTemplateContext (webpack-internal:///(app-pages-browser)/./node_modules/.pnpm/next@14.2.21_react-dom@18.3.1_react@18.3.1__react@18.3.1/node_modules/next/dist/client/components/render-from-template-context.js:16:44)
    at OuterLayoutRouter (webpack-internal:///(app-pages-browser)/./node_modules/.pnpm/next@14.2.21_react-dom@18.3.1_react@18.3.1__react@18.3.1/node_modules/next/dist/client/components/layout-router.js:370:11)
    at InnerLayoutRouter (webpack-internal:///(app-pages-browser)/./node_modules/.pnpm/next@14.2.21_react-dom@18.3.1_react@18.3.1__react@18.3.1/node_modules/next/dist/client/components/layout-router.js:243:11)
    at RedirectErrorBoundary (webpack-internal:///(app-pages-browser)/./node_modules/.pnpm/next@14.2.21_react-dom@18.3.1_react@18.3.1__react@18.3.1/node_modules/next/dist/client/components/redirect-boundary.js:74:9)
    at RedirectBoundary (webpack-internal:///(app-pages-browser)/./node_modules/.pnpm/next@14.2.21_react-dom@18.3.1_react@18.3.1__react@18.3.1/node_modules/next/dist/client/components/redirect-boundary.js:82:11)
    at NotFoundBoundary (webpack-internal:///(app-pages-browser)/./node_modules/.pnpm/next@14.2.21_react-dom@18.3.1_react@18.3.1__react@18.3.1/node_modules/next/dist/client/components/not-found-boundary.js:84:11)
    at LoadingBoundary (webpack-internal:///(app-pages-browser)/./node_modules/.pnpm/next@14.2.21_react-dom@18.3.1_react@18.3.1__react@18.3.1/node_modules/next/dist/client/components/layout-router.js:349:11)
    at ErrorBoundary (webpack-internal:///(app-pages-browser)/./node_modules/.pnpm/next@14.2.21_react-dom@18.3.1_react@18.3.1__react@18.3.1/node_modules/next/dist/client/components/error-boundary.js:160:11)
    at InnerScrollAndFocusHandler (webpack-internal:///(app-pages-browser)/./node_modules/.pnpm/next@14.2.21_react-dom@18.3.1_react@18.3.1__react@18.3.1/node_modules/next/dist/client/components/layout-router.js:153:9)
    at ScrollAndFocusHandler (webpack-internal:///(app-pages-browser)/./node_modules/.pnpm/next@14.2.21_react-dom@18.3.1_react@18.3.1__react@18.3.1/node_modules/next/dist/client/components/layout-router.js:228:11)
    at RenderFromTemplateContext (webpack-internal:///(app-pages-browser)/./node_modules/.pnpm/next@14.2.21_react-dom@18.3.1_react@18.3.1__react@18.3.1/node_modules/next/dist/client/components/render-from-template-context.js:16:44)
    at OuterLayoutRouter (webpack-internal:///(app-pages-browser)/./node_modules/.pnpm/next@14.2.21_react-dom@18.3.1_react@18.3.1__react@18.3.1/node_modules/next/dist/client/components/layout-router.js:370:11)
    at main
    at div
    at div
    at InmobiliariaLayoutInner (webpack-internal:///(app-pages-browser)/./src/app/panel/inmobiliaria/layout.tsx:111:11)
    at SidebarProvider (webpack-internal:///(app-pages-browser)/./src/lib/context/SidebarContext.tsx:14:11)
    at I18nProvider (webpack-internal:///(app-pages-browser)/./src/lib/i18n/i18n-context.tsx:48:11)
    at ProtectedRoute (webpack-internal:///(app-pages-browser)/./src/components/auth/ProtectedRoute.tsx:29:11)
    at InmobiliariaLayout (webpack-internal:///(app-pages-browser)/./src/app/panel/inmobiliaria/layout.tsx:184:11)
    at InnerLayoutRouter (webpack-internal:///(app-pages-browser)/./node_modules/.pnpm/next@14.2.21_react-dom@18.3.1_react@18.3.1__react@18.3.1/node_modules/next/dist/client/components/layout-router.js:243:11)
    at RedirectErrorBoundary (webpack-internal:///(app-pages-browser)/./node_modules/.pnpm/next@14.2.21_react-dom@18.3.1_react@18.3.1__react@18.3.1/node_modules/next/dist/client/components/redirect-boundary.js:74:9)
    at RedirectBoundary (webpack-internal:///(app-pages-browser)/./node_modules/.pnpm/next@14.2.21_react-dom@18.3.1_react@18.3.1__react@18.3.1/node_modules/next/dist/client/components/redirect-boundary.js:82:11)
    at NotFoundBoundary (webpack-internal:///(app-pages-browser)/./node_modules/.pnpm/next@14.2.21_react-dom@18.3.1_react@18.3.1__react@18.3.1/node_modules/next/dist/client/components/not-found-boundary.js:84:11)
    at LoadingBoundary (webpack-internal:///(app-pages-browser)/./node_modules/.pnpm/next@14.2.21_react-dom@18.3.1_react@18.3.1__react@18.3.1/node_modules/next/dist/client/components/layout-router.js:349:11)
    at ErrorBoundary (webpack-internal:///(app-pages-browser)/./node_modules/.pnpm/next@14.2.21_react-dom@18.3.1_react@18.3.1__react@18.3.1/node_modules/next/dist/client/components/error-boundary.js:160:11)
    at InnerScrollAndFocusHandler (webpack-internal:///(app-pages-browser)/./node_modules/.pnpm/next@14.2.21_react-dom@18.3.1_react@18.3.1__react@18.3.1/node_modules/next/dist/client/components/layout-router.js:153:9)
    at ScrollAndFocusHandler (webpack-internal:///(app-pages-browser)/./node_modules/.pnpm/next@14.2.21_react-dom@18.3.1_react@18.3.1__react@18.3.1/node_modules/next/dist/client/components/layout-router.js:228:11)
    at RenderFromTemplateContext (webpack-internal:///(app-pages-browser)/./node_modules/.pnpm/next@14.2.21_react-dom@18.3.1_react@18.3.1__react@18.3.1/node_modules/next/dist/client/components/render-from-template-context.js:16:44)
    at OuterLayoutRouter (webpack-internal:///(app-pages-browser)/./node_modules/.pnpm/next@14.2.21_react-dom@18.3.1_react@18.3.1__react@18.3.1/node_modules/next/dist/client/components/layout-router.js:370:11)
    at InnerLayoutRouter (webpack-internal:///(app-pages-browser)/./node_modules/.pnpm/next@14.2.21_react-dom@18.3.1_react@18.3.1__react@18.3.1/node_modules/next/dist/client/components/layout-router.js:243:11)
    at RedirectErrorBoundary (webpack-internal:///(app-pages-browser)/./node_modules/.pnpm/next@14.2.21_react-dom@18.3.1_react@18.3.1__react@18.3.1/node_modules/next/dist/client/components/redirect-boundary.js:74:9)
    at RedirectBoundary (webpack-internal:///(app-pages-browser)/./node_modules/.pnpm/next@14.2.21_react-dom@18.3.1_react@18.3.1__react@18.3.1/node_modules/next/dist/client/components/redirect-boundary.js:82:11)
    at NotFoundErrorBoundary (webpack-internal:///(app-pages-browser)/./node_modules/.pnpm/next@14.2.21_react-dom@18.3.1_react@18.3.1__react@18.3.1/node_modules/next/dist/client/components/not-found-boundary.js:76:9)
    at NotFoundBoundary (webpack-internal:///(app-pages-browser)/./node_modules/.pnpm/next@14.2.21_react-dom@18.3.1_react@18.3.1__react@18.3.1/node_modules/next/dist/client/components/not-found-boundary.js:84:11)
    at LoadingBoundary (webpack-internal:///(app-pages-browser)/./node_modules/.pnpm/next@14.2.21_react-dom@18.3.1_react@18.3.1__react@18.3.1/node_modules/next/dist/client/components/layout-router.js:349:11)
    at ErrorBoundary (webpack-internal:///(app-pages-browser)/./node_modules/.pnpm/next@14.2.21_react-dom@18.3.1_react@18.3.1__react@18.3.1/node_modules/next/dist/client/components/error-boundary.js:160:11)
    at InnerScrollAndFocusHandler (webpack-internal:///(app-pages-browser)/./node_modules/.pnpm/next@14.2.21_react-dom@18.3.1_react@18.3.1__react@18.3.1/node_modules/next/dist/client/components/layout-router.js:153:9)
    at ScrollAndFocusHandler (webpack-internal:///(app-pages-browser)/./node_modules/.pnpm/next@14.2.21_react-dom@18.3.1_react@18.3.1__react@18.3.1/node_modules/next/dist/client/components/layout-router.js:228:11)
    at RenderFromTemplateContext (webpack-internal:///(app-pages-browser)/./node_modules/.pnpm/next@14.2.21_react-dom@18.3.1_react@18.3.1__react@18.3.1/node_modules/next/dist/client/components/render-from-template-context.js:16:44)
    at div
    at MotionDOMComponent (webpack-internal:///(app-pages-browser)/./node_modules/.pnpm/framer-motion@12.27.1_react-dom@18.3.1_react@18.3.1__react@18.3.1/node_modules/framer-motion/dist/es/motion/index.mjs:67:65)
    at PageTransition (webpack-internal:///(app-pages-browser)/./src/components/providers/PageTransition.tsx:13:11)
    at Template (webpack-internal:///(app-pages-browser)/./src/app/template.tsx:13:11)
    at OuterLayoutRouter (webpack-internal:///(app-pages-browser)/./node_modules/.pnpm/next@14.2.21_react-dom@18.3.1_react@18.3.1__react@18.3.1/node_modules/next/dist/client/components/layout-router.js:370:11)
    at SmoothScroll (webpack-internal:///(app-pages-browser)/./src/components/providers/SmoothScroll.tsx:36:11)
    at WishlistProvider (webpack-internal:///(app-pages-browser)/./src/lib/stores/wishlist.tsx:17:11)
    at AuthProvider (webpack-internal:///(app-pages-browser)/./src/lib/auth/auth-context.tsx:28:11)
    at V (webpack-internal:///(app-pages-browser)/./node_modules/.pnpm/next-themes@0.4.6_react-dom@18.3.1_react@18.3.1__react@18.3.1/node_modules/next-themes/dist/index.mjs:54:24)
    at J (webpack-internal:///(app-pages-browser)/./node_modules/.pnpm/next-themes@0.4.6_react-dom@18.3.1_react@18.3.1__react@18.3.1/node_modules/next-themes/dist/index.mjs:47:47)
    at ThemeProvider (webpack-internal:///(app-pages-browser)/./src/components/providers/ThemeProvider.tsx:10:11)
    at body
    at html
    at RootLayout (Server)
    at RedirectErrorBoundary (webpack-internal:///(app-pages-browser)/./node_modules/.pnpm/next@14.2.21_react-dom@18.3.1_react@18.3.1__react@18.3.1/node_modules/next/dist/client/components/redirect-boundary.js:74:9)
    at RedirectBoundary (webpack-internal:///(app-pages-browser)/./node_modules/.pnpm/next@14.2.21_react-dom@18.3.1_react@18.3.1__react@18.3.1/node_modules/next/dist/client/components/redirect-boundary.js:82:11)
    at NotFoundErrorBoundary (webpack-internal:///(app-pages-browser)/./node_modules/.pnpm/next@14.2.21_react-dom@18.3.1_react@18.3.1__react@18.3.1/node_modules/next/dist/client/components/not-found-boundary.js:76:9)
    at NotFoundBoundary (webpack-internal:///(app-pages-browser)/./node_modules/.pnpm/next@14.2.21_react-dom@18.3.1_react@18.3.1__react@18.3.1/node_modules/next/dist/client/components/not-found-boundary.js:84:11)
    at DevRootNotFoundBoundary (webpack-internal:///(app-pages-browser)/./node_modules/.pnpm/next@14.2.21_react-dom@18.3.1_react@18.3.1__react@18.3.1/node_modules/next/dist/client/components/dev-root-not-found-boundary.js:33:11)
    at ReactDevOverlay (webpack-internal:///(app-pages-browser)/./node_modules/.pnpm/next@14.2.21_react-dom@18.3.1_react@18.3.1__react@18.3.1/node_modules/next/dist/client/components/react-dev-overlay/app/ReactDevOverlay.js:87:9)
    at HotReload (webpack-internal:///(app-pages-browser)/./node_modules/.pnpm/next@14.2.21_react-dom@18.3.1_react@18.3.1__react@18.3.1/node_modules/next/dist/client/components/react-dev-overlay/app/hot-reloader-client.js:321:11)
    at Router (webpack-internal:///(app-pages-browser)/./node_modules/.pnpm/next@14.2.21_react-dom@18.3.1_react@18.3.1__react@18.3.1/node_modules/next/dist/client/components/app-router.js:207:11)
    at ErrorBoundaryHandler (webpack-internal:///(app-pages-browser)/./node_modules/.pnpm/next@14.2.21_react-dom@18.3.1_react@18.3.1__react@18.3.1/node_modules/next/dist/client/components/error-boundary.js:113:9)
    at ErrorBoundary (webpack-internal:///(app-pages-browser)/./node_modules/.pnpm/next@14.2.21_react-dom@18.3.1_react@18.3.1__react@18.3.1/node_modules/next/dist/client/components/error-boundary.js:160:11)
    at AppRouter (webpack-internal:///(app-pages-browser)/./node_modules/.pnpm/next@14.2.21_react-dom@18.3.1_react@18.3.1__react@18.3.1/node_modules/next/dist/client/components/app-router.js:585:13)
    at ServerRoot (webpack-internal:///(app-pages-browser)/./node_modules/.pnpm/next@14.2.21_react-dom@18.3.1_react@18.3.1__react@18.3.1/node_modules/next/dist/client/app-index.js:112:27)
    at Root (webpack-internal:///(app-pages-browser)/./node_modules/.pnpm/next@14.2.21_react-dom@18.3.1_react@18.3.1__react@18.3.1/node_modules/next/dist/client/app-index.js:117:11) @ webpack-internal:///(app-pages-browser)/./node_modules/.pnpm/next@14.2.21_react-dom@18.3.1_react@18.3.1__react@18.3.1/node_modules/next/dist/client/app-index.js:32
[  209162ms] ReferenceError: ArrowsClockwise is not defined
    at AnalyticsPage (webpack-internal:///(app-pages-browser)/./src/app/panel/inmobiliaria/analytics/page.tsx:618:119)
    at renderWithHooks (webpack-internal:///(app-pages-browser)/./node_modules/.pnpm/next@14.2.21_react-dom@18.3.1_react@18.3.1__react@18.3.1/node_modules/next/dist/compiled/react-dom/cjs/react-dom.development.js:11121:18)
    at mountIndeterminateComponent (webpack-internal:///(app-pages-browser)/./node_modules/.pnpm/next@14.2.21_react-dom@18.3.1_react@18.3.1__react@18.3.1/node_modules/next/dist/compiled/react-dom/cjs/react-dom.development.js:16869:13)
    at beginWork$1 (webpack-internal:///(app-pages-browser)/./node_modules/.pnpm/next@14.2.21_react-dom@18.3.1_react@18.3.1__react@18.3.1/node_modules/next/dist/compiled/react-dom/cjs/react-dom.development.js:18458:16)
    at HTMLUnknownElement.callCallback (webpack-internal:///(app-pages-browser)/./node_modules/.pnpm/next@14.2.21_react-dom@18.3.1_react@18.3.1__react@18.3.1/node_modules/next/dist/compiled/react-dom/cjs/react-dom.development.js:20565:14)
    at Object.invokeGuardedCallbackImpl (webpack-internal:///(app-pages-browser)/./node_modules/.pnpm/next@14.2.21_react-dom@18.3.1_react@18.3.1__react@18.3.1/node_modules/next/dist/compiled/react-dom/cjs/react-dom.development.js:20614:16)
    at invokeGuardedCallback (webpack-internal:///(app-pages-browser)/./node_modules/.pnpm/next@14.2.21_react-dom@18.3.1_react@18.3.1__react@18.3.1/node_modules/next/dist/compiled/react-dom/cjs/react-dom.development.js:20689:29)
    at beginWork (webpack-internal:///(app-pages-browser)/./node_modules/.pnpm/next@14.2.21_react-dom@18.3.1_react@18.3.1__react@18.3.1/node_modules/next/dist/compiled/react-dom/cjs/react-dom.development.js:26949:7)
    at performUnitOfWork (webpack-internal:///(app-pages-browser)/./node_modules/.pnpm/next@14.2.21_react-dom@18.3.1_react@18.3.1__react@18.3.1/node_modules/next/dist/compiled/react-dom/cjs/react-dom.development.js:25748:12)
    at workLoopSync (webpack-internal:///(app-pages-browser)/./node_modules/.pnpm/next@14.2.21_react-dom@18.3.1_react@18.3.1__react@18.3.1/node_modules/next/dist/compiled/react-dom/cjs/react-dom.development.js:25464:5)
    at renderRootSync (webpack-internal:///(app-pages-browser)/./node_modules/.pnpm/next@14.2.21_react-dom@18.3.1_react@18.3.1__react@18.3.1/node_modules/next/dist/compiled/react-dom/cjs/react-dom.development.js:25419:7)
    at performConcurrentWorkOnRoot (webpack-internal:///(app-pages-browser)/./node_modules/.pnpm/next@14.2.21_react-dom@18.3.1_react@18.3.1__react@18.3.1/node_modules/next/dist/compiled/react-dom/cjs/react-dom.development.js:24504:74)
    at workLoop (webpack-internal:///(app-pages-browser)/./node_modules/.pnpm/next@14.2.21_react-dom@18.3.1_react@18.3.1__react@18.3.1/node_modules/next/dist/compiled/scheduler/cjs/scheduler.development.js:256:34)
    at flushWork (webpack-internal:///(app-pages-browser)/./node_modules/.pnpm/next@14.2.21_react-dom@18.3.1_react@18.3.1__react@18.3.1/node_modules/next/dist/compiled/scheduler/cjs/scheduler.development.js:225:14)
    at MessagePort.performWorkUntilDeadline (webpack-internal:///(app-pages-browser)/./node_modules/.pnpm/next@14.2.21_react-dom@18.3.1_react@18.3.1__react@18.3.1/node_modules/next/dist/compiled/scheduler/cjs/scheduler.development.js:534:21)
[  209162ms] ReferenceError: ArrowsClockwise is not defined
    at AnalyticsPage (webpack-internal:///(app-pages-browser)/./src/app/panel/inmobiliaria/analytics/page.tsx:618:119)
    at renderWithHooks (webpack-internal:///(app-pages-browser)/./node_modules/.pnpm/next@14.2.21_react-dom@18.3.1_react@18.3.1__react@18.3.1/node_modules/next/dist/compiled/react-dom/cjs/react-dom.development.js:11121:18)
    at mountIndeterminateComponent (webpack-internal:///(app-pages-browser)/./node_modules/.pnpm/next@14.2.21_react-dom@18.3.1_react@18.3.1__react@18.3.1/node_modules/next/dist/compiled/react-dom/cjs/react-dom.development.js:16869:13)
    at beginWork$1 (webpack-internal:///(app-pages-browser)/./node_modules/.pnpm/next@14.2.21_react-dom@18.3.1_react@18.3.1__react@18.3.1/node_modules/next/dist/compiled/react-dom/cjs/react-dom.development.js:18458:16)
    at beginWork (webpack-internal:///(app-pages-browser)/./node_modules/.pnpm/next@14.2.21_react-dom@18.3.1_react@18.3.1__react@18.3.1/node_modules/next/dist/compiled/react-dom/cjs/react-dom.development.js:26927:14)
    at performUnitOfWork (webpack-internal:///(app-pages-browser)/./node_modules/.pnpm/next@14.2.21_react-dom@18.3.1_react@18.3.1__react@18.3.1/node_modules/next/dist/compiled/react-dom/cjs/react-dom.development.js:25748:12)
    at workLoopSync (webpack-internal:///(app-pages-browser)/./node_modules/.pnpm/next@14.2.21_react-dom@18.3.1_react@18.3.1__react@18.3.1/node_modules/next/dist/compiled/react-dom/cjs/react-dom.development.js:25464:5)
    at renderRootSync (webpack-internal:///(app-pages-browser)/./node_modules/.pnpm/next@14.2.21_react-dom@18.3.1_react@18.3.1__react@18.3.1/node_modules/next/dist/compiled/react-dom/cjs/react-dom.development.js:25419:7)
    at performConcurrentWorkOnRoot (webpack-internal:///(app-pages-browser)/./node_modules/.pnpm/next@14.2.21_react-dom@18.3.1_react@18.3.1__react@18.3.1/node_modules/next/dist/compiled/react-dom/cjs/react-dom.development.js:24504:74)
    at workLoop (webpack-internal:///(app-pages-browser)/./node_modules/.pnpm/next@14.2.21_react-dom@18.3.1_react@18.3.1__react@18.3.1/node_modules/next/dist/compiled/scheduler/cjs/scheduler.development.js:256:34)
    at flushWork (webpack-internal:///(app-pages-browser)/./node_modules/.pnpm/next@14.2.21_react-dom@18.3.1_react@18.3.1__react@18.3.1/node_modules/next/dist/compiled/scheduler/cjs/scheduler.development.js:225:14)
    at MessagePort.performWorkUntilDeadline (webpack-internal:///(app-pages-browser)/./node_modules/.pnpm/next@14.2.21_react-dom@18.3.1_react@18.3.1__react@18.3.1/node_modules/next/dist/compiled/scheduler/cjs/scheduler.development.js:534:21)
[  209163ms] ReferenceError: ArrowsClockwise is not defined
    at AnalyticsPage (webpack-internal:///(app-pages-browser)/./src/app/panel/inmobiliaria/analytics/page.tsx:618:119)
    at renderWithHooks (webpack-internal:///(app-pages-browser)/./node_modules/.pnpm/next@14.2.21_react-dom@18.3.1_react@18.3.1__react@18.3.1/node_modules/next/dist/compiled/react-dom/cjs/react-dom.development.js:11121:18)
    at mountIndeterminateComponent (webpack-internal:///(app-pages-browser)/./node_modules/.pnpm/next@14.2.21_react-dom@18.3.1_react@18.3.1__react@18.3.1/node_modules/next/dist/compiled/react-dom/cjs/react-dom.development.js:16869:13)
    at beginWork$1 (webpack-internal:///(app-pages-browser)/./node_modules/.pnpm/next@14.2.21_react-dom@18.3.1_react@18.3.1__react@18.3.1/node_modules/next/dist/compiled/react-dom/cjs/react-dom.development.js:18458:16)
    at beginWork (webpack-internal:///(app-pages-browser)/./node_modules/.pnpm/next@14.2.21_react-dom@18.3.1_react@18.3.1__react@18.3.1/node_modules/next/dist/compiled/react-dom/cjs/react-dom.development.js:26927:14)
    at performUnitOfWork (webpack-internal:///(app-pages-browser)/./node_modules/.pnpm/next@14.2.21_react-dom@18.3.1_react@18.3.1__react@18.3.1/node_modules/next/dist/compiled/react-dom/cjs/react-dom.development.js:25748:12)
    at workLoopSync (webpack-internal:///(app-pages-browser)/./node_modules/.pnpm/next@14.2.21_react-dom@18.3.1_react@18.3.1__react@18.3.1/node_modules/next/dist/compiled/react-dom/cjs/react-dom.development.js:25464:5)
    at renderRootSync (webpack-internal:///(app-pages-browser)/./node_modules/.pnpm/next@14.2.21_react-dom@18.3.1_react@18.3.1__react@18.3.1/node_modules/next/dist/compiled/react-dom/cjs/react-dom.development.js:25419:7)
    at performConcurrentWorkOnRoot (webpack-internal:///(app-pages-browser)/./node_modules/.pnpm/next@14.2.21_react-dom@18.3.1_react@18.3.1__react@18.3.1/node_modules/next/dist/compiled/react-dom/cjs/react-dom.development.js:24504:74)
    at workLoop (webpack-internal:///(app-pages-browser)/./node_modules/.pnpm/next@14.2.21_react-dom@18.3.1_react@18.3.1__react@18.3.1/node_modules/next/dist/compiled/scheduler/cjs/scheduler.development.js:256:34)
    at flushWork (webpack-internal:///(app-pages-browser)/./node_modules/.pnpm/next@14.2.21_react-dom@18.3.1_react@18.3.1__react@18.3.1/node_modules/next/dist/compiled/scheduler/cjs/scheduler.development.js:225:14)
    at MessagePort.performWorkUntilDeadline (webpack-internal:///(app-pages-browser)/./node_modules/.pnpm/next@14.2.21_react-dom@18.3.1_react@18.3.1__react@18.3.1/node_modules/next/dist/compiled/scheduler/cjs/scheduler.development.js:534:21)
[  209163ms] ReferenceError: ArrowsClockwise is not defined
    at AnalyticsPage (webpack-internal:///(app-pages-browser)/./src/app/panel/inmobiliaria/analytics/page.tsx:618:119)
    at renderWithHooks (webpack-internal:///(app-pages-browser)/./node_modules/.pnpm/next@14.2.21_react-dom@18.3.1_react@18.3.1__react@18.3.1/node_modules/next/dist/compiled/react-dom/cjs/react-dom.development.js:11121:18)
    at mountIndeterminateComponent (webpack-internal:///(app-pages-browser)/./node_modules/.pnpm/next@14.2.21_react-dom@18.3.1_react@18.3.1__react@18.3.1/node_modules/next/dist/compiled/react-dom/cjs/react-dom.development.js:16869:13)
    at beginWork$1 (webpack-internal:///(app-pages-browser)/./node_modules/.pnpm/next@14.2.21_react-dom@18.3.1_react@18.3.1__react@18.3.1/node_modules/next/dist/compiled/react-dom/cjs/react-dom.development.js:18458:16)
    at beginWork (webpack-internal:///(app-pages-browser)/./node_modules/.pnpm/next@14.2.21_react-dom@18.3.1_react@18.3.1__react@18.3.1/node_modules/next/dist/compiled/react-dom/cjs/react-dom.development.js:26927:14)
    at performUnitOfWork (webpack-internal:///(app-pages-browser)/./node_modules/.pnpm/next@14.2.21_react-dom@18.3.1_react@18.3.1__react@18.3.1/node_modules/next/dist/compiled/react-dom/cjs/react-dom.development.js:25748:12)
    at workLoopSync (webpack-internal:///(app-pages-browser)/./node_modules/.pnpm/next@14.2.21_react-dom@18.3.1_react@18.3.1__react@18.3.1/node_modules/next/dist/compiled/react-dom/cjs/react-dom.development.js:25464:5)
    at renderRootSync (webpack-internal:///(app-pages-browser)/./node_modules/.pnpm/next@14.2.21_react-dom@18.3.1_react@18.3.1__react@18.3.1/node_modules/next/dist/compiled/react-dom/cjs/react-dom.development.js:25419:7)
    at performConcurrentWorkOnRoot (webpack-internal:///(app-pages-browser)/./node_modules/.pnpm/next@14.2.21_react-dom@18.3.1_react@18.3.1__react@18.3.1/node_modules/next/dist/compiled/react-dom/cjs/react-dom.development.js:24504:74)
    at workLoop (webpack-internal:///(app-pages-browser)/./node_modules/.pnpm/next@14.2.21_react-dom@18.3.1_react@18.3.1__react@18.3.1/node_modules/next/dist/compiled/scheduler/cjs/scheduler.development.js:256:34)
    at flushWork (webpack-internal:///(app-pages-browser)/./node_modules/.pnpm/next@14.2.21_react-dom@18.3.1_react@18.3.1__react@18.3.1/node_modules/next/dist/compiled/scheduler/cjs/scheduler.development.js:225:14)
    at MessagePort.performWorkUntilDeadline (webpack-internal:///(app-pages-browser)/./node_modules/.pnpm/next@14.2.21_react-dom@18.3.1_react@18.3.1__react@18.3.1/node_modules/next/dist/compiled/scheduler/cjs/scheduler.development.js:534:21)
[  209163ms] ReferenceError: ArrowsClockwise is not defined
    at AnalyticsPage (webpack-internal:///(app-pages-browser)/./src/app/panel/inmobiliaria/analytics/page.tsx:618:119)
    at renderWithHooks (webpack-internal:///(app-pages-browser)/./node_modules/.pnpm/next@14.2.21_react-dom@18.3.1_react@18.3.1__react@18.3.1/node_modules/next/dist/compiled/react-dom/cjs/react-dom.development.js:11121:18)
    at mountIndeterminateComponent (webpack-internal:///(app-pages-browser)/./node_modules/.pnpm/next@14.2.21_react-dom@18.3.1_react@18.3.1__react@18.3.1/node_modules/next/dist/compiled/react-dom/cjs/react-dom.development.js:16869:13)
    at beginWork$1 (webpack-internal:///(app-pages-browser)/./node_modules/.pnpm/next@14.2.21_react-dom@18.3.1_react@18.3.1__react@18.3.1/node_modules/next/dist/compiled/react-dom/cjs/react-dom.development.js:18458:16)
    at beginWork (webpack-internal:///(app-pages-browser)/./node_modules/.pnpm/next@14.2.21_react-dom@18.3.1_react@18.3.1__react@18.3.1/node_modules/next/dist/compiled/react-dom/cjs/react-dom.development.js:26927:14)
    at performUnitOfWork (webpack-internal:///(app-pages-browser)/./node_modules/.pnpm/next@14.2.21_react-dom@18.3.1_react@18.3.1__react@18.3.1/node_modules/next/dist/compiled/react-dom/cjs/react-dom.development.js:25748:12)
    at workLoopSync (webpack-internal:///(app-pages-browser)/./node_modules/.pnpm/next@14.2.21_react-dom@18.3.1_react@18.3.1__react@18.3.1/node_modules/next/dist/compiled/react-dom/cjs/react-dom.development.js:25464:5)
    at renderRootSync (webpack-internal:///(app-pages-browser)/./node_modules/.pnpm/next@14.2.21_react-dom@18.3.1_react@18.3.1__react@18.3.1/node_modules/next/dist/compiled/react-dom/cjs/react-dom.development.js:25419:7)
    at performConcurrentWorkOnRoot (webpack-internal:///(app-pages-browser)/./node_modules/.pnpm/next@14.2.21_react-dom@18.3.1_react@18.3.1__react@18.3.1/node_modules/next/dist/compiled/react-dom/cjs/react-dom.development.js:24504:74)
    at workLoop (webpack-internal:///(app-pages-browser)/./node_modules/.pnpm/next@14.2.21_react-dom@18.3.1_react@18.3.1__react@18.3.1/node_modules/next/dist/compiled/scheduler/cjs/scheduler.development.js:256:34)
    at flushWork (webpack-internal:///(app-pages-browser)/./node_modules/.pnpm/next@14.2.21_react-dom@18.3.1_react@18.3.1__react@18.3.1/node_modules/next/dist/compiled/scheduler/cjs/scheduler.development.js:225:14)
    at MessagePort.performWorkUntilDeadline (webpack-internal:///(app-pages-browser)/./node_modules/.pnpm/next@14.2.21_react-dom@18.3.1_react@18.3.1__react@18.3.1/node_modules/next/dist/compiled/scheduler/cjs/scheduler.development.js:534:21)
[  209163ms] ReferenceError: ArrowsClockwise is not defined
    at AnalyticsPage (webpack-internal:///(app-pages-browser)/./src/app/panel/inmobiliaria/analytics/page.tsx:618:119)
    at renderWithHooks (webpack-internal:///(app-pages-browser)/./node_modules/.pnpm/next@14.2.21_react-dom@18.3.1_react@18.3.1__react@18.3.1/node_modules/next/dist/compiled/react-dom/cjs/react-dom.development.js:11121:18)
    at mountIndeterminateComponent (webpack-internal:///(app-pages-browser)/./node_modules/.pnpm/next@14.2.21_react-dom@18.3.1_react@18.3.1__react@18.3.1/node_modules/next/dist/compiled/react-dom/cjs/react-dom.development.js:16869:13)
    at beginWork$1 (webpack-internal:///(app-pages-browser)/./node_modules/.pnpm/next@14.2.21_react-dom@18.3.1_react@18.3.1__react@18.3.1/node_modules/next/dist/compiled/react-dom/cjs/react-dom.development.js:18458:16)
    at beginWork (webpack-internal:///(app-pages-browser)/./node_modules/.pnpm/next@14.2.21_react-dom@18.3.1_react@18.3.1__react@18.3.1/node_modules/next/dist/compiled/react-dom/cjs/react-dom.development.js:26927:14)
    at performUnitOfWork (webpack-internal:///(app-pages-browser)/./node_modules/.pnpm/next@14.2.21_react-dom@18.3.1_react@18.3.1__react@18.3.1/node_modules/next/dist/compiled/react-dom/cjs/react-dom.development.js:25748:12)
    at workLoopSync (webpack-internal:///(app-pages-browser)/./node_modules/.pnpm/next@14.2.21_react-dom@18.3.1_react@18.3.1__react@18.3.1/node_modules/next/dist/compiled/react-dom/cjs/react-dom.development.js:25464:5)
    at renderRootSync (webpack-internal:///(app-pages-browser)/./node_modules/.pnpm/next@14.2.21_react-dom@18.3.1_react@18.3.1__react@18.3.1/node_modules/next/dist/compiled/react-dom/cjs/react-dom.development.js:25419:7)
    at performConcurrentWorkOnRoot (webpack-internal:///(app-pages-browser)/./node_modules/.pnpm/next@14.2.21_react-dom@18.3.1_react@18.3.1__react@18.3.1/node_modules/next/dist/compiled/react-dom/cjs/react-dom.development.js:24504:74)
    at workLoop (webpack-internal:///(app-pages-browser)/./node_modules/.pnpm/next@14.2.21_react-dom@18.3.1_react@18.3.1__react@18.3.1/node_modules/next/dist/compiled/scheduler/cjs/scheduler.development.js:256:34)
    at flushWork (webpack-internal:///(app-pages-browser)/./node_modules/.pnpm/next@14.2.21_react-dom@18.3.1_react@18.3.1__react@18.3.1/node_modules/next/dist/compiled/scheduler/cjs/scheduler.development.js:225:14)
    at MessagePort.performWorkUntilDeadline (webpack-internal:///(app-pages-browser)/./node_modules/.pnpm/next@14.2.21_react-dom@18.3.1_react@18.3.1__react@18.3.1/node_modules/next/dist/compiled/scheduler/cjs/scheduler.development.js:534:21)
[  209163ms] ReferenceError: ArrowsClockwise is not defined
    at AnalyticsPage (webpack-internal:///(app-pages-browser)/./src/app/panel/inmobiliaria/analytics/page.tsx:618:119)
    at renderWithHooks (webpack-internal:///(app-pages-browser)/./node_modules/.pnpm/next@14.2.21_react-dom@18.3.1_react@18.3.1__react@18.3.1/node_modules/next/dist/compiled/react-dom/cjs/react-dom.development.js:11121:18)
    at mountIndeterminateComponent (webpack-internal:///(app-pages-browser)/./node_modules/.pnpm/next@14.2.21_react-dom@18.3.1_react@18.3.1__react@18.3.1/node_modules/next/dist/compiled/react-dom/cjs/react-dom.development.js:16869:13)
    at beginWork$1 (webpack-internal:///(app-pages-browser)/./node_modules/.pnpm/next@14.2.21_react-dom@18.3.1_react@18.3.1__react@18.3.1/node_modules/next/dist/compiled/react-dom/cjs/react-dom.development.js:18458:16)
    at beginWork (webpack-internal:///(app-pages-browser)/./node_modules/.pnpm/next@14.2.21_react-dom@18.3.1_react@18.3.1__react@18.3.1/node_modules/next/dist/compiled/react-dom/cjs/react-dom.development.js:26927:14)
    at performUnitOfWork (webpack-internal:///(app-pages-browser)/./node_modules/.pnpm/next@14.2.21_react-dom@18.3.1_react@18.3.1__react@18.3.1/node_modules/next/dist/compiled/react-dom/cjs/react-dom.development.js:25748:12)
    at workLoopSync (webpack-internal:///(app-pages-browser)/./node_modules/.pnpm/next@14.2.21_react-dom@18.3.1_react@18.3.1__react@18.3.1/node_modules/next/dist/compiled/react-dom/cjs/react-dom.development.js:25464:5)
    at renderRootSync (webpack-internal:///(app-pages-browser)/./node_modules/.pnpm/next@14.2.21_react-dom@18.3.1_react@18.3.1__react@18.3.1/node_modules/next/dist/compiled/react-dom/cjs/react-dom.development.js:25419:7)
    at performConcurrentWorkOnRoot (webpack-internal:///(app-pages-browser)/./node_modules/.pnpm/next@14.2.21_react-dom@18.3.1_react@18.3.1__react@18.3.1/node_modules/next/dist/compiled/react-dom/cjs/react-dom.development.js:24504:74)
    at workLoop (webpack-internal:///(app-pages-browser)/./node_modules/.pnpm/next@14.2.21_react-dom@18.3.1_react@18.3.1__react@18.3.1/node_modules/next/dist/compiled/scheduler/cjs/scheduler.development.js:256:34)
    at flushWork (webpack-internal:///(app-pages-browser)/./node_modules/.pnpm/next@14.2.21_react-dom@18.3.1_react@18.3.1__react@18.3.1/node_modules/next/dist/compiled/scheduler/cjs/scheduler.development.js:225:14)
    at MessagePort.performWorkUntilDeadline (webpack-internal:///(app-pages-browser)/./node_modules/.pnpm/next@14.2.21_react-dom@18.3.1_react@18.3.1__react@18.3.1/node_modules/next/dist/compiled/scheduler/cjs/scheduler.development.js:534:21)
[  209164ms] ReferenceError: ArrowsClockwise is not defined
    at AnalyticsPage (webpack-internal:///(app-pages-browser)/./src/app/panel/inmobiliaria/analytics/page.tsx:618:119)
    at renderWithHooks (webpack-internal:///(app-pages-browser)/./node_modules/.pnpm/next@14.2.21_react-dom@18.3.1_react@18.3.1__react@18.3.1/node_modules/next/dist/compiled/react-dom/cjs/react-dom.development.js:11121:18)
    at mountIndeterminateComponent (webpack-internal:///(app-pages-browser)/./node_modules/.pnpm/next@14.2.21_react-dom@18.3.1_react@18.3.1__react@18.3.1/node_modules/next/dist/compiled/react-dom/cjs/react-dom.development.js:16869:13)
    at beginWork$1 (webpack-internal:///(app-pages-browser)/./node_modules/.pnpm/next@14.2.21_react-dom@18.3.1_react@18.3.1__react@18.3.1/node_modules/next/dist/compiled/react-dom/cjs/react-dom.development.js:18458:16)
    at beginWork (webpack-internal:///(app-pages-browser)/./node_modules/.pnpm/next@14.2.21_react-dom@18.3.1_react@18.3.1__react@18.3.1/node_modules/next/dist/compiled/react-dom/cjs/react-dom.development.js:26927:14)
    at performUnitOfWork (webpack-internal:///(app-pages-browser)/./node_modules/.pnpm/next@14.2.21_react-dom@18.3.1_react@18.3.1__react@18.3.1/node_modules/next/dist/compiled/react-dom/cjs/react-dom.development.js:25748:12)
    at workLoopSync (webpack-internal:///(app-pages-browser)/./node_modules/.pnpm/next@14.2.21_react-dom@18.3.1_react@18.3.1__react@18.3.1/node_modules/next/dist/compiled/react-dom/cjs/react-dom.development.js:25464:5)
    at renderRootSync (webpack-internal:///(app-pages-browser)/./node_modules/.pnpm/next@14.2.21_react-dom@18.3.1_react@18.3.1__react@18.3.1/node_modules/next/dist/compiled/react-dom/cjs/react-dom.development.js:25419:7)
    at performConcurrentWorkOnRoot (webpack-internal:///(app-pages-browser)/./node_modules/.pnpm/next@14.2.21_react-dom@18.3.1_react@18.3.1__react@18.3.1/node_modules/next/dist/compiled/react-dom/cjs/react-dom.development.js:24504:74)
    at workLoop (webpack-internal:///(app-pages-browser)/./node_modules/.pnpm/next@14.2.21_react-dom@18.3.1_react@18.3.1__react@18.3.1/node_modules/next/dist/compiled/scheduler/cjs/scheduler.development.js:256:34)
    at flushWork (webpack-internal:///(app-pages-browser)/./node_modules/.pnpm/next@14.2.21_react-dom@18.3.1_react@18.3.1__react@18.3.1/node_modules/next/dist/compiled/scheduler/cjs/scheduler.development.js:225:14)
    at MessagePort.performWorkUntilDeadline (webpack-internal:///(app-pages-browser)/./node_modules/.pnpm/next@14.2.21_react-dom@18.3.1_react@18.3.1__react@18.3.1/node_modules/next/dist/compiled/scheduler/cjs/scheduler.development.js:534:21)
[  209190ms] ReferenceError: ArrowsClockwise is not defined
    at AnalyticsPage (webpack-internal:///(app-pages-browser)/./src/app/panel/inmobiliaria/analytics/page.tsx:618:119)
    at renderWithHooks (webpack-internal:///(app-pages-browser)/./node_modules/.pnpm/next@14.2.21_react-dom@18.3.1_react@18.3.1__react@18.3.1/node_modules/next/dist/compiled/react-dom/cjs/react-dom.development.js:11121:18)
    at mountIndeterminateComponent (webpack-internal:///(app-pages-browser)/./node_modules/.pnpm/next@14.2.21_react-dom@18.3.1_react@18.3.1__react@18.3.1/node_modules/next/dist/compiled/react-dom/cjs/react-dom.development.js:16869:13)
    at beginWork$1 (webpack-internal:///(app-pages-browser)/./node_modules/.pnpm/next@14.2.21_react-dom@18.3.1_react@18.3.1__react@18.3.1/node_modules/next/dist/compiled/react-dom/cjs/react-dom.development.js:18458:16)
    at HTMLUnknownElement.callCallback (webpack-internal:///(app-pages-browser)/./node_modules/.pnpm/next@14.2.21_react-dom@18.3.1_react@18.3.1__react@18.3.1/node_modules/next/dist/compiled/react-dom/cjs/react-dom.development.js:20565:14)
    at Object.invokeGuardedCallbackImpl (webpack-internal:///(app-pages-browser)/./node_modules/.pnpm/next@14.2.21_react-dom@18.3.1_react@18.3.1__react@18.3.1/node_modules/next/dist/compiled/react-dom/cjs/react-dom.development.js:20614:16)
    at invokeGuardedCallback (webpack-internal:///(app-pages-browser)/./node_modules/.pnpm/next@14.2.21_react-dom@18.3.1_react@18.3.1__react@18.3.1/node_modules/next/dist/compiled/react-dom/cjs/react-dom.development.js:20689:29)
    at beginWork (webpack-internal:///(app-pages-browser)/./node_modules/.pnpm/next@14.2.21_react-dom@18.3.1_react@18.3.1__react@18.3.1/node_modules/next/dist/compiled/react-dom/cjs/react-dom.development.js:26949:7)
    at performUnitOfWork (webpack-internal:///(app-pages-browser)/./node_modules/.pnpm/next@14.2.21_react-dom@18.3.1_react@18.3.1__react@18.3.1/node_modules/next/dist/compiled/react-dom/cjs/react-dom.development.js:25748:12)
    at workLoopSync (webpack-internal:///(app-pages-browser)/./node_modules/.pnpm/next@14.2.21_react-dom@18.3.1_react@18.3.1__react@18.3.1/node_modules/next/dist/compiled/react-dom/cjs/react-dom.development.js:25464:5)
    at renderRootSync (webpack-internal:///(app-pages-browser)/./node_modules/.pnpm/next@14.2.21_react-dom@18.3.1_react@18.3.1__react@18.3.1/node_modules/next/dist/compiled/react-dom/cjs/react-dom.development.js:25419:7)
    at recoverFromConcurrentError (webpack-internal:///(app-pages-browser)/./node_modules/.pnpm/next@14.2.21_react-dom@18.3.1_react@18.3.1__react@18.3.1/node_modules/next/dist/compiled/react-dom/cjs/react-dom.development.js:24597:20)
    at performConcurrentWorkOnRoot (webpack-internal:///(app-pages-browser)/./node_modules/.pnpm/next@14.2.21_react-dom@18.3.1_react@18.3.1__react@18.3.1/node_modules/next/dist/compiled/react-dom/cjs/react-dom.development.js:24542:26)
    at workLoop (webpack-internal:///(app-pages-browser)/./node_modules/.pnpm/next@14.2.21_react-dom@18.3.1_react@18.3.1__react@18.3.1/node_modules/next/dist/compiled/scheduler/cjs/scheduler.development.js:256:34)
    at flushWork (webpack-internal:///(app-pages-browser)/./node_modules/.pnpm/next@14.2.21_react-dom@18.3.1_react@18.3.1__react@18.3.1/node_modules/next/dist/compiled/scheduler/cjs/scheduler.development.js:225:14)
    at MessagePort.performWorkUntilDeadline (webpack-internal:///(app-pages-browser)/./node_modules/.pnpm/next@14.2.21_react-dom@18.3.1_react@18.3.1__react@18.3.1/node_modules/next/dist/compiled/scheduler/cjs/scheduler.development.js:534:21)
[  209194ms] ReferenceError: ArrowsClockwise is not defined
    at AnalyticsPage (webpack-internal:///(app-pages-browser)/./src/app/panel/inmobiliaria/analytics/page.tsx:618:119)
    at renderWithHooks (webpack-internal:///(app-pages-browser)/./node_modules/.pnpm/next@14.2.21_react-dom@18.3.1_react@18.3.1__react@18.3.1/node_modules/next/dist/compiled/react-dom/cjs/react-dom.development.js:11121:18)
    at mountIndeterminateComponent (webpack-internal:///(app-pages-browser)/./node_modules/.pnpm/next@14.2.21_react-dom@18.3.1_react@18.3.1__react@18.3.1/node_modules/next/dist/compiled/react-dom/cjs/react-dom.development.js:16869:13)
    at beginWork$1 (webpack-internal:///(app-pages-browser)/./node_modules/.pnpm/next@14.2.21_react-dom@18.3.1_react@18.3.1__react@18.3.1/node_modules/next/dist/compiled/react-dom/cjs/react-dom.development.js:18458:16)
    at beginWork (webpack-internal:///(app-pages-browser)/./node_modules/.pnpm/next@14.2.21_react-dom@18.3.1_react@18.3.1__react@18.3.1/node_modules/next/dist/compiled/react-dom/cjs/react-dom.development.js:26927:14)
    at performUnitOfWork (webpack-internal:///(app-pages-browser)/./node_modules/.pnpm/next@14.2.21_react-dom@18.3.1_react@18.3.1__react@18.3.1/node_modules/next/dist/compiled/react-dom/cjs/react-dom.development.js:25748:12)
    at workLoopSync (webpack-internal:///(app-pages-browser)/./node_modules/.pnpm/next@14.2.21_react-dom@18.3.1_react@18.3.1__react@18.3.1/node_modules/next/dist/compiled/react-dom/cjs/react-dom.development.js:25464:5)
    at renderRootSync (webpack-internal:///(app-pages-browser)/./node_modules/.pnpm/next@14.2.21_react-dom@18.3.1_react@18.3.1__react@18.3.1/node_modules/next/dist/compiled/react-dom/cjs/react-dom.development.js:25419:7)
    at recoverFromConcurrentError (webpack-internal:///(app-pages-browser)/./node_modules/.pnpm/next@14.2.21_react-dom@18.3.1_react@18.3.1__react@18.3.1/node_modules/next/dist/compiled/react-dom/cjs/react-dom.development.js:24597:20)
    at performConcurrentWorkOnRoot (webpack-internal:///(app-pages-browser)/./node_modules/.pnpm/next@14.2.21_react-dom@18.3.1_react@18.3.1__react@18.3.1/node_modules/next/dist/compiled/react-dom/cjs/react-dom.development.js:24542:26)
    at workLoop (webpack-internal:///(app-pages-browser)/./node_modules/.pnpm/next@14.2.21_react-dom@18.3.1_react@18.3.1__react@18.3.1/node_modules/next/dist/compiled/scheduler/cjs/scheduler.development.js:256:34)
    at flushWork (webpack-internal:///(app-pages-browser)/./node_modules/.pnpm/next@14.2.21_react-dom@18.3.1_react@18.3.1__react@18.3.1/node_modules/next/dist/compiled/scheduler/cjs/scheduler.development.js:225:14)
    at MessagePort.performWorkUntilDeadline (webpack-internal:///(app-pages-browser)/./node_modules/.pnpm/next@14.2.21_react-dom@18.3.1_react@18.3.1__react@18.3.1/node_modules/next/dist/compiled/scheduler/cjs/scheduler.development.js:534:21)
[  209196ms] ReferenceError: ArrowsClockwise is not defined
    at AnalyticsPage (webpack-internal:///(app-pages-browser)/./src/app/panel/inmobiliaria/analytics/page.tsx:618:119)
    at renderWithHooks (webpack-internal:///(app-pages-browser)/./node_modules/.pnpm/next@14.2.21_react-dom@18.3.1_react@18.3.1__react@18.3.1/node_modules/next/dist/compiled/react-dom/cjs/react-dom.development.js:11121:18)
    at mountIndeterminateComponent (webpack-internal:///(app-pages-browser)/./node_modules/.pnpm/next@14.2.21_react-dom@18.3.1_react@18.3.1__react@18.3.1/node_modules/next/dist/compiled/react-dom/cjs/react-dom.development.js:16869:13)
    at beginWork$1 (webpack-internal:///(app-pages-browser)/./node_modules/.pnpm/next@14.2.21_react-dom@18.3.1_react@18.3.1__react@18.3.1/node_modules/next/dist/compiled/react-dom/cjs/react-dom.development.js:18458:16)
    at beginWork (webpack-internal:///(app-pages-browser)/./node_modules/.pnpm/next@14.2.21_react-dom@18.3.1_react@18.3.1__react@18.3.1/node_modules/next/dist/compiled/react-dom/cjs/react-dom.development.js:26927:14)
    at performUnitOfWork (webpack-internal:///(app-pages-browser)/./node_modules/.pnpm/next@14.2.21_react-dom@18.3.1_react@18.3.1__react@18.3.1/node_modules/next/dist/compiled/react-dom/cjs/react-dom.development.js:25748:12)
    at workLoopSync (webpack-internal:///(app-pages-browser)/./node_modules/.pnpm/next@14.2.21_react-dom@18.3.1_react@18.3.1__react@18.3.1/node_modules/next/dist/compiled/react-dom/cjs/react-dom.development.js:25464:5)
    at renderRootSync (webpack-internal:///(app-pages-browser)/./node_modules/.pnpm/next@14.2.21_react-dom@18.3.1_react@18.3.1__react@18.3.1/node_modules/next/dist/compiled/react-dom/cjs/react-dom.development.js:25419:7)
    at recoverFromConcurrentError (webpack-internal:///(app-pages-browser)/./node_modules/.pnpm/next@14.2.21_react-dom@18.3.1_react@18.3.1__react@18.3.1/node_modules/next/dist/compiled/react-dom/cjs/react-dom.development.js:24597:20)
    at performConcurrentWorkOnRoot (webpack-internal:///(app-pages-browser)/./node_modules/.pnpm/next@14.2.21_react-dom@18.3.1_react@18.3.1__react@18.3.1/node_modules/next/dist/compiled/react-dom/cjs/react-dom.development.js:24542:26)
    at workLoop (webpack-internal:///(app-pages-browser)/./node_modules/.pnpm/next@14.2.21_react-dom@18.3.1_react@18.3.1__react@18.3.1/node_modules/next/dist/compiled/scheduler/cjs/scheduler.development.js:256:34)
    at flushWork (webpack-internal:///(app-pages-browser)/./node_modules/.pnpm/next@14.2.21_react-dom@18.3.1_react@18.3.1__react@18.3.1/node_modules/next/dist/compiled/scheduler/cjs/scheduler.development.js:225:14)
    at MessagePort.performWorkUntilDeadline (webpack-internal:///(app-pages-browser)/./node_modules/.pnpm/next@14.2.21_react-dom@18.3.1_react@18.3.1__react@18.3.1/node_modules/next/dist/compiled/scheduler/cjs/scheduler.development.js:534:21)
[  209196ms] ReferenceError: ArrowsClockwise is not defined
    at AnalyticsPage (webpack-internal:///(app-pages-browser)/./src/app/panel/inmobiliaria/analytics/page.tsx:618:119)
    at renderWithHooks (webpack-internal:///(app-pages-browser)/./node_modules/.pnpm/next@14.2.21_react-dom@18.3.1_react@18.3.1__react@18.3.1/node_modules/next/dist/compiled/react-dom/cjs/react-dom.development.js:11121:18)
    at mountIndeterminateComponent (webpack-internal:///(app-pages-browser)/./node_modules/.pnpm/next@14.2.21_react-dom@18.3.1_react@18.3.1__react@18.3.1/node_modules/next/dist/compiled/react-dom/cjs/react-dom.development.js:16869:13)
    at beginWork$1 (webpack-internal:///(app-pages-browser)/./node_modules/.pnpm/next@14.2.21_react-dom@18.3.1_react@18.3.1__react@18.3.1/node_modules/next/dist/compiled/react-dom/cjs/react-dom.development.js:18458:16)
    at beginWork (webpack-internal:///(app-pages-browser)/./node_modules/.pnpm/next@14.2.21_react-dom@18.3.1_react@18.3.1__react@18.3.1/node_modules/next/dist/compiled/react-dom/cjs/react-dom.development.js:26927:14)
    at performUnitOfWork (webpack-internal:///(app-pages-browser)/./node_modules/.pnpm/next@14.2.21_react-dom@18.3.1_react@18.3.1__react@18.3.1/node_modules/next/dist/compiled/react-dom/cjs/react-dom.development.js:25748:12)
    at workLoopSync (webpack-internal:///(app-pages-browser)/./node_modules/.pnpm/next@14.2.21_react-dom@18.3.1_react@18.3.1__react@18.3.1/node_modules/next/dist/compiled/react-dom/cjs/react-dom.development.js:25464:5)
    at renderRootSync (webpack-internal:///(app-pages-browser)/./node_modules/.pnpm/next@14.2.21_react-dom@18.3.1_react@18.3.1__react@18.3.1/node_modules/next/dist/compiled/react-dom/cjs/react-dom.development.js:25419:7)
    at recoverFromConcurrentError (webpack-internal:///(app-pages-browser)/./node_modules/.pnpm/next@14.2.21_react-dom@18.3.1_react@18.3.1__react@18.3.1/node_modules/next/dist/compiled/react-dom/cjs/react-dom.development.js:24597:20)
    at performConcurrentWorkOnRoot (webpack-internal:///(app-pages-browser)/./node_modules/.pnpm/next@14.2.21_react-dom@18.3.1_react@18.3.1__react@18.3.1/node_modules/next/dist/compiled/react-dom/cjs/react-dom.development.js:24542:26)
    at workLoop (webpack-internal:///(app-pages-browser)/./node_modules/.pnpm/next@14.2.21_react-dom@18.3.1_react@18.3.1__react@18.3.1/node_modules/next/dist/compiled/scheduler/cjs/scheduler.development.js:256:34)
    at flushWork (webpack-internal:///(app-pages-browser)/./node_modules/.pnpm/next@14.2.21_react-dom@18.3.1_react@18.3.1__react@18.3.1/node_modules/next/dist/compiled/scheduler/cjs/scheduler.development.js:225:14)
    at MessagePort.performWorkUntilDeadline (webpack-internal:///(app-pages-browser)/./node_modules/.pnpm/next@14.2.21_react-dom@18.3.1_react@18.3.1__react@18.3.1/node_modules/next/dist/compiled/scheduler/cjs/scheduler.development.js:534:21)
[  209197ms] ReferenceError: ArrowsClockwise is not defined
    at AnalyticsPage (webpack-internal:///(app-pages-browser)/./src/app/panel/inmobiliaria/analytics/page.tsx:618:119)
    at renderWithHooks (webpack-internal:///(app-pages-browser)/./node_modules/.pnpm/next@14.2.21_react-dom@18.3.1_react@18.3.1__react@18.3.1/node_modules/next/dist/compiled/react-dom/cjs/react-dom.development.js:11121:18)
    at mountIndeterminateComponent (webpack-internal:///(app-pages-browser)/./node_modules/.pnpm/next@14.2.21_react-dom@18.3.1_react@18.3.1__react@18.3.1/node_modules/next/dist/compiled/react-dom/cjs/react-dom.development.js:16869:13)
    at beginWork$1 (webpack-internal:///(app-pages-browser)/./node_modules/.pnpm/next@14.2.21_react-dom@18.3.1_react@18.3.1__react@18.3.1/node_modules/next/dist/compiled/react-dom/cjs/react-dom.development.js:18458:16)
    at beginWork (webpack-internal:///(app-pages-browser)/./node_modules/.pnpm/next@14.2.21_react-dom@18.3.1_react@18.3.1__react@18.3.1/node_modules/next/dist/compiled/react-dom/cjs/react-dom.development.js:26927:14)
    at performUnitOfWork (webpack-internal:///(app-pages-browser)/./node_modules/.pnpm/next@14.2.21_react-dom@18.3.1_react@18.3.1__react@18.3.1/node_modules/next/dist/compiled/react-dom/cjs/react-dom.development.js:25748:12)
    at workLoopSync (webpack-internal:///(app-pages-browser)/./node_modules/.pnpm/next@14.2.21_react-dom@18.3.1_react@18.3.1__react@18.3.1/node_modules/next/dist/compiled/react-dom/cjs/react-dom.development.js:25464:5)
    at renderRootSync (webpack-internal:///(app-pages-browser)/./node_modules/.pnpm/next@14.2.21_react-dom@18.3.1_react@18.3.1__react@18.3.1/node_modules/next/dist/compiled/react-dom/cjs/react-dom.development.js:25419:7)
    at recoverFromConcurrentError (webpack-internal:///(app-pages-browser)/./node_modules/.pnpm/next@14.2.21_react-dom@18.3.1_react@18.3.1__react@18.3.1/node_modules/next/dist/compiled/react-dom/cjs/react-dom.development.js:24597:20)
    at performConcurrentWorkOnRoot (webpack-internal:///(app-pages-browser)/./node_modules/.pnpm/next@14.2.21_react-dom@18.3.1_react@18.3.1__react@18.3.1/node_modules/next/dist/compiled/react-dom/cjs/react-dom.development.js:24542:26)
    at workLoop (webpack-internal:///(app-pages-browser)/./node_modules/.pnpm/next@14.2.21_react-dom@18.3.1_react@18.3.1__react@18.3.1/node_modules/next/dist/compiled/scheduler/cjs/scheduler.development.js:256:34)
    at flushWork (webpack-internal:///(app-pages-browser)/./node_modules/.pnpm/next@14.2.21_react-dom@18.3.1_react@18.3.1__react@18.3.1/node_modules/next/dist/compiled/scheduler/cjs/scheduler.development.js:225:14)
    at MessagePort.performWorkUntilDeadline (webpack-internal:///(app-pages-browser)/./node_modules/.pnpm/next@14.2.21_react-dom@18.3.1_react@18.3.1__react@18.3.1/node_modules/next/dist/compiled/scheduler/cjs/scheduler.development.js:534:21)
[  209197ms] ReferenceError: ArrowsClockwise is not defined
    at AnalyticsPage (webpack-internal:///(app-pages-browser)/./src/app/panel/inmobiliaria/analytics/page.tsx:618:119)
    at renderWithHooks (webpack-internal:///(app-pages-browser)/./node_modules/.pnpm/next@14.2.21_react-dom@18.3.1_react@18.3.1__react@18.3.1/node_modules/next/dist/compiled/react-dom/cjs/react-dom.development.js:11121:18)
    at mountIndeterminateComponent (webpack-internal:///(app-pages-browser)/./node_modules/.pnpm/next@14.2.21_react-dom@18.3.1_react@18.3.1__react@18.3.1/node_modules/next/dist/compiled/react-dom/cjs/react-dom.development.js:16869:13)
    at beginWork$1 (webpack-internal:///(app-pages-browser)/./node_modules/.pnpm/next@14.2.21_react-dom@18.3.1_react@18.3.1__react@18.3.1/node_modules/next/dist/compiled/react-dom/cjs/react-dom.development.js:18458:16)
    at beginWork (webpack-internal:///(app-pages-browser)/./node_modules/.pnpm/next@14.2.21_react-dom@18.3.1_react@18.3.1__react@18.3.1/node_modules/next/dist/compiled/react-dom/cjs/react-dom.development.js:26927:14)
    at performUnitOfWork (webpack-internal:///(app-pages-browser)/./node_modules/.pnpm/next@14.2.21_react-dom@18.3.1_react@18.3.1__react@18.3.1/node_modules/next/dist/compiled/react-dom/cjs/react-dom.development.js:25748:12)
    at workLoopSync (webpack-internal:///(app-pages-browser)/./node_modules/.pnpm/next@14.2.21_react-dom@18.3.1_react@18.3.1__react@18.3.1/node_modules/next/dist/compiled/react-dom/cjs/react-dom.development.js:25464:5)
    at renderRootSync (webpack-internal:///(app-pages-browser)/./node_modules/.pnpm/next@14.2.21_react-dom@18.3.1_react@18.3.1__react@18.3.1/node_modules/next/dist/compiled/react-dom/cjs/react-dom.development.js:25419:7)
    at recoverFromConcurrentError (webpack-internal:///(app-pages-browser)/./node_modules/.pnpm/next@14.2.21_react-dom@18.3.1_react@18.3.1__react@18.3.1/node_modules/next/dist/compiled/react-dom/cjs/react-dom.development.js:24597:20)
    at performConcurrentWorkOnRoot (webpack-internal:///(app-pages-browser)/./node_modules/.pnpm/next@14.2.21_react-dom@18.3.1_react@18.3.1__react@18.3.1/node_modules/next/dist/compiled/react-dom/cjs/react-dom.development.js:24542:26)
    at workLoop (webpack-internal:///(app-pages-browser)/./node_modules/.pnpm/next@14.2.21_react-dom@18.3.1_react@18.3.1__react@18.3.1/node_modules/next/dist/compiled/scheduler/cjs/scheduler.development.js:256:34)
    at flushWork (webpack-internal:///(app-pages-browser)/./node_modules/.pnpm/next@14.2.21_react-dom@18.3.1_react@18.3.1__react@18.3.1/node_modules/next/dist/compiled/scheduler/cjs/scheduler.development.js:225:14)
    at MessagePort.performWorkUntilDeadline (webpack-internal:///(app-pages-browser)/./node_modules/.pnpm/next@14.2.21_react-dom@18.3.1_react@18.3.1__react@18.3.1/node_modules/next/dist/compiled/scheduler/cjs/scheduler.development.js:534:21)
[  209197ms] ReferenceError: ArrowsClockwise is not defined
    at AnalyticsPage (webpack-internal:///(app-pages-browser)/./src/app/panel/inmobiliaria/analytics/page.tsx:618:119)
    at renderWithHooks (webpack-internal:///(app-pages-browser)/./node_modules/.pnpm/next@14.2.21_react-dom@18.3.1_react@18.3.1__react@18.3.1/node_modules/next/dist/compiled/react-dom/cjs/react-dom.development.js:11121:18)
    at mountIndeterminateComponent (webpack-internal:///(app-pages-browser)/./node_modules/.pnpm/next@14.2.21_react-dom@18.3.1_react@18.3.1__react@18.3.1/node_modules/next/dist/compiled/react-dom/cjs/react-dom.development.js:16869:13)
    at beginWork$1 (webpack-internal:///(app-pages-browser)/./node_modules/.pnpm/next@14.2.21_react-dom@18.3.1_react@18.3.1__react@18.3.1/node_modules/next/dist/compiled/react-dom/cjs/react-dom.development.js:18458:16)
    at beginWork (webpack-internal:///(app-pages-browser)/./node_modules/.pnpm/next@14.2.21_react-dom@18.3.1_react@18.3.1__react@18.3.1/node_modules/next/dist/compiled/react-dom/cjs/react-dom.development.js:26927:14)
    at performUnitOfWork (webpack-internal:///(app-pages-browser)/./node_modules/.pnpm/next@14.2.21_react-dom@18.3.1_react@18.3.1__react@18.3.1/node_modules/next/dist/compiled/react-dom/cjs/react-dom.development.js:25748:12)
    at workLoopSync (webpack-internal:///(app-pages-browser)/./node_modules/.pnpm/next@14.2.21_react-dom@18.3.1_react@18.3.1__react@18.3.1/node_modules/next/dist/compiled/react-dom/cjs/react-dom.development.js:25464:5)
    at renderRootSync (webpack-internal:///(app-pages-browser)/./node_modules/.pnpm/next@14.2.21_react-dom@18.3.1_react@18.3.1__react@18.3.1/node_modules/next/dist/compiled/react-dom/cjs/react-dom.development.js:25419:7)
    at recoverFromConcurrentError (webpack-internal:///(app-pages-browser)/./node_modules/.pnpm/next@14.2.21_react-dom@18.3.1_react@18.3.1__react@18.3.1/node_modules/next/dist/compiled/react-dom/cjs/react-dom.development.js:24597:20)
    at performConcurrentWorkOnRoot (webpack-internal:///(app-pages-browser)/./node_modules/.pnpm/next@14.2.21_react-dom@18.3.1_react@18.3.1__react@18.3.1/node_modules/next/dist/compiled/react-dom/cjs/react-dom.development.js:24542:26)
    at workLoop (webpack-internal:///(app-pages-browser)/./node_modules/.pnpm/next@14.2.21_react-dom@18.3.1_react@18.3.1__react@18.3.1/node_modules/next/dist/compiled/scheduler/cjs/scheduler.development.js:256:34)
    at flushWork (webpack-internal:///(app-pages-browser)/./node_modules/.pnpm/next@14.2.21_react-dom@18.3.1_react@18.3.1__react@18.3.1/node_modules/next/dist/compiled/scheduler/cjs/scheduler.development.js:225:14)
    at MessagePort.performWorkUntilDeadline (webpack-internal:///(app-pages-browser)/./node_modules/.pnpm/next@14.2.21_react-dom@18.3.1_react@18.3.1__react@18.3.1/node_modules/next/dist/compiled/scheduler/cjs/scheduler.development.js:534:21)
[  209198ms] ReferenceError: ArrowsClockwise is not defined
    at AnalyticsPage (webpack-internal:///(app-pages-browser)/./src/app/panel/inmobiliaria/analytics/page.tsx:618:119)
    at renderWithHooks (webpack-internal:///(app-pages-browser)/./node_modules/.pnpm/next@14.2.21_react-dom@18.3.1_react@18.3.1__react@18.3.1/node_modules/next/dist/compiled/react-dom/cjs/react-dom.development.js:11121:18)
    at mountIndeterminateComponent (webpack-internal:///(app-pages-browser)/./node_modules/.pnpm/next@14.2.21_react-dom@18.3.1_react@18.3.1__react@18.3.1/node_modules/next/dist/compiled/react-dom/cjs/react-dom.development.js:16869:13)
    at beginWork$1 (webpack-internal:///(app-pages-browser)/./node_modules/.pnpm/next@14.2.21_react-dom@18.3.1_react@18.3.1__react@18.3.1/node_modules/next/dist/compiled/react-dom/cjs/react-dom.development.js:18458:16)
    at beginWork (webpack-internal:///(app-pages-browser)/./node_modules/.pnpm/next@14.2.21_react-dom@18.3.1_react@18.3.1__react@18.3.1/node_modules/next/dist/compiled/react-dom/cjs/react-dom.development.js:26927:14)
    at performUnitOfWork (webpack-internal:///(app-pages-browser)/./node_modules/.pnpm/next@14.2.21_react-dom@18.3.1_react@18.3.1__react@18.3.1/node_modules/next/dist/compiled/react-dom/cjs/react-dom.development.js:25748:12)
    at workLoopSync (webpack-internal:///(app-pages-browser)/./node_modules/.pnpm/next@14.2.21_react-dom@18.3.1_react@18.3.1__react@18.3.1/node_modules/next/dist/compiled/react-dom/cjs/react-dom.development.js:25464:5)
    at renderRootSync (webpack-internal:///(app-pages-browser)/./node_modules/.pnpm/next@14.2.21_react-dom@18.3.1_react@18.3.1__react@18.3.1/node_modules/next/dist/compiled/react-dom/cjs/react-dom.development.js:25419:7)
    at recoverFromConcurrentError (webpack-internal:///(app-pages-browser)/./node_modules/.pnpm/next@14.2.21_react-dom@18.3.1_react@18.3.1__react@18.3.1/node_modules/next/dist/compiled/react-dom/cjs/react-dom.development.js:24597:20)
    at performConcurrentWorkOnRoot (webpack-internal:///(app-pages-browser)/./node_modules/.pnpm/next@14.2.21_react-dom@18.3.1_react@18.3.1__react@18.3.1/node_modules/next/dist/compiled/react-dom/cjs/react-dom.development.js:24542:26)
    at workLoop (webpack-internal:///(app-pages-browser)/./node_modules/.pnpm/next@14.2.21_react-dom@18.3.1_react@18.3.1__react@18.3.1/node_modules/next/dist/compiled/scheduler/cjs/scheduler.development.js:256:34)
    at flushWork (webpack-internal:///(app-pages-browser)/./node_modules/.pnpm/next@14.2.21_react-dom@18.3.1_react@18.3.1__react@18.3.1/node_modules/next/dist/compiled/scheduler/cjs/scheduler.development.js:225:14)
    at MessagePort.performWorkUntilDeadline (webpack-internal:///(app-pages-browser)/./node_modules/.pnpm/next@14.2.21_react-dom@18.3.1_react@18.3.1__react@18.3.1/node_modules/next/dist/compiled/scheduler/cjs/scheduler.development.js:534:21)
[  209198ms] [ERROR] The above error occurred in the <NotFoundErrorBoundary> component:

    at AnalyticsPage (webpack-internal:///(app-pages-browser)/./src/app/panel/inmobiliaria/analytics/page.tsx:420:88)
    at ClientPageRoot (webpack-internal:///(app-pages-browser)/./node_modules/.pnpm/next@14.2.21_react-dom@18.3.1_react@18.3.1__react@18.3.1/node_modules/next/dist/client/components/client-page.js:14:11)
    at InnerLayoutRouter (webpack-internal:///(app-pages-browser)/./node_modules/.pnpm/next@14.2.21_react-dom@18.3.1_react@18.3.1__react@18.3.1/node_modules/next/dist/client/components/layout-router.js:243:11)
    at RedirectErrorBoundary (webpack-internal:///(app-pages-browser)/./node_modules/.pnpm/next@14.2.21_react-dom@18.3.1_react@18.3.1__react@18.3.1/node_modules/next/dist/client/components/redirect-boundary.js:74:9)
    at RedirectBoundary (webpack-internal:///(app-pages-browser)/./node_modules/.pnpm/next@14.2.21_react-dom@18.3.1_react@18.3.1__react@18.3.1/node_modules/next/dist/client/components/redirect-boundary.js:82:11)
    at NotFoundBoundary (webpack-internal:///(app-pages-browser)/./node_modules/.pnpm/next@14.2.21_react-dom@18.3.1_react@18.3.1__react@18.3.1/node_modules/next/dist/client/components/not-found-boundary.js:84:11)
    at LoadingBoundary (webpack-internal:///(app-pages-browser)/./node_modules/.pnpm/next@14.2.21_react-dom@18.3.1_react@18.3.1__react@18.3.1/node_modules/next/dist/client/components/layout-router.js:349:11)
    at ErrorBoundary (webpack-internal:///(app-pages-browser)/./node_modules/.pnpm/next@14.2.21_react-dom@18.3.1_react@18.3.1__react@18.3.1/node_modules/next/dist/client/components/error-boundary.js:160:11)
    at InnerScrollAndFocusHandler (webpack-internal:///(app-pages-browser)/./node_modules/.pnpm/next@14.2.21_react-dom@18.3.1_react@18.3.1__react@18.3.1/node_modules/next/dist/client/components/layout-router.js:153:9)
    at ScrollAndFocusHandler (webpack-internal:///(app-pages-browser)/./node_modules/.pnpm/next@14.2.21_react-dom@18.3.1_react@18.3.1__react@18.3.1/node_modules/next/dist/client/components/layout-router.js:228:11)
    at RenderFromTemplateContext (webpack-internal:///(app-pages-browser)/./node_modules/.pnpm/next@14.2.21_react-dom@18.3.1_react@18.3.1__react@18.3.1/node_modules/next/dist/client/components/render-from-template-context.js:16:44)
    at OuterLayoutRouter (webpack-internal:///(app-pages-browser)/./node_modules/.pnpm/next@14.2.21_react-dom@18.3.1_react@18.3.1__react@18.3.1/node_modules/next/dist/client/components/layout-router.js:370:11)
    at InnerLayoutRouter (webpack-internal:///(app-pages-browser)/./node_modules/.pnpm/next@14.2.21_react-dom@18.3.1_react@18.3.1__react@18.3.1/node_modules/next/dist/client/components/layout-router.js:243:11)
    at RedirectErrorBoundary (webpack-internal:///(app-pages-browser)/./node_modules/.pnpm/next@14.2.21_react-dom@18.3.1_react@18.3.1__react@18.3.1/node_modules/next/dist/client/components/redirect-boundary.js:74:9)
    at RedirectBoundary (webpack-internal:///(app-pages-browser)/./node_modules/.pnpm/next@14.2.21_react-dom@18.3.1_react@18.3.1__react@18.3.1/node_modules/next/dist/client/components/redirect-boundary.js:82:11)
    at NotFoundBoundary (webpack-internal:///(app-pages-browser)/./node_modules/.pnpm/next@14.2.21_react-dom@18.3.1_react@18.3.1__react@18.3.1/node_modules/next/dist/client/components/not-found-boundary.js:84:11)
    at LoadingBoundary (webpack-internal:///(app-pages-browser)/./node_modules/.pnpm/next@14.2.21_react-dom@18.3.1_react@18.3.1__react@18.3.1/node_modules/next/dist/client/components/layout-router.js:349:11)
    at ErrorBoundary (webpack-internal:///(app-pages-browser)/./node_modules/.pnpm/next@14.2.21_react-dom@18.3.1_react@18.3.1__react@18.3.1/node_modules/next/dist/client/components/error-boundary.js:160:11)
    at InnerScrollAndFocusHandler (webpack-internal:///(app-pages-browser)/./node_modules/.pnpm/next@14.2.21_react-dom@18.3.1_react@18.3.1__react@18.3.1/node_modules/next/dist/client/components/layout-router.js:153:9)
    at ScrollAndFocusHandler (webpack-internal:///(app-pages-browser)/./node_modules/.pnpm/next@14.2.21_react-dom@18.3.1_react@18.3.1__react@18.3.1/node_modules/next/dist/client/components/layout-router.js:228:11)
    at RenderFromTemplateContext (webpack-internal:///(app-pages-browser)/./node_modules/.pnpm/next@14.2.21_react-dom@18.3.1_react@18.3.1__react@18.3.1/node_modules/next/dist/client/components/render-from-template-context.js:16:44)
    at OuterLayoutRouter (webpack-internal:///(app-pages-browser)/./node_modules/.pnpm/next@14.2.21_react-dom@18.3.1_react@18.3.1__react@18.3.1/node_modules/next/dist/client/components/layout-router.js:370:11)
    at main
    at div
    at div
    at InmobiliariaLayoutInner (webpack-internal:///(app-pages-browser)/./src/app/panel/inmobiliaria/layout.tsx:111:11)
    at SidebarProvider (webpack-internal:///(app-pages-browser)/./src/lib/context/SidebarContext.tsx:14:11)
    at I18nProvider (webpack-internal:///(app-pages-browser)/./src/lib/i18n/i18n-context.tsx:48:11)
    at ProtectedRoute (webpack-internal:///(app-pages-browser)/./src/components/auth/ProtectedRoute.tsx:29:11)
    at InmobiliariaLayout (webpack-internal:///(app-pages-browser)/./src/app/panel/inmobiliaria/layout.tsx:184:11)
    at InnerLayoutRouter (webpack-internal:///(app-pages-browser)/./node_modules/.pnpm/next@14.2.21_react-dom@18.3.1_react@18.3.1__react@18.3.1/node_modules/next/dist/client/components/layout-router.js:243:11)
    at RedirectErrorBoundary (webpack-internal:///(app-pages-browser)/./node_modules/.pnpm/next@14.2.21_react-dom@18.3.1_react@18.3.1__react@18.3.1/node_modules/next/dist/client/components/redirect-boundary.js:74:9)
    at RedirectBoundary (webpack-internal:///(app-pages-browser)/./node_modules/.pnpm/next@14.2.21_react-dom@18.3.1_react@18.3.1__react@18.3.1/node_modules/next/dist/client/components/redirect-boundary.js:82:11)
    at NotFoundBoundary (webpack-internal:///(app-pages-browser)/./node_modules/.pnpm/next@14.2.21_react-dom@18.3.1_react@18.3.1__react@18.3.1/node_modules/next/dist/client/components/not-found-boundary.js:84:11)
    at LoadingBoundary (webpack-internal:///(app-pages-browser)/./node_modules/.pnpm/next@14.2.21_react-dom@18.3.1_react@18.3.1__react@18.3.1/node_modules/next/dist/client/components/layout-router.js:349:11)
    at ErrorBoundary (webpack-internal:///(app-pages-browser)/./node_modules/.pnpm/next@14.2.21_react-dom@18.3.1_react@18.3.1__react@18.3.1/node_modules/next/dist/client/components/error-boundary.js:160:11)
    at InnerScrollAndFocusHandler (webpack-internal:///(app-pages-browser)/./node_modules/.pnpm/next@14.2.21_react-dom@18.3.1_react@18.3.1__react@18.3.1/node_modules/next/dist/client/components/layout-router.js:153:9)
    at ScrollAndFocusHandler (webpack-internal:///(app-pages-browser)/./node_modules/.pnpm/next@14.2.21_react-dom@18.3.1_react@18.3.1__react@18.3.1/node_modules/next/dist/client/components/layout-router.js:228:11)
    at RenderFromTemplateContext (webpack-internal:///(app-pages-browser)/./node_modules/.pnpm/next@14.2.21_react-dom@18.3.1_react@18.3.1__react@18.3.1/node_modules/next/dist/client/components/render-from-template-context.js:16:44)
    at OuterLayoutRouter (webpack-internal:///(app-pages-browser)/./node_modules/.pnpm/next@14.2.21_react-dom@18.3.1_react@18.3.1__react@18.3.1/node_modules/next/dist/client/components/layout-router.js:370:11)
    at InnerLayoutRouter (webpack-internal:///(app-pages-browser)/./node_modules/.pnpm/next@14.2.21_react-dom@18.3.1_react@18.3.1__react@18.3.1/node_modules/next/dist/client/components/layout-router.js:243:11)
    at RedirectErrorBoundary (webpack-internal:///(app-pages-browser)/./node_modules/.pnpm/next@14.2.21_react-dom@18.3.1_react@18.3.1__react@18.3.1/node_modules/next/dist/client/components/redirect-boundary.js:74:9)
    at RedirectBoundary (webpack-internal:///(app-pages-browser)/./node_modules/.pnpm/next@14.2.21_react-dom@18.3.1_react@18.3.1__react@18.3.1/node_modules/next/dist/client/components/redirect-boundary.js:82:11)
    at NotFoundErrorBoundary (webpack-internal:///(app-pages-browser)/./node_modules/.pnpm/next@14.2.21_react-dom@18.3.1_react@18.3.1__react@18.3.1/node_modules/next/dist/client/components/not-found-boundary.js:76:9)
    at NotFoundBoundary (webpack-internal:///(app-pages-browser)/./node_modules/.pnpm/next@14.2.21_react-dom@18.3.1_react@18.3.1__react@18.3.1/node_modules/next/dist/client/components/not-found-boundary.js:84:11)
    at LoadingBoundary (webpack-internal:///(app-pages-browser)/./node_modules/.pnpm/next@14.2.21_react-dom@18.3.1_react@18.3.1__react@18.3.1/node_modules/next/dist/client/components/layout-router.js:349:11)
    at ErrorBoundary (webpack-internal:///(app-pages-browser)/./node_modules/.pnpm/next@14.2.21_react-dom@18.3.1_react@18.3.1__react@18.3.1/node_modules/next/dist/client/components/error-boundary.js:160:11)
    at InnerScrollAndFocusHandler (webpack-internal:///(app-pages-browser)/./node_modules/.pnpm/next@14.2.21_react-dom@18.3.1_react@18.3.1__react@18.3.1/node_modules/next/dist/client/components/layout-router.js:153:9)
    at ScrollAndFocusHandler (webpack-internal:///(app-pages-browser)/./node_modules/.pnpm/next@14.2.21_react-dom@18.3.1_react@18.3.1__react@18.3.1/node_modules/next/dist/client/components/layout-router.js:228:11)
    at RenderFromTemplateContext (webpack-internal:///(app-pages-browser)/./node_modules/.pnpm/next@14.2.21_react-dom@18.3.1_react@18.3.1__react@18.3.1/node_modules/next/dist/client/components/render-from-template-context.js:16:44)
    at div
    at MotionDOMComponent (webpack-internal:///(app-pages-browser)/./node_modules/.pnpm/framer-motion@12.27.1_react-dom@18.3.1_react@18.3.1__react@18.3.1/node_modules/framer-motion/dist/es/motion/index.mjs:67:65)
    at PageTransition (webpack-internal:///(app-pages-browser)/./src/components/providers/PageTransition.tsx:13:11)
    at Template (webpack-internal:///(app-pages-browser)/./src/app/template.tsx:13:11)
    at OuterLayoutRouter (webpack-internal:///(app-pages-browser)/./node_modules/.pnpm/next@14.2.21_react-dom@18.3.1_react@18.3.1__react@18.3.1/node_modules/next/dist/client/components/layout-router.js:370:11)
    at SmoothScroll (webpack-internal:///(app-pages-browser)/./src/components/providers/SmoothScroll.tsx:36:11)
    at WishlistProvider (webpack-internal:///(app-pages-browser)/./src/lib/stores/wishlist.tsx:17:11)
    at AuthProvider (webpack-internal:///(app-pages-browser)/./src/lib/auth/auth-context.tsx:28:11)
    at V (webpack-internal:///(app-pages-browser)/./node_modules/.pnpm/next-themes@0.4.6_react-dom@18.3.1_react@18.3.1__react@18.3.1/node_modules/next-themes/dist/index.mjs:54:24)
    at J (webpack-internal:///(app-pages-browser)/./node_modules/.pnpm/next-themes@0.4.6_react-dom@18.3.1_react@18.3.1__react@18.3.1/node_modules/next-themes/dist/index.mjs:47:47)
    at ThemeProvider (webpack-internal:///(app-pages-browser)/./src/components/providers/ThemeProvider.tsx:10:11)
    at body
    at html
    at RootLayout (Server)
    at RedirectErrorBoundary (webpack-internal:///(app-pages-browser)/./node_modules/.pnpm/next@14.2.21_react-dom@18.3.1_react@18.3.1__react@18.3.1/node_modules/next/dist/client/components/redirect-boundary.js:74:9)
    at RedirectBoundary (webpack-internal:///(app-pages-browser)/./node_modules/.pnpm/next@14.2.21_react-dom@18.3.1_react@18.3.1__react@18.3.1/node_modules/next/dist/client/components/redirect-boundary.js:82:11)
    at NotFoundErrorBoundary (webpack-internal:///(app-pages-browser)/./node_modules/.pnpm/next@14.2.21_react-dom@18.3.1_react@18.3.1__react@18.3.1/node_modules/next/dist/client/components/not-found-boundary.js:76:9)
    at NotFoundBoundary (webpack-internal:///(app-pages-browser)/./node_modules/.pnpm/next@14.2.21_react-dom@18.3.1_react@18.3.1__react@18.3.1/node_modules/next/dist/client/components/not-found-boundary.js:84:11)
    at DevRootNotFoundBoundary (webpack-internal:///(app-pages-browser)/./node_modules/.pnpm/next@14.2.21_react-dom@18.3.1_react@18.3.1__react@18.3.1/node_modules/next/dist/client/components/dev-root-not-found-boundary.js:33:11)
    at ReactDevOverlay (webpack-internal:///(app-pages-browser)/./node_modules/.pnpm/next@14.2.21_react-dom@18.3.1_react@18.3.1__react@18.3.1/node_modules/next/dist/client/components/react-dev-overlay/app/ReactDevOverlay.js:87:9)
    at HotReload (webpack-internal:///(app-pages-browser)/./node_modules/.pnpm/next@14.2.21_react-dom@18.3.1_react@18.3.1__react@18.3.1/node_modules/next/dist/client/components/react-dev-overlay/app/hot-reloader-client.js:321:11)
    at Router (webpack-internal:///(app-pages-browser)/./node_modules/.pnpm/next@14.2.21_react-dom@18.3.1_react@18.3.1__react@18.3.1/node_modules/next/dist/client/components/app-router.js:207:11)
    at ErrorBoundaryHandler (webpack-internal:///(app-pages-browser)/./node_modules/.pnpm/next@14.2.21_react-dom@18.3.1_react@18.3.1__react@18.3.1/node_modules/next/dist/client/components/error-boundary.js:113:9)
    at ErrorBoundary (webpack-internal:///(app-pages-browser)/./node_modules/.pnpm/next@14.2.21_react-dom@18.3.1_react@18.3.1__react@18.3.1/node_modules/next/dist/client/components/error-boundary.js:160:11)
    at AppRouter (webpack-internal:///(app-pages-browser)/./node_modules/.pnpm/next@14.2.21_react-dom@18.3.1_react@18.3.1__react@18.3.1/node_modules/next/dist/client/components/app-router.js:585:13)
    at ServerRoot (webpack-internal:///(app-pages-browser)/./node_modules/.pnpm/next@14.2.21_react-dom@18.3.1_react@18.3.1__react@18.3.1/node_modules/next/dist/client/app-index.js:112:27)
    at Root (webpack-internal:///(app-pages-browser)/./node_modules/.pnpm/next@14.2.21_react-dom@18.3.1_react@18.3.1__react@18.3.1/node_modules/next/dist/client/app-index.js:117:11)

React will try to recreate this component tree from scratch using the error boundary you provided, ReactDevOverlay. @ webpack-internal:///(app-pages-browser)/./node_modules/.pnpm/next@14.2.21_react-dom@18.3.1_react@18.3.1__react@18.3.1/node_modules/next/dist/client/app-index.js:32
[  213198ms] [WARNING] [Fast Refresh] performing full reload because your application had an unrecoverable error @ webpack-internal:///(app-pages-browser)/./node_modules/.pnpm/next@14.2.21_react-dom@18.3.1_react@18.3.1__react@18.3.1/node_modules/next/dist/client/components/react-dev-overlay/app/hot-reloader-client.js:114
[  214892ms] [ERROR] Warning: Cannot update a component (`%s`) while rendering a different component (`%s`). To locate the bad setState() call inside `%s`, follow the stack trace as described in https://reactjs.org/link/setstate-in-render%s HotReload AnalyticsPage AnalyticsPage 
    at AnalyticsPage (webpack-internal:///(app-pages-browser)/./src/app/panel/inmobiliaria/analytics/page.tsx:422:88)
    at ClientPageRoot (webpack-internal:///(app-pages-browser)/./node_modules/.pnpm/next@14.2.21_react-dom@18.3.1_react@18.3.1__react@18.3.1/node_modules/next/dist/client/components/client-page.js:14:11)
    at InnerLayoutRouter (webpack-internal:///(app-pages-browser)/./node_modules/.pnpm/next@14.2.21_react-dom@18.3.1_react@18.3.1__react@18.3.1/node_modules/next/dist/client/components/layout-router.js:243:11)
    at RedirectErrorBoundary (webpack-internal:///(app-pages-browser)/./node_modules/.pnpm/next@14.2.21_react-dom@18.3.1_react@18.3.1__react@18.3.1/node_modules/next/dist/client/components/redirect-boundary.js:74:9)
    at RedirectBoundary (webpack-internal:///(app-pages-browser)/./node_modules/.pnpm/next@14.2.21_react-dom@18.3.1_react@18.3.1__react@18.3.1/node_modules/next/dist/client/components/redirect-boundary.js:82:11)
    at NotFoundBoundary (webpack-internal:///(app-pages-browser)/./node_modules/.pnpm/next@14.2.21_react-dom@18.3.1_react@18.3.1__react@18.3.1/node_modules/next/dist/client/components/not-found-boundary.js:84:11)
    at LoadingBoundary (webpack-internal:///(app-pages-browser)/./node_modules/.pnpm/next@14.2.21_react-dom@18.3.1_react@18.3.1__react@18.3.1/node_modules/next/dist/client/components/layout-router.js:349:11)
    at ErrorBoundary (webpack-internal:///(app-pages-browser)/./node_modules/.pnpm/next@14.2.21_react-dom@18.3.1_react@18.3.1__react@18.3.1/node_modules/next/dist/client/components/error-boundary.js:160:11)
    at InnerScrollAndFocusHandler (webpack-internal:///(app-pages-browser)/./node_modules/.pnpm/next@14.2.21_react-dom@18.3.1_react@18.3.1__react@18.3.1/node_modules/next/dist/client/components/layout-router.js:153:9)
    at ScrollAndFocusHandler (webpack-internal:///(app-pages-browser)/./node_modules/.pnpm/next@14.2.21_react-dom@18.3.1_react@18.3.1__react@18.3.1/node_modules/next/dist/client/components/layout-router.js:228:11)
    at RenderFromTemplateContext (webpack-internal:///(app-pages-browser)/./node_modules/.pnpm/next@14.2.21_react-dom@18.3.1_react@18.3.1__react@18.3.1/node_modules/next/dist/client/components/render-from-template-context.js:16:44)
    at OuterLayoutRouter (webpack-internal:///(app-pages-browser)/./node_modules/.pnpm/next@14.2.21_react-dom@18.3.1_react@18.3.1__react@18.3.1/node_modules/next/dist/client/components/layout-router.js:370:11)
    at InnerLayoutRouter (webpack-internal:///(app-pages-browser)/./node_modules/.pnpm/next@14.2.21_react-dom@18.3.1_react@18.3.1__react@18.3.1/node_modules/next/dist/client/components/layout-router.js:243:11)
    at RedirectErrorBoundary (webpack-internal:///(app-pages-browser)/./node_modules/.pnpm/next@14.2.21_react-dom@18.3.1_react@18.3.1__react@18.3.1/node_modules/next/dist/client/components/redirect-boundary.js:74:9)
    at RedirectBoundary (webpack-internal:///(app-pages-browser)/./node_modules/.pnpm/next@14.2.21_react-dom@18.3.1_react@18.3.1__react@18.3.1/node_modules/next/dist/client/components/redirect-boundary.js:82:11)
    at NotFoundBoundary (webpack-internal:///(app-pages-browser)/./node_modules/.pnpm/next@14.2.21_react-dom@18.3.1_react@18.3.1__react@18.3.1/node_modules/next/dist/client/components/not-found-boundary.js:84:11)
    at LoadingBoundary (webpack-internal:///(app-pages-browser)/./node_modules/.pnpm/next@14.2.21_react-dom@18.3.1_react@18.3.1__react@18.3.1/node_modules/next/dist/client/components/layout-router.js:349:11)
    at ErrorBoundary (webpack-internal:///(app-pages-browser)/./node_modules/.pnpm/next@14.2.21_react-dom@18.3.1_react@18.3.1__react@18.3.1/node_modules/next/dist/client/components/error-boundary.js:160:11)
    at InnerScrollAndFocusHandler (webpack-internal:///(app-pages-browser)/./node_modules/.pnpm/next@14.2.21_react-dom@18.3.1_react@18.3.1__react@18.3.1/node_modules/next/dist/client/components/layout-router.js:153:9)
    at ScrollAndFocusHandler (webpack-internal:///(app-pages-browser)/./node_modules/.pnpm/next@14.2.21_react-dom@18.3.1_react@18.3.1__react@18.3.1/node_modules/next/dist/client/components/layout-router.js:228:11)
    at RenderFromTemplateContext (webpack-internal:///(app-pages-browser)/./node_modules/.pnpm/next@14.2.21_react-dom@18.3.1_react@18.3.1__react@18.3.1/node_modules/next/dist/client/components/render-from-template-context.js:16:44)
    at OuterLayoutRouter (webpack-internal:///(app-pages-browser)/./node_modules/.pnpm/next@14.2.21_react-dom@18.3.1_react@18.3.1__react@18.3.1/node_modules/next/dist/client/components/layout-router.js:370:11)
    at main
    at div
    at div
    at InmobiliariaLayoutInner (webpack-internal:///(app-pages-browser)/./src/app/panel/inmobiliaria/layout.tsx:111:11)
    at SidebarProvider (webpack-internal:///(app-pages-browser)/./src/lib/context/SidebarContext.tsx:14:11)
    at I18nProvider (webpack-internal:///(app-pages-browser)/./src/lib/i18n/i18n-context.tsx:48:11)
    at ProtectedRoute (webpack-internal:///(app-pages-browser)/./src/components/auth/ProtectedRoute.tsx:29:11)
    at InmobiliariaLayout (webpack-internal:///(app-pages-browser)/./src/app/panel/inmobiliaria/layout.tsx:184:11)
    at InnerLayoutRouter (webpack-internal:///(app-pages-browser)/./node_modules/.pnpm/next@14.2.21_react-dom@18.3.1_react@18.3.1__react@18.3.1/node_modules/next/dist/client/components/layout-router.js:243:11)
    at RedirectErrorBoundary (webpack-internal:///(app-pages-browser)/./node_modules/.pnpm/next@14.2.21_react-dom@18.3.1_react@18.3.1__react@18.3.1/node_modules/next/dist/client/components/redirect-boundary.js:74:9)
    at RedirectBoundary (webpack-internal:///(app-pages-browser)/./node_modules/.pnpm/next@14.2.21_react-dom@18.3.1_react@18.3.1__react@18.3.1/node_modules/next/dist/client/components/redirect-boundary.js:82:11)
    at NotFoundBoundary (webpack-internal:///(app-pages-browser)/./node_modules/.pnpm/next@14.2.21_react-dom@18.3.1_react@18.3.1__react@18.3.1/node_modules/next/dist/client/components/not-found-boundary.js:84:11)
    at LoadingBoundary (webpack-internal:///(app-pages-browser)/./node_modules/.pnpm/next@14.2.21_react-dom@18.3.1_react@18.3.1__react@18.3.1/node_modules/next/dist/client/components/layout-router.js:349:11)
    at ErrorBoundary (webpack-internal:///(app-pages-browser)/./node_modules/.pnpm/next@14.2.21_react-dom@18.3.1_react@18.3.1__react@18.3.1/node_modules/next/dist/client/components/error-boundary.js:160:11)
    at InnerScrollAndFocusHandler (webpack-internal:///(app-pages-browser)/./node_modules/.pnpm/next@14.2.21_react-dom@18.3.1_react@18.3.1__react@18.3.1/node_modules/next/dist/client/components/layout-router.js:153:9)
    at ScrollAndFocusHandler (webpack-internal:///(app-pages-browser)/./node_modules/.pnpm/next@14.2.21_react-dom@18.3.1_react@18.3.1__react@18.3.1/node_modules/next/dist/client/components/layout-router.js:228:11)
    at RenderFromTemplateContext (webpack-internal:///(app-pages-browser)/./node_modules/.pnpm/next@14.2.21_react-dom@18.3.1_react@18.3.1__react@18.3.1/node_modules/next/dist/client/components/render-from-template-context.js:16:44)
    at OuterLayoutRouter (webpack-internal:///(app-pages-browser)/./node_modules/.pnpm/next@14.2.21_react-dom@18.3.1_react@18.3.1__react@18.3.1/node_modules/next/dist/client/components/layout-router.js:370:11)
    at InnerLayoutRouter (webpack-internal:///(app-pages-browser)/./node_modules/.pnpm/next@14.2.21_react-dom@18.3.1_react@18.3.1__react@18.3.1/node_modules/next/dist/client/components/layout-router.js:243:11)
    at RedirectErrorBoundary (webpack-internal:///(app-pages-browser)/./node_modules/.pnpm/next@14.2.21_react-dom@18.3.1_react@18.3.1__react@18.3.1/node_modules/next/dist/client/components/redirect-boundary.js:74:9)
    at RedirectBoundary (webpack-internal:///(app-pages-browser)/./node_modules/.pnpm/next@14.2.21_react-dom@18.3.1_react@18.3.1__react@18.3.1/node_modules/next/dist/client/components/redirect-boundary.js:82:11)
    at NotFoundErrorBoundary (webpack-internal:///(app-pages-browser)/./node_modules/.pnpm/next@14.2.21_react-dom@18.3.1_react@18.3.1__react@18.3.1/node_modules/next/dist/client/components/not-found-boundary.js:76:9)
    at NotFoundBoundary (webpack-internal:///(app-pages-browser)/./node_modules/.pnpm/next@14.2.21_react-dom@18.3.1_react@18.3.1__react@18.3.1/node_modules/next/dist/client/components/not-found-boundary.js:84:11)
    at LoadingBoundary (webpack-internal:///(app-pages-browser)/./node_modules/.pnpm/next@14.2.21_react-dom@18.3.1_react@18.3.1__react@18.3.1/node_modules/next/dist/client/components/layout-router.js:349:11)
    at ErrorBoundary (webpack-internal:///(app-pages-browser)/./node_modules/.pnpm/next@14.2.21_react-dom@18.3.1_react@18.3.1__react@18.3.1/node_modules/next/dist/client/components/error-boundary.js:160:11)
    at InnerScrollAndFocusHandler (webpack-internal:///(app-pages-browser)/./node_modules/.pnpm/next@14.2.21_react-dom@18.3.1_react@18.3.1__react@18.3.1/node_modules/next/dist/client/components/layout-router.js:153:9)
    at ScrollAndFocusHandler (webpack-internal:///(app-pages-browser)/./node_modules/.pnpm/next@14.2.21_react-dom@18.3.1_react@18.3.1__react@18.3.1/node_modules/next/dist/client/components/layout-router.js:228:11)
    at RenderFromTemplateContext (webpack-internal:///(app-pages-browser)/./node_modules/.pnpm/next@14.2.21_react-dom@18.3.1_react@18.3.1__react@18.3.1/node_modules/next/dist/client/components/render-from-template-context.js:16:44)
    at div
    at MotionDOMComponent (webpack-internal:///(app-pages-browser)/./node_modules/.pnpm/framer-motion@12.27.1_react-dom@18.3.1_react@18.3.1__react@18.3.1/node_modules/framer-motion/dist/es/motion/index.mjs:67:65)
    at PageTransition (webpack-internal:///(app-pages-browser)/./src/components/providers/PageTransition.tsx:13:11)
    at Template (webpack-internal:///(app-pages-browser)/./src/app/template.tsx:13:11)
    at OuterLayoutRouter (webpack-internal:///(app-pages-browser)/./node_modules/.pnpm/next@14.2.21_react-dom@18.3.1_react@18.3.1__react@18.3.1/node_modules/next/dist/client/components/layout-router.js:370:11)
    at SmoothScroll (webpack-internal:///(app-pages-browser)/./src/components/providers/SmoothScroll.tsx:36:11)
    at WishlistProvider (webpack-internal:///(app-pages-browser)/./src/lib/stores/wishlist.tsx:17:11)
    at AuthProvider (webpack-internal:///(app-pages-browser)/./src/lib/auth/auth-context.tsx:28:11)
    at V (webpack-internal:///(app-pages-browser)/./node_modules/.pnpm/next-themes@0.4.6_react-dom@18.3.1_react@18.3.1__react@18.3.1/node_modules/next-themes/dist/index.mjs:54:24)
    at J (webpack-internal:///(app-pages-browser)/./node_modules/.pnpm/next-themes@0.4.6_react-dom@18.3.1_react@18.3.1__react@18.3.1/node_modules/next-themes/dist/index.mjs:47:47)
    at ThemeProvider (webpack-internal:///(app-pages-browser)/./src/components/providers/ThemeProvider.tsx:10:11)
    at body
    at html
    at RootLayout (Server)
    at RedirectErrorBoundary (webpack-internal:///(app-pages-browser)/./node_modules/.pnpm/next@14.2.21_react-dom@18.3.1_react@18.3.1__react@18.3.1/node_modules/next/dist/client/components/redirect-boundary.js:74:9)
    at RedirectBoundary (webpack-internal:///(app-pages-browser)/./node_modules/.pnpm/next@14.2.21_react-dom@18.3.1_react@18.3.1__react@18.3.1/node_modules/next/dist/client/components/redirect-boundary.js:82:11)
    at NotFoundErrorBoundary (webpack-internal:///(app-pages-browser)/./node_modules/.pnpm/next@14.2.21_react-dom@18.3.1_react@18.3.1__react@18.3.1/node_modules/next/dist/client/components/not-found-boundary.js:76:9)
    at NotFoundBoundary (webpack-internal:///(app-pages-browser)/./node_modules/.pnpm/next@14.2.21_react-dom@18.3.1_react@18.3.1__react@18.3.1/node_modules/next/dist/client/components/not-found-boundary.js:84:11)
    at DevRootNotFoundBoundary (webpack-internal:///(app-pages-browser)/./node_modules/.pnpm/next@14.2.21_react-dom@18.3.1_react@18.3.1__react@18.3.1/node_modules/next/dist/client/components/dev-root-not-found-boundary.js:33:11)
    at ReactDevOverlay (webpack-internal:///(app-pages-browser)/./node_modules/.pnpm/next@14.2.21_react-dom@18.3.1_react@18.3.1__react@18.3.1/node_modules/next/dist/client/components/react-dev-overlay/app/ReactDevOverlay.js:87:9)
    at HotReload (webpack-internal:///(app-pages-browser)/./node_modules/.pnpm/next@14.2.21_react-dom@18.3.1_react@18.3.1__react@18.3.1/node_modules/next/dist/client/components/react-dev-overlay/app/hot-reloader-client.js:321:11)
    at Router (webpack-internal:///(app-pages-browser)/./node_modules/.pnpm/next@14.2.21_react-dom@18.3.1_react@18.3.1__react@18.3.1/node_modules/next/dist/client/components/app-router.js:207:11)
    at ErrorBoundaryHandler (webpack-internal:///(app-pages-browser)/./node_modules/.pnpm/next@14.2.21_react-dom@18.3.1_react@18.3.1__react@18.3.1/node_modules/next/dist/client/components/error-boundary.js:113:9)
    at ErrorBoundary (webpack-internal:///(app-pages-browser)/./node_modules/.pnpm/next@14.2.21_react-dom@18.3.1_react@18.3.1__react@18.3.1/node_modules/next/dist/client/components/error-boundary.js:160:11)
    at AppRouter (webpack-internal:///(app-pages-browser)/./node_modules/.pnpm/next@14.2.21_react-dom@18.3.1_react@18.3.1__react@18.3.1/node_modules/next/dist/client/components/app-router.js:585:13)
    at ServerRoot (webpack-internal:///(app-pages-browser)/./node_modules/.pnpm/next@14.2.21_react-dom@18.3.1_react@18.3.1__react@18.3.1/node_modules/next/dist/client/app-index.js:112:27)
    at Root (webpack-internal:///(app-pages-browser)/./node_modules/.pnpm/next@14.2.21_react-dom@18.3.1_react@18.3.1__react@18.3.1/node_modules/next/dist/client/app-index.js:117:11) @ webpack-internal:///(app-pages-browser)/./node_modules/.pnpm/next@14.2.21_react-dom@18.3.1_react@18.3.1__react@18.3.1/node_modules/next/dist/client/app-index.js:32
[  214893ms] ReferenceError: isRefreshing is not defined
    at AnalyticsPage (webpack-internal:///(app-pages-browser)/./src/app/panel/inmobiliaria/analytics/page.tsx:617:43)
    at renderWithHooks (webpack-internal:///(app-pages-browser)/./node_modules/.pnpm/next@14.2.21_react-dom@18.3.1_react@18.3.1__react@18.3.1/node_modules/next/dist/compiled/react-dom/cjs/react-dom.development.js:11121:18)
    at mountIndeterminateComponent (webpack-internal:///(app-pages-browser)/./node_modules/.pnpm/next@14.2.21_react-dom@18.3.1_react@18.3.1__react@18.3.1/node_modules/next/dist/compiled/react-dom/cjs/react-dom.development.js:16869:13)
    at beginWork$1 (webpack-internal:///(app-pages-browser)/./node_modules/.pnpm/next@14.2.21_react-dom@18.3.1_react@18.3.1__react@18.3.1/node_modules/next/dist/compiled/react-dom/cjs/react-dom.development.js:18458:16)
    at HTMLUnknownElement.callCallback (webpack-internal:///(app-pages-browser)/./node_modules/.pnpm/next@14.2.21_react-dom@18.3.1_react@18.3.1__react@18.3.1/node_modules/next/dist/compiled/react-dom/cjs/react-dom.development.js:20565:14)
    at Object.invokeGuardedCallbackImpl (webpack-internal:///(app-pages-browser)/./node_modules/.pnpm/next@14.2.21_react-dom@18.3.1_react@18.3.1__react@18.3.1/node_modules/next/dist/compiled/react-dom/cjs/react-dom.development.js:20614:16)
    at invokeGuardedCallback (webpack-internal:///(app-pages-browser)/./node_modules/.pnpm/next@14.2.21_react-dom@18.3.1_react@18.3.1__react@18.3.1/node_modules/next/dist/compiled/react-dom/cjs/react-dom.development.js:20689:29)
    at beginWork (webpack-internal:///(app-pages-browser)/./node_modules/.pnpm/next@14.2.21_react-dom@18.3.1_react@18.3.1__react@18.3.1/node_modules/next/dist/compiled/react-dom/cjs/react-dom.development.js:26949:7)
    at performUnitOfWork (webpack-internal:///(app-pages-browser)/./node_modules/.pnpm/next@14.2.21_react-dom@18.3.1_react@18.3.1__react@18.3.1/node_modules/next/dist/compiled/react-dom/cjs/react-dom.development.js:25748:12)
    at workLoopSync (webpack-internal:///(app-pages-browser)/./node_modules/.pnpm/next@14.2.21_react-dom@18.3.1_react@18.3.1__react@18.3.1/node_modules/next/dist/compiled/react-dom/cjs/react-dom.development.js:25464:5)
    at renderRootSync (webpack-internal:///(app-pages-browser)/./node_modules/.pnpm/next@14.2.21_react-dom@18.3.1_react@18.3.1__react@18.3.1/node_modules/next/dist/compiled/react-dom/cjs/react-dom.development.js:25419:7)
    at performConcurrentWorkOnRoot (webpack-internal:///(app-pages-browser)/./node_modules/.pnpm/next@14.2.21_react-dom@18.3.1_react@18.3.1__react@18.3.1/node_modules/next/dist/compiled/react-dom/cjs/react-dom.development.js:24504:74)
    at workLoop (webpack-internal:///(app-pages-browser)/./node_modules/.pnpm/next@14.2.21_react-dom@18.3.1_react@18.3.1__react@18.3.1/node_modules/next/dist/compiled/scheduler/cjs/scheduler.development.js:256:34)
    at flushWork (webpack-internal:///(app-pages-browser)/./node_modules/.pnpm/next@14.2.21_react-dom@18.3.1_react@18.3.1__react@18.3.1/node_modules/next/dist/compiled/scheduler/cjs/scheduler.development.js:225:14)
    at MessagePort.performWorkUntilDeadline (webpack-internal:///(app-pages-browser)/./node_modules/.pnpm/next@14.2.21_react-dom@18.3.1_react@18.3.1__react@18.3.1/node_modules/next/dist/compiled/scheduler/cjs/scheduler.development.js:534:21)
[  214893ms] ReferenceError: isRefreshing is not defined
    at AnalyticsPage (webpack-internal:///(app-pages-browser)/./src/app/panel/inmobiliaria/analytics/page.tsx:617:43)
    at renderWithHooks (webpack-internal:///(app-pages-browser)/./node_modules/.pnpm/next@14.2.21_react-dom@18.3.1_react@18.3.1__react@18.3.1/node_modules/next/dist/compiled/react-dom/cjs/react-dom.development.js:11121:18)
    at mountIndeterminateComponent (webpack-internal:///(app-pages-browser)/./node_modules/.pnpm/next@14.2.21_react-dom@18.3.1_react@18.3.1__react@18.3.1/node_modules/next/dist/compiled/react-dom/cjs/react-dom.development.js:16869:13)
    at beginWork$1 (webpack-internal:///(app-pages-browser)/./node_modules/.pnpm/next@14.2.21_react-dom@18.3.1_react@18.3.1__react@18.3.1/node_modules/next/dist/compiled/react-dom/cjs/react-dom.development.js:18458:16)
    at beginWork (webpack-internal:///(app-pages-browser)/./node_modules/.pnpm/next@14.2.21_react-dom@18.3.1_react@18.3.1__react@18.3.1/node_modules/next/dist/compiled/react-dom/cjs/react-dom.development.js:26927:14)
    at performUnitOfWork (webpack-internal:///(app-pages-browser)/./node_modules/.pnpm/next@14.2.21_react-dom@18.3.1_react@18.3.1__react@18.3.1/node_modules/next/dist/compiled/react-dom/cjs/react-dom.development.js:25748:12)
    at workLoopSync (webpack-internal:///(app-pages-browser)/./node_modules/.pnpm/next@14.2.21_react-dom@18.3.1_react@18.3.1__react@18.3.1/node_modules/next/dist/compiled/react-dom/cjs/react-dom.development.js:25464:5)
    at renderRootSync (webpack-internal:///(app-pages-browser)/./node_modules/.pnpm/next@14.2.21_react-dom@18.3.1_react@18.3.1__react@18.3.1/node_modules/next/dist/compiled/react-dom/cjs/react-dom.development.js:25419:7)
    at performConcurrentWorkOnRoot (webpack-internal:///(app-pages-browser)/./node_modules/.pnpm/next@14.2.21_react-dom@18.3.1_react@18.3.1__react@18.3.1/node_modules/next/dist/compiled/react-dom/cjs/react-dom.development.js:24504:74)
    at workLoop (webpack-internal:///(app-pages-browser)/./node_modules/.pnpm/next@14.2.21_react-dom@18.3.1_react@18.3.1__react@18.3.1/node_modules/next/dist/compiled/scheduler/cjs/scheduler.development.js:256:34)
    at flushWork (webpack-internal:///(app-pages-browser)/./node_modules/.pnpm/next@14.2.21_react-dom@18.3.1_react@18.3.1__react@18.3.1/node_modules/next/dist/compiled/scheduler/cjs/scheduler.development.js:225:14)
    at MessagePort.performWorkUntilDeadline (webpack-internal:///(app-pages-browser)/./node_modules/.pnpm/next@14.2.21_react-dom@18.3.1_react@18.3.1__react@18.3.1/node_modules/next/dist/compiled/scheduler/cjs/scheduler.development.js:534:21)
[  214894ms] ReferenceError: isRefreshing is not defined
    at AnalyticsPage (webpack-internal:///(app-pages-browser)/./src/app/panel/inmobiliaria/analytics/page.tsx:617:43)
    at renderWithHooks (webpack-internal:///(app-pages-browser)/./node_modules/.pnpm/next@14.2.21_react-dom@18.3.1_react@18.3.1__react@18.3.1/node_modules/next/dist/compiled/react-dom/cjs/react-dom.development.js:11121:18)
    at mountIndeterminateComponent (webpack-internal:///(app-pages-browser)/./node_modules/.pnpm/next@14.2.21_react-dom@18.3.1_react@18.3.1__react@18.3.1/node_modules/next/dist/compiled/react-dom/cjs/react-dom.development.js:16869:13)
    at beginWork$1 (webpack-internal:///(app-pages-browser)/./node_modules/.pnpm/next@14.2.21_react-dom@18.3.1_react@18.3.1__react@18.3.1/node_modules/next/dist/compiled/react-dom/cjs/react-dom.development.js:18458:16)
    at beginWork (webpack-internal:///(app-pages-browser)/./node_modules/.pnpm/next@14.2.21_react-dom@18.3.1_react@18.3.1__react@18.3.1/node_modules/next/dist/compiled/react-dom/cjs/react-dom.development.js:26927:14)
    at performUnitOfWork (webpack-internal:///(app-pages-browser)/./node_modules/.pnpm/next@14.2.21_react-dom@18.3.1_react@18.3.1__react@18.3.1/node_modules/next/dist/compiled/react-dom/cjs/react-dom.development.js:25748:12)
    at workLoopSync (webpack-internal:///(app-pages-browser)/./node_modules/.pnpm/next@14.2.21_react-dom@18.3.1_react@18.3.1__react@18.3.1/node_modules/next/dist/compiled/react-dom/cjs/react-dom.development.js:25464:5)
    at renderRootSync (webpack-internal:///(app-pages-browser)/./node_modules/.pnpm/next@14.2.21_react-dom@18.3.1_react@18.3.1__react@18.3.1/node_modules/next/dist/compiled/react-dom/cjs/react-dom.development.js:25419:7)
    at performConcurrentWorkOnRoot (webpack-internal:///(app-pages-browser)/./node_modules/.pnpm/next@14.2.21_react-dom@18.3.1_react@18.3.1__react@18.3.1/node_modules/next/dist/compiled/react-dom/cjs/react-dom.development.js:24504:74)
    at workLoop (webpack-internal:///(app-pages-browser)/./node_modules/.pnpm/next@14.2.21_react-dom@18.3.1_react@18.3.1__react@18.3.1/node_modules/next/dist/compiled/scheduler/cjs/scheduler.development.js:256:34)
    at flushWork (webpack-internal:///(app-pages-browser)/./node_modules/.pnpm/next@14.2.21_react-dom@18.3.1_react@18.3.1__react@18.3.1/node_modules/next/dist/compiled/scheduler/cjs/scheduler.development.js:225:14)
    at MessagePort.performWorkUntilDeadline (webpack-internal:///(app-pages-browser)/./node_modules/.pnpm/next@14.2.21_react-dom@18.3.1_react@18.3.1__react@18.3.1/node_modules/next/dist/compiled/scheduler/cjs/scheduler.development.js:534:21)
[  214894ms] ReferenceError: isRefreshing is not defined
    at AnalyticsPage (webpack-internal:///(app-pages-browser)/./src/app/panel/inmobiliaria/analytics/page.tsx:617:43)
    at renderWithHooks (webpack-internal:///(app-pages-browser)/./node_modules/.pnpm/next@14.2.21_react-dom@18.3.1_react@18.3.1__react@18.3.1/node_modules/next/dist/compiled/react-dom/cjs/react-dom.development.js:11121:18)
    at mountIndeterminateComponent (webpack-internal:///(app-pages-browser)/./node_modules/.pnpm/next@14.2.21_react-dom@18.3.1_react@18.3.1__react@18.3.1/node_modules/next/dist/compiled/react-dom/cjs/react-dom.development.js:16869:13)
    at beginWork$1 (webpack-internal:///(app-pages-browser)/./node_modules/.pnpm/next@14.2.21_react-dom@18.3.1_react@18.3.1__react@18.3.1/node_modules/next/dist/compiled/react-dom/cjs/react-dom.development.js:18458:16)
    at beginWork (webpack-internal:///(app-pages-browser)/./node_modules/.pnpm/next@14.2.21_react-dom@18.3.1_react@18.3.1__react@18.3.1/node_modules/next/dist/compiled/react-dom/cjs/react-dom.development.js:26927:14)
    at performUnitOfWork (webpack-internal:///(app-pages-browser)/./node_modules/.pnpm/next@14.2.21_react-dom@18.3.1_react@18.3.1__react@18.3.1/node_modules/next/dist/compiled/react-dom/cjs/react-dom.development.js:25748:12)
    at workLoopSync (webpack-internal:///(app-pages-browser)/./node_modules/.pnpm/next@14.2.21_react-dom@18.3.1_react@18.3.1__react@18.3.1/node_modules/next/dist/compiled/react-dom/cjs/react-dom.development.js:25464:5)
    at renderRootSync (webpack-internal:///(app-pages-browser)/./node_modules/.pnpm/next@14.2.21_react-dom@18.3.1_react@18.3.1__react@18.3.1/node_modules/next/dist/compiled/react-dom/cjs/react-dom.development.js:25419:7)
    at performConcurrentWorkOnRoot (webpack-internal:///(app-pages-browser)/./node_modules/.pnpm/next@14.2.21_react-dom@18.3.1_react@18.3.1__react@18.3.1/node_modules/next/dist/compiled/react-dom/cjs/react-dom.development.js:24504:74)
    at workLoop (webpack-internal:///(app-pages-browser)/./node_modules/.pnpm/next@14.2.21_react-dom@18.3.1_react@18.3.1__react@18.3.1/node_modules/next/dist/compiled/scheduler/cjs/scheduler.development.js:256:34)
    at flushWork (webpack-internal:///(app-pages-browser)/./node_modules/.pnpm/next@14.2.21_react-dom@18.3.1_react@18.3.1__react@18.3.1/node_modules/next/dist/compiled/scheduler/cjs/scheduler.development.js:225:14)
    at MessagePort.performWorkUntilDeadline (webpack-internal:///(app-pages-browser)/./node_modules/.pnpm/next@14.2.21_react-dom@18.3.1_react@18.3.1__react@18.3.1/node_modules/next/dist/compiled/scheduler/cjs/scheduler.development.js:534:21)
[  214894ms] ReferenceError: isRefreshing is not defined
    at AnalyticsPage (webpack-internal:///(app-pages-browser)/./src/app/panel/inmobiliaria/analytics/page.tsx:617:43)
    at renderWithHooks (webpack-internal:///(app-pages-browser)/./node_modules/.pnpm/next@14.2.21_react-dom@18.3.1_react@18.3.1__react@18.3.1/node_modules/next/dist/compiled/react-dom/cjs/react-dom.development.js:11121:18)
    at mountIndeterminateComponent (webpack-internal:///(app-pages-browser)/./node_modules/.pnpm/next@14.2.21_react-dom@18.3.1_react@18.3.1__react@18.3.1/node_modules/next/dist/compiled/react-dom/cjs/react-dom.development.js:16869:13)
    at beginWork$1 (webpack-internal:///(app-pages-browser)/./node_modules/.pnpm/next@14.2.21_react-dom@18.3.1_react@18.3.1__react@18.3.1/node_modules/next/dist/compiled/react-dom/cjs/react-dom.development.js:18458:16)
    at beginWork (webpack-internal:///(app-pages-browser)/./node_modules/.pnpm/next@14.2.21_react-dom@18.3.1_react@18.3.1__react@18.3.1/node_modules/next/dist/compiled/react-dom/cjs/react-dom.development.js:26927:14)
    at performUnitOfWork (webpack-internal:///(app-pages-browser)/./node_modules/.pnpm/next@14.2.21_react-dom@18.3.1_react@18.3.1__react@18.3.1/node_modules/next/dist/compiled/react-dom/cjs/react-dom.development.js:25748:12)
    at workLoopSync (webpack-internal:///(app-pages-browser)/./node_modules/.pnpm/next@14.2.21_react-dom@18.3.1_react@18.3.1__react@18.3.1/node_modules/next/dist/compiled/react-dom/cjs/react-dom.development.js:25464:5)
    at renderRootSync (webpack-internal:///(app-pages-browser)/./node_modules/.pnpm/next@14.2.21_react-dom@18.3.1_react@18.3.1__react@18.3.1/node_modules/next/dist/compiled/react-dom/cjs/react-dom.development.js:25419:7)
    at performConcurrentWorkOnRoot (webpack-internal:///(app-pages-browser)/./node_modules/.pnpm/next@14.2.21_react-dom@18.3.1_react@18.3.1__react@18.3.1/node_modules/next/dist/compiled/react-dom/cjs/react-dom.development.js:24504:74)
    at workLoop (webpack-internal:///(app-pages-browser)/./node_modules/.pnpm/next@14.2.21_react-dom@18.3.1_react@18.3.1__react@18.3.1/node_modules/next/dist/compiled/scheduler/cjs/scheduler.development.js:256:34)
    at flushWork (webpack-internal:///(app-pages-browser)/./node_modules/.pnpm/next@14.2.21_react-dom@18.3.1_react@18.3.1__react@18.3.1/node_modules/next/dist/compiled/scheduler/cjs/scheduler.development.js:225:14)
    at MessagePort.performWorkUntilDeadline (webpack-internal:///(app-pages-browser)/./node_modules/.pnpm/next@14.2.21_react-dom@18.3.1_react@18.3.1__react@18.3.1/node_modules/next/dist/compiled/scheduler/cjs/scheduler.development.js:534:21)
[  214894ms] ReferenceError: isRefreshing is not defined
    at AnalyticsPage (webpack-internal:///(app-pages-browser)/./src/app/panel/inmobiliaria/analytics/page.tsx:617:43)
    at renderWithHooks (webpack-internal:///(app-pages-browser)/./node_modules/.pnpm/next@14.2.21_react-dom@18.3.1_react@18.3.1__react@18.3.1/node_modules/next/dist/compiled/react-dom/cjs/react-dom.development.js:11121:18)
    at mountIndeterminateComponent (webpack-internal:///(app-pages-browser)/./node_modules/.pnpm/next@14.2.21_react-dom@18.3.1_react@18.3.1__react@18.3.1/node_modules/next/dist/compiled/react-dom/cjs/react-dom.development.js:16869:13)
    at beginWork$1 (webpack-internal:///(app-pages-browser)/./node_modules/.pnpm/next@14.2.21_react-dom@18.3.1_react@18.3.1__react@18.3.1/node_modules/next/dist/compiled/react-dom/cjs/react-dom.development.js:18458:16)
    at beginWork (webpack-internal:///(app-pages-browser)/./node_modules/.pnpm/next@14.2.21_react-dom@18.3.1_react@18.3.1__react@18.3.1/node_modules/next/dist/compiled/react-dom/cjs/react-dom.development.js:26927:14)
    at performUnitOfWork (webpack-internal:///(app-pages-browser)/./node_modules/.pnpm/next@14.2.21_react-dom@18.3.1_react@18.3.1__react@18.3.1/node_modules/next/dist/compiled/react-dom/cjs/react-dom.development.js:25748:12)
    at workLoopSync (webpack-internal:///(app-pages-browser)/./node_modules/.pnpm/next@14.2.21_react-dom@18.3.1_react@18.3.1__react@18.3.1/node_modules/next/dist/compiled/react-dom/cjs/react-dom.development.js:25464:5)
    at renderRootSync (webpack-internal:///(app-pages-browser)/./node_modules/.pnpm/next@14.2.21_react-dom@18.3.1_react@18.3.1__react@18.3.1/node_modules/next/dist/compiled/react-dom/cjs/react-dom.development.js:25419:7)
    at performConcurrentWorkOnRoot (webpack-internal:///(app-pages-browser)/./node_modules/.pnpm/next@14.2.21_react-dom@18.3.1_react@18.3.1__react@18.3.1/node_modules/next/dist/compiled/react-dom/cjs/react-dom.development.js:24504:74)
    at workLoop (webpack-internal:///(app-pages-browser)/./node_modules/.pnpm/next@14.2.21_react-dom@18.3.1_react@18.3.1__react@18.3.1/node_modules/next/dist/compiled/scheduler/cjs/scheduler.development.js:256:34)
    at flushWork (webpack-internal:///(app-pages-browser)/./node_modules/.pnpm/next@14.2.21_react-dom@18.3.1_react@18.3.1__react@18.3.1/node_modules/next/dist/compiled/scheduler/cjs/scheduler.development.js:225:14)
    at MessagePort.performWorkUntilDeadline (webpack-internal:///(app-pages-browser)/./node_modules/.pnpm/next@14.2.21_react-dom@18.3.1_react@18.3.1__react@18.3.1/node_modules/next/dist/compiled/scheduler/cjs/scheduler.development.js:534:21)
[  214895ms] ReferenceError: isRefreshing is not defined
    at AnalyticsPage (webpack-internal:///(app-pages-browser)/./src/app/panel/inmobiliaria/analytics/page.tsx:617:43)
    at renderWithHooks (webpack-internal:///(app-pages-browser)/./node_modules/.pnpm/next@14.2.21_react-dom@18.3.1_react@18.3.1__react@18.3.1/node_modules/next/dist/compiled/react-dom/cjs/react-dom.development.js:11121:18)
    at mountIndeterminateComponent (webpack-internal:///(app-pages-browser)/./node_modules/.pnpm/next@14.2.21_react-dom@18.3.1_react@18.3.1__react@18.3.1/node_modules/next/dist/compiled/react-dom/cjs/react-dom.development.js:16869:13)
    at beginWork$1 (webpack-internal:///(app-pages-browser)/./node_modules/.pnpm/next@14.2.21_react-dom@18.3.1_react@18.3.1__react@18.3.1/node_modules/next/dist/compiled/react-dom/cjs/react-dom.development.js:18458:16)
    at beginWork (webpack-internal:///(app-pages-browser)/./node_modules/.pnpm/next@14.2.21_react-dom@18.3.1_react@18.3.1__react@18.3.1/node_modules/next/dist/compiled/react-dom/cjs/react-dom.development.js:26927:14)
    at performUnitOfWork (webpack-internal:///(app-pages-browser)/./node_modules/.pnpm/next@14.2.21_react-dom@18.3.1_react@18.3.1__react@18.3.1/node_modules/next/dist/compiled/react-dom/cjs/react-dom.development.js:25748:12)
    at workLoopSync (webpack-internal:///(app-pages-browser)/./node_modules/.pnpm/next@14.2.21_react-dom@18.3.1_react@18.3.1__react@18.3.1/node_modules/next/dist/compiled/react-dom/cjs/react-dom.development.js:25464:5)
    at renderRootSync (webpack-internal:///(app-pages-browser)/./node_modules/.pnpm/next@14.2.21_react-dom@18.3.1_react@18.3.1__react@18.3.1/node_modules/next/dist/compiled/react-dom/cjs/react-dom.development.js:25419:7)
    at performConcurrentWorkOnRoot (webpack-internal:///(app-pages-browser)/./node_modules/.pnpm/next@14.2.21_react-dom@18.3.1_react@18.3.1__react@18.3.1/node_modules/next/dist/compiled/react-dom/cjs/react-dom.development.js:24504:74)
    at workLoop (webpack-internal:///(app-pages-browser)/./node_modules/.pnpm/next@14.2.21_react-dom@18.3.1_react@18.3.1__react@18.3.1/node_modules/next/dist/compiled/scheduler/cjs/scheduler.development.js:256:34)
    at flushWork (webpack-internal:///(app-pages-browser)/./node_modules/.pnpm/next@14.2.21_react-dom@18.3.1_react@18.3.1__react@18.3.1/node_modules/next/dist/compiled/scheduler/cjs/scheduler.development.js:225:14)
    at MessagePort.performWorkUntilDeadline (webpack-internal:///(app-pages-browser)/./node_modules/.pnpm/next@14.2.21_react-dom@18.3.1_react@18.3.1__react@18.3.1/node_modules/next/dist/compiled/scheduler/cjs/scheduler.development.js:534:21)
[  214895ms] ReferenceError: isRefreshing is not defined
    at AnalyticsPage (webpack-internal:///(app-pages-browser)/./src/app/panel/inmobiliaria/analytics/page.tsx:617:43)
    at renderWithHooks (webpack-internal:///(app-pages-browser)/./node_modules/.pnpm/next@14.2.21_react-dom@18.3.1_react@18.3.1__react@18.3.1/node_modules/next/dist/compiled/react-dom/cjs/react-dom.development.js:11121:18)
    at mountIndeterminateComponent (webpack-internal:///(app-pages-browser)/./node_modules/.pnpm/next@14.2.21_react-dom@18.3.1_react@18.3.1__react@18.3.1/node_modules/next/dist/compiled/react-dom/cjs/react-dom.development.js:16869:13)
    at beginWork$1 (webpack-internal:///(app-pages-browser)/./node_modules/.pnpm/next@14.2.21_react-dom@18.3.1_react@18.3.1__react@18.3.1/node_modules/next/dist/compiled/react-dom/cjs/react-dom.development.js:18458:16)
    at beginWork (webpack-internal:///(app-pages-browser)/./node_modules/.pnpm/next@14.2.21_react-dom@18.3.1_react@18.3.1__react@18.3.1/node_modules/next/dist/compiled/react-dom/cjs/react-dom.development.js:26927:14)
    at performUnitOfWork (webpack-internal:///(app-pages-browser)/./node_modules/.pnpm/next@14.2.21_react-dom@18.3.1_react@18.3.1__react@18.3.1/node_modules/next/dist/compiled/react-dom/cjs/react-dom.development.js:25748:12)
    at workLoopSync (webpack-internal:///(app-pages-browser)/./node_modules/.pnpm/next@14.2.21_react-dom@18.3.1_react@18.3.1__react@18.3.1/node_modules/next/dist/compiled/react-dom/cjs/react-dom.development.js:25464:5)
    at renderRootSync (webpack-internal:///(app-pages-browser)/./node_modules/.pnpm/next@14.2.21_react-dom@18.3.1_react@18.3.1__react@18.3.1/node_modules/next/dist/compiled/react-dom/cjs/react-dom.development.js:25419:7)
    at performConcurrentWorkOnRoot (webpack-internal:///(app-pages-browser)/./node_modules/.pnpm/next@14.2.21_react-dom@18.3.1_react@18.3.1__react@18.3.1/node_modules/next/dist/compiled/react-dom/cjs/react-dom.development.js:24504:74)
    at workLoop (webpack-internal:///(app-pages-browser)/./node_modules/.pnpm/next@14.2.21_react-dom@18.3.1_react@18.3.1__react@18.3.1/node_modules/next/dist/compiled/scheduler/cjs/scheduler.development.js:256:34)
    at flushWork (webpack-internal:///(app-pages-browser)/./node_modules/.pnpm/next@14.2.21_react-dom@18.3.1_react@18.3.1__react@18.3.1/node_modules/next/dist/compiled/scheduler/cjs/scheduler.development.js:225:14)
    at MessagePort.performWorkUntilDeadline (webpack-internal:///(app-pages-browser)/./node_modules/.pnpm/next@14.2.21_react-dom@18.3.1_react@18.3.1__react@18.3.1/node_modules/next/dist/compiled/scheduler/cjs/scheduler.development.js:534:21)
[  214916ms] ReferenceError: isRefreshing is not defined
    at AnalyticsPage (webpack-internal:///(app-pages-browser)/./src/app/panel/inmobiliaria/analytics/page.tsx:617:43)
    at renderWithHooks (webpack-internal:///(app-pages-browser)/./node_modules/.pnpm/next@14.2.21_react-dom@18.3.1_react@18.3.1__react@18.3.1/node_modules/next/dist/compiled/react-dom/cjs/react-dom.development.js:11121:18)
    at mountIndeterminateComponent (webpack-internal:///(app-pages-browser)/./node_modules/.pnpm/next@14.2.21_react-dom@18.3.1_react@18.3.1__react@18.3.1/node_modules/next/dist/compiled/react-dom/cjs/react-dom.development.js:16869:13)
    at beginWork$1 (webpack-internal:///(app-pages-browser)/./node_modules/.pnpm/next@14.2.21_react-dom@18.3.1_react@18.3.1__react@18.3.1/node_modules/next/dist/compiled/react-dom/cjs/react-dom.development.js:18458:16)
    at HTMLUnknownElement.callCallback (webpack-internal:///(app-pages-browser)/./node_modules/.pnpm/next@14.2.21_react-dom@18.3.1_react@18.3.1__react@18.3.1/node_modules/next/dist/compiled/react-dom/cjs/react-dom.development.js:20565:14)
    at Object.invokeGuardedCallbackImpl (webpack-internal:///(app-pages-browser)/./node_modules/.pnpm/next@14.2.21_react-dom@18.3.1_react@18.3.1__react@18.3.1/node_modules/next/dist/compiled/react-dom/cjs/react-dom.development.js:20614:16)
    at invokeGuardedCallback (webpack-internal:///(app-pages-browser)/./node_modules/.pnpm/next@14.2.21_react-dom@18.3.1_react@18.3.1__react@18.3.1/node_modules/next/dist/compiled/react-dom/cjs/react-dom.development.js:20689:29)
    at beginWork (webpack-internal:///(app-pages-browser)/./node_modules/.pnpm/next@14.2.21_react-dom@18.3.1_react@18.3.1__react@18.3.1/node_modules/next/dist/compiled/react-dom/cjs/react-dom.development.js:26949:7)
    at performUnitOfWork (webpack-internal:///(app-pages-browser)/./node_modules/.pnpm/next@14.2.21_react-dom@18.3.1_react@18.3.1__react@18.3.1/node_modules/next/dist/compiled/react-dom/cjs/react-dom.development.js:25748:12)
    at workLoopSync (webpack-internal:///(app-pages-browser)/./node_modules/.pnpm/next@14.2.21_react-dom@18.3.1_react@18.3.1__react@18.3.1/node_modules/next/dist/compiled/react-dom/cjs/react-dom.development.js:25464:5)
    at renderRootSync (webpack-internal:///(app-pages-browser)/./node_modules/.pnpm/next@14.2.21_react-dom@18.3.1_react@18.3.1__react@18.3.1/node_modules/next/dist/compiled/react-dom/cjs/react-dom.development.js:25419:7)
    at recoverFromConcurrentError (webpack-internal:///(app-pages-browser)/./node_modules/.pnpm/next@14.2.21_react-dom@18.3.1_react@18.3.1__react@18.3.1/node_modules/next/dist/compiled/react-dom/cjs/react-dom.development.js:24597:20)
    at performConcurrentWorkOnRoot (webpack-internal:///(app-pages-browser)/./node_modules/.pnpm/next@14.2.21_react-dom@18.3.1_react@18.3.1__react@18.3.1/node_modules/next/dist/compiled/react-dom/cjs/react-dom.development.js:24542:26)
    at workLoop (webpack-internal:///(app-pages-browser)/./node_modules/.pnpm/next@14.2.21_react-dom@18.3.1_react@18.3.1__react@18.3.1/node_modules/next/dist/compiled/scheduler/cjs/scheduler.development.js:256:34)
    at flushWork (webpack-internal:///(app-pages-browser)/./node_modules/.pnpm/next@14.2.21_react-dom@18.3.1_react@18.3.1__react@18.3.1/node_modules/next/dist/compiled/scheduler/cjs/scheduler.development.js:225:14)
    at MessagePort.performWorkUntilDeadline (webpack-internal:///(app-pages-browser)/./node_modules/.pnpm/next@14.2.21_react-dom@18.3.1_react@18.3.1__react@18.3.1/node_modules/next/dist/compiled/scheduler/cjs/scheduler.development.js:534:21)
[  214919ms] ReferenceError: isRefreshing is not defined
    at AnalyticsPage (webpack-internal:///(app-pages-browser)/./src/app/panel/inmobiliaria/analytics/page.tsx:617:43)
    at renderWithHooks (webpack-internal:///(app-pages-browser)/./node_modules/.pnpm/next@14.2.21_react-dom@18.3.1_react@18.3.1__react@18.3.1/node_modules/next/dist/compiled/react-dom/cjs/react-dom.development.js:11121:18)
    at mountIndeterminateComponent (webpack-internal:///(app-pages-browser)/./node_modules/.pnpm/next@14.2.21_react-dom@18.3.1_react@18.3.1__react@18.3.1/node_modules/next/dist/compiled/react-dom/cjs/react-dom.development.js:16869:13)
    at beginWork$1 (webpack-internal:///(app-pages-browser)/./node_modules/.pnpm/next@14.2.21_react-dom@18.3.1_react@18.3.1__react@18.3.1/node_modules/next/dist/compiled/react-dom/cjs/react-dom.development.js:18458:16)
    at beginWork (webpack-internal:///(app-pages-browser)/./node_modules/.pnpm/next@14.2.21_react-dom@18.3.1_react@18.3.1__react@18.3.1/node_modules/next/dist/compiled/react-dom/cjs/react-dom.development.js:26927:14)
    at performUnitOfWork (webpack-internal:///(app-pages-browser)/./node_modules/.pnpm/next@14.2.21_react-dom@18.3.1_react@18.3.1__react@18.3.1/node_modules/next/dist/compiled/react-dom/cjs/react-dom.development.js:25748:12)
    at workLoopSync (webpack-internal:///(app-pages-browser)/./node_modules/.pnpm/next@14.2.21_react-dom@18.3.1_react@18.3.1__react@18.3.1/node_modules/next/dist/compiled/react-dom/cjs/react-dom.development.js:25464:5)
    at renderRootSync (webpack-internal:///(app-pages-browser)/./node_modules/.pnpm/next@14.2.21_react-dom@18.3.1_react@18.3.1__react@18.3.1/node_modules/next/dist/compiled/react-dom/cjs/react-dom.development.js:25419:7)
    at recoverFromConcurrentError (webpack-internal:///(app-pages-browser)/./node_modules/.pnpm/next@14.2.21_react-dom@18.3.1_react@18.3.1__react@18.3.1/node_modules/next/dist/compiled/react-dom/cjs/react-dom.development.js:24597:20)
    at performConcurrentWorkOnRoot (webpack-internal:///(app-pages-browser)/./node_modules/.pnpm/next@14.2.21_react-dom@18.3.1_react@18.3.1__react@18.3.1/node_modules/next/dist/compiled/react-dom/cjs/react-dom.development.js:24542:26)
    at workLoop (webpack-internal:///(app-pages-browser)/./node_modules/.pnpm/next@14.2.21_react-dom@18.3.1_react@18.3.1__react@18.3.1/node_modules/next/dist/compiled/scheduler/cjs/scheduler.development.js:256:34)
    at flushWork (webpack-internal:///(app-pages-browser)/./node_modules/.pnpm/next@14.2.21_react-dom@18.3.1_react@18.3.1__react@18.3.1/node_modules/next/dist/compiled/scheduler/cjs/scheduler.development.js:225:14)
    at MessagePort.performWorkUntilDeadline (webpack-internal:///(app-pages-browser)/./node_modules/.pnpm/next@14.2.21_react-dom@18.3.1_react@18.3.1__react@18.3.1/node_modules/next/dist/compiled/scheduler/cjs/scheduler.development.js:534:21)
[  214922ms] ReferenceError: isRefreshing is not defined
    at AnalyticsPage (webpack-internal:///(app-pages-browser)/./src/app/panel/inmobiliaria/analytics/page.tsx:617:43)
    at renderWithHooks (webpack-internal:///(app-pages-browser)/./node_modules/.pnpm/next@14.2.21_react-dom@18.3.1_react@18.3.1__react@18.3.1/node_modules/next/dist/compiled/react-dom/cjs/react-dom.development.js:11121:18)
    at mountIndeterminateComponent (webpack-internal:///(app-pages-browser)/./node_modules/.pnpm/next@14.2.21_react-dom@18.3.1_react@18.3.1__react@18.3.1/node_modules/next/dist/compiled/react-dom/cjs/react-dom.development.js:16869:13)
    at beginWork$1 (webpack-internal:///(app-pages-browser)/./node_modules/.pnpm/next@14.2.21_react-dom@18.3.1_react@18.3.1__react@18.3.1/node_modules/next/dist/compiled/react-dom/cjs/react-dom.development.js:18458:16)
    at beginWork (webpack-internal:///(app-pages-browser)/./node_modules/.pnpm/next@14.2.21_react-dom@18.3.1_react@18.3.1__react@18.3.1/node_modules/next/dist/compiled/react-dom/cjs/react-dom.development.js:26927:14)
    at performUnitOfWork (webpack-internal:///(app-pages-browser)/./node_modules/.pnpm/next@14.2.21_react-dom@18.3.1_react@18.3.1__react@18.3.1/node_modules/next/dist/compiled/react-dom/cjs/react-dom.development.js:25748:12)
    at workLoopSync (webpack-internal:///(app-pages-browser)/./node_modules/.pnpm/next@14.2.21_react-dom@18.3.1_react@18.3.1__react@18.3.1/node_modules/next/dist/compiled/react-dom/cjs/react-dom.development.js:25464:5)
    at renderRootSync (webpack-internal:///(app-pages-browser)/./node_modules/.pnpm/next@14.2.21_react-dom@18.3.1_react@18.3.1__react@18.3.1/node_modules/next/dist/compiled/react-dom/cjs/react-dom.development.js:25419:7)
    at recoverFromConcurrentError (webpack-internal:///(app-pages-browser)/./node_modules/.pnpm/next@14.2.21_react-dom@18.3.1_react@18.3.1__react@18.3.1/node_modules/next/dist/compiled/react-dom/cjs/react-dom.development.js:24597:20)
    at performConcurrentWorkOnRoot (webpack-internal:///(app-pages-browser)/./node_modules/.pnpm/next@14.2.21_react-dom@18.3.1_react@18.3.1__react@18.3.1/node_modules/next/dist/compiled/react-dom/cjs/react-dom.development.js:24542:26)
    at workLoop (webpack-internal:///(app-pages-browser)/./node_modules/.pnpm/next@14.2.21_react-dom@18.3.1_react@18.3.1__react@18.3.1/node_modules/next/dist/compiled/scheduler/cjs/scheduler.development.js:256:34)
    at flushWork (webpack-internal:///(app-pages-browser)/./node_modules/.pnpm/next@14.2.21_react-dom@18.3.1_react@18.3.1__react@18.3.1/node_modules/next/dist/compiled/scheduler/cjs/scheduler.development.js:225:14)
    at MessagePort.performWorkUntilDeadline (webpack-internal:///(app-pages-browser)/./node_modules/.pnpm/next@14.2.21_react-dom@18.3.1_react@18.3.1__react@18.3.1/node_modules/next/dist/compiled/scheduler/cjs/scheduler.development.js:534:21)
[  214922ms] ReferenceError: isRefreshing is not defined
    at AnalyticsPage (webpack-internal:///(app-pages-browser)/./src/app/panel/inmobiliaria/analytics/page.tsx:617:43)
    at renderWithHooks (webpack-internal:///(app-pages-browser)/./node_modules/.pnpm/next@14.2.21_react-dom@18.3.1_react@18.3.1__react@18.3.1/node_modules/next/dist/compiled/react-dom/cjs/react-dom.development.js:11121:18)
    at mountIndeterminateComponent (webpack-internal:///(app-pages-browser)/./node_modules/.pnpm/next@14.2.21_react-dom@18.3.1_react@18.3.1__react@18.3.1/node_modules/next/dist/compiled/react-dom/cjs/react-dom.development.js:16869:13)
    at beginWork$1 (webpack-internal:///(app-pages-browser)/./node_modules/.pnpm/next@14.2.21_react-dom@18.3.1_react@18.3.1__react@18.3.1/node_modules/next/dist/compiled/react-dom/cjs/react-dom.development.js:18458:16)
    at beginWork (webpack-internal:///(app-pages-browser)/./node_modules/.pnpm/next@14.2.21_react-dom@18.3.1_react@18.3.1__react@18.3.1/node_modules/next/dist/compiled/react-dom/cjs/react-dom.development.js:26927:14)
    at performUnitOfWork (webpack-internal:///(app-pages-browser)/./node_modules/.pnpm/next@14.2.21_react-dom@18.3.1_react@18.3.1__react@18.3.1/node_modules/next/dist/compiled/react-dom/cjs/react-dom.development.js:25748:12)
    at workLoopSync (webpack-internal:///(app-pages-browser)/./node_modules/.pnpm/next@14.2.21_react-dom@18.3.1_react@18.3.1__react@18.3.1/node_modules/next/dist/compiled/react-dom/cjs/react-dom.development.js:25464:5)
    at renderRootSync (webpack-internal:///(app-pages-browser)/./node_modules/.pnpm/next@14.2.21_react-dom@18.3.1_react@18.3.1__react@18.3.1/node_modules/next/dist/compiled/react-dom/cjs/react-dom.development.js:25419:7)
    at recoverFromConcurrentError (webpack-internal:///(app-pages-browser)/./node_modules/.pnpm/next@14.2.21_react-dom@18.3.1_react@18.3.1__react@18.3.1/node_modules/next/dist/compiled/react-dom/cjs/react-dom.development.js:24597:20)
    at performConcurrentWorkOnRoot (webpack-internal:///(app-pages-browser)/./node_modules/.pnpm/next@14.2.21_react-dom@18.3.1_react@18.3.1__react@18.3.1/node_modules/next/dist/compiled/react-dom/cjs/react-dom.development.js:24542:26)
    at workLoop (webpack-internal:///(app-pages-browser)/./node_modules/.pnpm/next@14.2.21_react-dom@18.3.1_react@18.3.1__react@18.3.1/node_modules/next/dist/compiled/scheduler/cjs/scheduler.development.js:256:34)
    at flushWork (webpack-internal:///(app-pages-browser)/./node_modules/.pnpm/next@14.2.21_react-dom@18.3.1_react@18.3.1__react@18.3.1/node_modules/next/dist/compiled/scheduler/cjs/scheduler.development.js:225:14)
    at MessagePort.performWorkUntilDeadline (webpack-internal:///(app-pages-browser)/./node_modules/.pnpm/next@14.2.21_react-dom@18.3.1_react@18.3.1__react@18.3.1/node_modules/next/dist/compiled/scheduler/cjs/scheduler.development.js:534:21)
[  214923ms] ReferenceError: isRefreshing is not defined
    at AnalyticsPage (webpack-internal:///(app-pages-browser)/./src/app/panel/inmobiliaria/analytics/page.tsx:617:43)
    at renderWithHooks (webpack-internal:///(app-pages-browser)/./node_modules/.pnpm/next@14.2.21_react-dom@18.3.1_react@18.3.1__react@18.3.1/node_modules/next/dist/compiled/react-dom/cjs/react-dom.development.js:11121:18)
    at mountIndeterminateComponent (webpack-internal:///(app-pages-browser)/./node_modules/.pnpm/next@14.2.21_react-dom@18.3.1_react@18.3.1__react@18.3.1/node_modules/next/dist/compiled/react-dom/cjs/react-dom.development.js:16869:13)
    at beginWork$1 (webpack-internal:///(app-pages-browser)/./node_modules/.pnpm/next@14.2.21_react-dom@18.3.1_react@18.3.1__react@18.3.1/node_modules/next/dist/compiled/react-dom/cjs/react-dom.development.js:18458:16)
    at beginWork (webpack-internal:///(app-pages-browser)/./node_modules/.pnpm/next@14.2.21_react-dom@18.3.1_react@18.3.1__react@18.3.1/node_modules/next/dist/compiled/react-dom/cjs/react-dom.development.js:26927:14)
    at performUnitOfWork (webpack-internal:///(app-pages-browser)/./node_modules/.pnpm/next@14.2.21_react-dom@18.3.1_react@18.3.1__react@18.3.1/node_modules/next/dist/compiled/react-dom/cjs/react-dom.development.js:25748:12)
    at workLoopSync (webpack-internal:///(app-pages-browser)/./node_modules/.pnpm/next@14.2.21_react-dom@18.3.1_react@18.3.1__react@18.3.1/node_modules/next/dist/compiled/react-dom/cjs/react-dom.development.js:25464:5)
    at renderRootSync (webpack-internal:///(app-pages-browser)/./node_modules/.pnpm/next@14.2.21_react-dom@18.3.1_react@18.3.1__react@18.3.1/node_modules/next/dist/compiled/react-dom/cjs/react-dom.development.js:25419:7)
    at recoverFromConcurrentError (webpack-internal:///(app-pages-browser)/./node_modules/.pnpm/next@14.2.21_react-dom@18.3.1_react@18.3.1__react@18.3.1/node_modules/next/dist/compiled/react-dom/cjs/react-dom.development.js:24597:20)
    at performConcurrentWorkOnRoot (webpack-internal:///(app-pages-browser)/./node_modules/.pnpm/next@14.2.21_react-dom@18.3.1_react@18.3.1__react@18.3.1/node_modules/next/dist/compiled/react-dom/cjs/react-dom.development.js:24542:26)
    at workLoop (webpack-internal:///(app-pages-browser)/./node_modules/.pnpm/next@14.2.21_react-dom@18.3.1_react@18.3.1__react@18.3.1/node_modules/next/dist/compiled/scheduler/cjs/scheduler.development.js:256:34)
    at flushWork (webpack-internal:///(app-pages-browser)/./node_modules/.pnpm/next@14.2.21_react-dom@18.3.1_react@18.3.1__react@18.3.1/node_modules/next/dist/compiled/scheduler/cjs/scheduler.development.js:225:14)
    at MessagePort.performWorkUntilDeadline (webpack-internal:///(app-pages-browser)/./node_modules/.pnpm/next@14.2.21_react-dom@18.3.1_react@18.3.1__react@18.3.1/node_modules/next/dist/compiled/scheduler/cjs/scheduler.development.js:534:21)
[  214923ms] ReferenceError: isRefreshing is not defined
    at AnalyticsPage (webpack-internal:///(app-pages-browser)/./src/app/panel/inmobiliaria/analytics/page.tsx:617:43)
    at renderWithHooks (webpack-internal:///(app-pages-browser)/./node_modules/.pnpm/next@14.2.21_react-dom@18.3.1_react@18.3.1__react@18.3.1/node_modules/next/dist/compiled/react-dom/cjs/react-dom.development.js:11121:18)
    at mountIndeterminateComponent (webpack-internal:///(app-pages-browser)/./node_modules/.pnpm/next@14.2.21_react-dom@18.3.1_react@18.3.1__react@18.3.1/node_modules/next/dist/compiled/react-dom/cjs/react-dom.development.js:16869:13)
    at beginWork$1 (webpack-internal:///(app-pages-browser)/./node_modules/.pnpm/next@14.2.21_react-dom@18.3.1_react@18.3.1__react@18.3.1/node_modules/next/dist/compiled/react-dom/cjs/react-dom.development.js:18458:16)
    at beginWork (webpack-internal:///(app-pages-browser)/./node_modules/.pnpm/next@14.2.21_react-dom@18.3.1_react@18.3.1__react@18.3.1/node_modules/next/dist/compiled/react-dom/cjs/react-dom.development.js:26927:14)
    at performUnitOfWork (webpack-internal:///(app-pages-browser)/./node_modules/.pnpm/next@14.2.21_react-dom@18.3.1_react@18.3.1__react@18.3.1/node_modules/next/dist/compiled/react-dom/cjs/react-dom.development.js:25748:12)
    at workLoopSync (webpack-internal:///(app-pages-browser)/./node_modules/.pnpm/next@14.2.21_react-dom@18.3.1_react@18.3.1__react@18.3.1/node_modules/next/dist/compiled/react-dom/cjs/react-dom.development.js:25464:5)
    at renderRootSync (webpack-internal:///(app-pages-browser)/./node_modules/.pnpm/next@14.2.21_react-dom@18.3.1_react@18.3.1__react@18.3.1/node_modules/next/dist/compiled/react-dom/cjs/react-dom.development.js:25419:7)
    at recoverFromConcurrentError (webpack-internal:///(app-pages-browser)/./node_modules/.pnpm/next@14.2.21_react-dom@18.3.1_react@18.3.1__react@18.3.1/node_modules/next/dist/compiled/react-dom/cjs/react-dom.development.js:24597:20)
    at performConcurrentWorkOnRoot (webpack-internal:///(app-pages-browser)/./node_modules/.pnpm/next@14.2.21_react-dom@18.3.1_react@18.3.1__react@18.3.1/node_modules/next/dist/compiled/react-dom/cjs/react-dom.development.js:24542:26)
    at workLoop (webpack-internal:///(app-pages-browser)/./node_modules/.pnpm/next@14.2.21_react-dom@18.3.1_react@18.3.1__react@18.3.1/node_modules/next/dist/compiled/scheduler/cjs/scheduler.development.js:256:34)
    at flushWork (webpack-internal:///(app-pages-browser)/./node_modules/.pnpm/next@14.2.21_react-dom@18.3.1_react@18.3.1__react@18.3.1/node_modules/next/dist/compiled/scheduler/cjs/scheduler.development.js:225:14)
    at MessagePort.performWorkUntilDeadline (webpack-internal:///(app-pages-browser)/./node_modules/.pnpm/next@14.2.21_react-dom@18.3.1_react@18.3.1__react@18.3.1/node_modules/next/dist/compiled/scheduler/cjs/scheduler.development.js:534:21)
[  214924ms] ReferenceError: isRefreshing is not defined
    at AnalyticsPage (webpack-internal:///(app-pages-browser)/./src/app/panel/inmobiliaria/analytics/page.tsx:617:43)
    at renderWithHooks (webpack-internal:///(app-pages-browser)/./node_modules/.pnpm/next@14.2.21_react-dom@18.3.1_react@18.3.1__react@18.3.1/node_modules/next/dist/compiled/react-dom/cjs/react-dom.development.js:11121:18)
    at mountIndeterminateComponent (webpack-internal:///(app-pages-browser)/./node_modules/.pnpm/next@14.2.21_react-dom@18.3.1_react@18.3.1__react@18.3.1/node_modules/next/dist/compiled/react-dom/cjs/react-dom.development.js:16869:13)
    at beginWork$1 (webpack-internal:///(app-pages-browser)/./node_modules/.pnpm/next@14.2.21_react-dom@18.3.1_react@18.3.1__react@18.3.1/node_modules/next/dist/compiled/react-dom/cjs/react-dom.development.js:18458:16)
    at beginWork (webpack-internal:///(app-pages-browser)/./node_modules/.pnpm/next@14.2.21_react-dom@18.3.1_react@18.3.1__react@18.3.1/node_modules/next/dist/compiled/react-dom/cjs/react-dom.development.js:26927:14)
    at performUnitOfWork (webpack-internal:///(app-pages-browser)/./node_modules/.pnpm/next@14.2.21_react-dom@18.3.1_react@18.3.1__react@18.3.1/node_modules/next/dist/compiled/react-dom/cjs/react-dom.development.js:25748:12)
    at workLoopSync (webpack-internal:///(app-pages-browser)/./node_modules/.pnpm/next@14.2.21_react-dom@18.3.1_react@18.3.1__react@18.3.1/node_modules/next/dist/compiled/react-dom/cjs/react-dom.development.js:25464:5)
    at renderRootSync (webpack-internal:///(app-pages-browser)/./node_modules/.pnpm/next@14.2.21_react-dom@18.3.1_react@18.3.1__react@18.3.1/node_modules/next/dist/compiled/react-dom/cjs/react-dom.development.js:25419:7)
    at recoverFromConcurrentError (webpack-internal:///(app-pages-browser)/./node_modules/.pnpm/next@14.2.21_react-dom@18.3.1_react@18.3.1__react@18.3.1/node_modules/next/dist/compiled/react-dom/cjs/react-dom.development.js:24597:20)
    at performConcurrentWorkOnRoot (webpack-internal:///(app-pages-browser)/./node_modules/.pnpm/next@14.2.21_react-dom@18.3.1_react@18.3.1__react@18.3.1/node_modules/next/dist/compiled/react-dom/cjs/react-dom.development.js:24542:26)
    at workLoop (webpack-internal:///(app-pages-browser)/./node_modules/.pnpm/next@14.2.21_react-dom@18.3.1_react@18.3.1__react@18.3.1/node_modules/next/dist/compiled/scheduler/cjs/scheduler.development.js:256:34)
    at flushWork (webpack-internal:///(app-pages-browser)/./node_modules/.pnpm/next@14.2.21_react-dom@18.3.1_react@18.3.1__react@18.3.1/node_modules/next/dist/compiled/scheduler/cjs/scheduler.development.js:225:14)
    at MessagePort.performWorkUntilDeadline (webpack-internal:///(app-pages-browser)/./node_modules/.pnpm/next@14.2.21_react-dom@18.3.1_react@18.3.1__react@18.3.1/node_modules/next/dist/compiled/scheduler/cjs/scheduler.development.js:534:21)
[  214924ms] ReferenceError: isRefreshing is not defined
    at AnalyticsPage (webpack-internal:///(app-pages-browser)/./src/app/panel/inmobiliaria/analytics/page.tsx:617:43)
    at renderWithHooks (webpack-internal:///(app-pages-browser)/./node_modules/.pnpm/next@14.2.21_react-dom@18.3.1_react@18.3.1__react@18.3.1/node_modules/next/dist/compiled/react-dom/cjs/react-dom.development.js:11121:18)
    at mountIndeterminateComponent (webpack-internal:///(app-pages-browser)/./node_modules/.pnpm/next@14.2.21_react-dom@18.3.1_react@18.3.1__react@18.3.1/node_modules/next/dist/compiled/react-dom/cjs/react-dom.development.js:16869:13)
    at beginWork$1 (webpack-internal:///(app-pages-browser)/./node_modules/.pnpm/next@14.2.21_react-dom@18.3.1_react@18.3.1__react@18.3.1/node_modules/next/dist/compiled/react-dom/cjs/react-dom.development.js:18458:16)
    at beginWork (webpack-internal:///(app-pages-browser)/./node_modules/.pnpm/next@14.2.21_react-dom@18.3.1_react@18.3.1__react@18.3.1/node_modules/next/dist/compiled/react-dom/cjs/react-dom.development.js:26927:14)
    at performUnitOfWork (webpack-internal:///(app-pages-browser)/./node_modules/.pnpm/next@14.2.21_react-dom@18.3.1_react@18.3.1__react@18.3.1/node_modules/next/dist/compiled/react-dom/cjs/react-dom.development.js:25748:12)
    at workLoopSync (webpack-internal:///(app-pages-browser)/./node_modules/.pnpm/next@14.2.21_react-dom@18.3.1_react@18.3.1__react@18.3.1/node_modules/next/dist/compiled/react-dom/cjs/react-dom.development.js:25464:5)
    at renderRootSync (webpack-internal:///(app-pages-browser)/./node_modules/.pnpm/next@14.2.21_react-dom@18.3.1_react@18.3.1__react@18.3.1/node_modules/next/dist/compiled/react-dom/cjs/react-dom.development.js:25419:7)
    at recoverFromConcurrentError (webpack-internal:///(app-pages-browser)/./node_modules/.pnpm/next@14.2.21_react-dom@18.3.1_react@18.3.1__react@18.3.1/node_modules/next/dist/compiled/react-dom/cjs/react-dom.development.js:24597:20)
    at performConcurrentWorkOnRoot (webpack-internal:///(app-pages-browser)/./node_modules/.pnpm/next@14.2.21_react-dom@18.3.1_react@18.3.1__react@18.3.1/node_modules/next/dist/compiled/react-dom/cjs/react-dom.development.js:24542:26)
    at workLoop (webpack-internal:///(app-pages-browser)/./node_modules/.pnpm/next@14.2.21_react-dom@18.3.1_react@18.3.1__react@18.3.1/node_modules/next/dist/compiled/scheduler/cjs/scheduler.development.js:256:34)
    at flushWork (webpack-internal:///(app-pages-browser)/./node_modules/.pnpm/next@14.2.21_react-dom@18.3.1_react@18.3.1__react@18.3.1/node_modules/next/dist/compiled/scheduler/cjs/scheduler.development.js:225:14)
    at MessagePort.performWorkUntilDeadline (webpack-internal:///(app-pages-browser)/./node_modules/.pnpm/next@14.2.21_react-dom@18.3.1_react@18.3.1__react@18.3.1/node_modules/next/dist/compiled/scheduler/cjs/scheduler.development.js:534:21)
[  214925ms] [ERROR] The above error occurred in the <NotFoundErrorBoundary> component:

    at AnalyticsPage (webpack-internal:///(app-pages-browser)/./src/app/panel/inmobiliaria/analytics/page.tsx:422:88)
    at ClientPageRoot (webpack-internal:///(app-pages-browser)/./node_modules/.pnpm/next@14.2.21_react-dom@18.3.1_react@18.3.1__react@18.3.1/node_modules/next/dist/client/components/client-page.js:14:11)
    at InnerLayoutRouter (webpack-internal:///(app-pages-browser)/./node_modules/.pnpm/next@14.2.21_react-dom@18.3.1_react@18.3.1__react@18.3.1/node_modules/next/dist/client/components/layout-router.js:243:11)
    at RedirectErrorBoundary (webpack-internal:///(app-pages-browser)/./node_modules/.pnpm/next@14.2.21_react-dom@18.3.1_react@18.3.1__react@18.3.1/node_modules/next/dist/client/components/redirect-boundary.js:74:9)
    at RedirectBoundary (webpack-internal:///(app-pages-browser)/./node_modules/.pnpm/next@14.2.21_react-dom@18.3.1_react@18.3.1__react@18.3.1/node_modules/next/dist/client/components/redirect-boundary.js:82:11)
    at NotFoundBoundary (webpack-internal:///(app-pages-browser)/./node_modules/.pnpm/next@14.2.21_react-dom@18.3.1_react@18.3.1__react@18.3.1/node_modules/next/dist/client/components/not-found-boundary.js:84:11)
    at LoadingBoundary (webpack-internal:///(app-pages-browser)/./node_modules/.pnpm/next@14.2.21_react-dom@18.3.1_react@18.3.1__react@18.3.1/node_modules/next/dist/client/components/layout-router.js:349:11)
    at ErrorBoundary (webpack-internal:///(app-pages-browser)/./node_modules/.pnpm/next@14.2.21_react-dom@18.3.1_react@18.3.1__react@18.3.1/node_modules/next/dist/client/components/error-boundary.js:160:11)
    at InnerScrollAndFocusHandler (webpack-internal:///(app-pages-browser)/./node_modules/.pnpm/next@14.2.21_react-dom@18.3.1_react@18.3.1__react@18.3.1/node_modules/next/dist/client/components/layout-router.js:153:9)
    at ScrollAndFocusHandler (webpack-internal:///(app-pages-browser)/./node_modules/.pnpm/next@14.2.21_react-dom@18.3.1_react@18.3.1__react@18.3.1/node_modules/next/dist/client/components/layout-router.js:228:11)
    at RenderFromTemplateContext (webpack-internal:///(app-pages-browser)/./node_modules/.pnpm/next@14.2.21_react-dom@18.3.1_react@18.3.1__react@18.3.1/node_modules/next/dist/client/components/render-from-template-context.js:16:44)
    at OuterLayoutRouter (webpack-internal:///(app-pages-browser)/./node_modules/.pnpm/next@14.2.21_react-dom@18.3.1_react@18.3.1__react@18.3.1/node_modules/next/dist/client/components/layout-router.js:370:11)
    at InnerLayoutRouter (webpack-internal:///(app-pages-browser)/./node_modules/.pnpm/next@14.2.21_react-dom@18.3.1_react@18.3.1__react@18.3.1/node_modules/next/dist/client/components/layout-router.js:243:11)
    at RedirectErrorBoundary (webpack-internal:///(app-pages-browser)/./node_modules/.pnpm/next@14.2.21_react-dom@18.3.1_react@18.3.1__react@18.3.1/node_modules/next/dist/client/components/redirect-boundary.js:74:9)
    at RedirectBoundary (webpack-internal:///(app-pages-browser)/./node_modules/.pnpm/next@14.2.21_react-dom@18.3.1_react@18.3.1__react@18.3.1/node_modules/next/dist/client/components/redirect-boundary.js:82:11)
    at NotFoundBoundary (webpack-internal:///(app-pages-browser)/./node_modules/.pnpm/next@14.2.21_react-dom@18.3.1_react@18.3.1__react@18.3.1/node_modules/next/dist/client/components/not-found-boundary.js:84:11)
    at LoadingBoundary (webpack-internal:///(app-pages-browser)/./node_modules/.pnpm/next@14.2.21_react-dom@18.3.1_react@18.3.1__react@18.3.1/node_modules/next/dist/client/components/layout-router.js:349:11)
    at ErrorBoundary (webpack-internal:///(app-pages-browser)/./node_modules/.pnpm/next@14.2.21_react-dom@18.3.1_react@18.3.1__react@18.3.1/node_modules/next/dist/client/components/error-boundary.js:160:11)
    at InnerScrollAndFocusHandler (webpack-internal:///(app-pages-browser)/./node_modules/.pnpm/next@14.2.21_react-dom@18.3.1_react@18.3.1__react@18.3.1/node_modules/next/dist/client/components/layout-router.js:153:9)
    at ScrollAndFocusHandler (webpack-internal:///(app-pages-browser)/./node_modules/.pnpm/next@14.2.21_react-dom@18.3.1_react@18.3.1__react@18.3.1/node_modules/next/dist/client/components/layout-router.js:228:11)
    at RenderFromTemplateContext (webpack-internal:///(app-pages-browser)/./node_modules/.pnpm/next@14.2.21_react-dom@18.3.1_react@18.3.1__react@18.3.1/node_modules/next/dist/client/components/render-from-template-context.js:16:44)
    at OuterLayoutRouter (webpack-internal:///(app-pages-browser)/./node_modules/.pnpm/next@14.2.21_react-dom@18.3.1_react@18.3.1__react@18.3.1/node_modules/next/dist/client/components/layout-router.js:370:11)
    at main
    at div
    at div
    at InmobiliariaLayoutInner (webpack-internal:///(app-pages-browser)/./src/app/panel/inmobiliaria/layout.tsx:111:11)
    at SidebarProvider (webpack-internal:///(app-pages-browser)/./src/lib/context/SidebarContext.tsx:14:11)
    at I18nProvider (webpack-internal:///(app-pages-browser)/./src/lib/i18n/i18n-context.tsx:48:11)
    at ProtectedRoute (webpack-internal:///(app-pages-browser)/./src/components/auth/ProtectedRoute.tsx:29:11)
    at InmobiliariaLayout (webpack-internal:///(app-pages-browser)/./src/app/panel/inmobiliaria/layout.tsx:184:11)
    at InnerLayoutRouter (webpack-internal:///(app-pages-browser)/./node_modules/.pnpm/next@14.2.21_react-dom@18.3.1_react@18.3.1__react@18.3.1/node_modules/next/dist/client/components/layout-router.js:243:11)
    at RedirectErrorBoundary (webpack-internal:///(app-pages-browser)/./node_modules/.pnpm/next@14.2.21_react-dom@18.3.1_react@18.3.1__react@18.3.1/node_modules/next/dist/client/components/redirect-boundary.js:74:9)
    at RedirectBoundary (webpack-internal:///(app-pages-browser)/./node_modules/.pnpm/next@14.2.21_react-dom@18.3.1_react@18.3.1__react@18.3.1/node_modules/next/dist/client/components/redirect-boundary.js:82:11)
    at NotFoundBoundary (webpack-internal:///(app-pages-browser)/./node_modules/.pnpm/next@14.2.21_react-dom@18.3.1_react@18.3.1__react@18.3.1/node_modules/next/dist/client/components/not-found-boundary.js:84:11)
    at LoadingBoundary (webpack-internal:///(app-pages-browser)/./node_modules/.pnpm/next@14.2.21_react-dom@18.3.1_react@18.3.1__react@18.3.1/node_modules/next/dist/client/components/layout-router.js:349:11)
    at ErrorBoundary (webpack-internal:///(app-pages-browser)/./node_modules/.pnpm/next@14.2.21_react-dom@18.3.1_react@18.3.1__react@18.3.1/node_modules/next/dist/client/components/error-boundary.js:160:11)
    at InnerScrollAndFocusHandler (webpack-internal:///(app-pages-browser)/./node_modules/.pnpm/next@14.2.21_react-dom@18.3.1_react@18.3.1__react@18.3.1/node_modules/next/dist/client/components/layout-router.js:153:9)
    at ScrollAndFocusHandler (webpack-internal:///(app-pages-browser)/./node_modules/.pnpm/next@14.2.21_react-dom@18.3.1_react@18.3.1__react@18.3.1/node_modules/next/dist/client/components/layout-router.js:228:11)
    at RenderFromTemplateContext (webpack-internal:///(app-pages-browser)/./node_modules/.pnpm/next@14.2.21_react-dom@18.3.1_react@18.3.1__react@18.3.1/node_modules/next/dist/client/components/render-from-template-context.js:16:44)
    at OuterLayoutRouter (webpack-internal:///(app-pages-browser)/./node_modules/.pnpm/next@14.2.21_react-dom@18.3.1_react@18.3.1__react@18.3.1/node_modules/next/dist/client/components/layout-router.js:370:11)
    at InnerLayoutRouter (webpack-internal:///(app-pages-browser)/./node_modules/.pnpm/next@14.2.21_react-dom@18.3.1_react@18.3.1__react@18.3.1/node_modules/next/dist/client/components/layout-router.js:243:11)
    at RedirectErrorBoundary (webpack-internal:///(app-pages-browser)/./node_modules/.pnpm/next@14.2.21_react-dom@18.3.1_react@18.3.1__react@18.3.1/node_modules/next/dist/client/components/redirect-boundary.js:74:9)
    at RedirectBoundary (webpack-internal:///(app-pages-browser)/./node_modules/.pnpm/next@14.2.21_react-dom@18.3.1_react@18.3.1__react@18.3.1/node_modules/next/dist/client/components/redirect-boundary.js:82:11)
    at NotFoundErrorBoundary (webpack-internal:///(app-pages-browser)/./node_modules/.pnpm/next@14.2.21_react-dom@18.3.1_react@18.3.1__react@18.3.1/node_modules/next/dist/client/components/not-found-boundary.js:76:9)
    at NotFoundBoundary (webpack-internal:///(app-pages-browser)/./node_modules/.pnpm/next@14.2.21_react-dom@18.3.1_react@18.3.1__react@18.3.1/node_modules/next/dist/client/components/not-found-boundary.js:84:11)
    at LoadingBoundary (webpack-internal:///(app-pages-browser)/./node_modules/.pnpm/next@14.2.21_react-dom@18.3.1_react@18.3.1__react@18.3.1/node_modules/next/dist/client/components/layout-router.js:349:11)
    at ErrorBoundary (webpack-internal:///(app-pages-browser)/./node_modules/.pnpm/next@14.2.21_react-dom@18.3.1_react@18.3.1__react@18.3.1/node_modules/next/dist/client/components/error-boundary.js:160:11)
    at InnerScrollAndFocusHandler (webpack-internal:///(app-pages-browser)/./node_modules/.pnpm/next@14.2.21_react-dom@18.3.1_react@18.3.1__react@18.3.1/node_modules/next/dist/client/components/layout-router.js:153:9)
    at ScrollAndFocusHandler (webpack-internal:///(app-pages-browser)/./node_modules/.pnpm/next@14.2.21_react-dom@18.3.1_react@18.3.1__react@18.3.1/node_modules/next/dist/client/components/layout-router.js:228:11)
    at RenderFromTemplateContext (webpack-internal:///(app-pages-browser)/./node_modules/.pnpm/next@14.2.21_react-dom@18.3.1_react@18.3.1__react@18.3.1/node_modules/next/dist/client/components/render-from-template-context.js:16:44)
    at div
    at MotionDOMComponent (webpack-internal:///(app-pages-browser)/./node_modules/.pnpm/framer-motion@12.27.1_react-dom@18.3.1_react@18.3.1__react@18.3.1/node_modules/framer-motion/dist/es/motion/index.mjs:67:65)
    at PageTransition (webpack-internal:///(app-pages-browser)/./src/components/providers/PageTransition.tsx:13:11)
    at Template (webpack-internal:///(app-pages-browser)/./src/app/template.tsx:13:11)
    at OuterLayoutRouter (webpack-internal:///(app-pages-browser)/./node_modules/.pnpm/next@14.2.21_react-dom@18.3.1_react@18.3.1__react@18.3.1/node_modules/next/dist/client/components/layout-router.js:370:11)
    at SmoothScroll (webpack-internal:///(app-pages-browser)/./src/components/providers/SmoothScroll.tsx:36:11)
    at WishlistProvider (webpack-internal:///(app-pages-browser)/./src/lib/stores/wishlist.tsx:17:11)
    at AuthProvider (webpack-internal:///(app-pages-browser)/./src/lib/auth/auth-context.tsx:28:11)
    at V (webpack-internal:///(app-pages-browser)/./node_modules/.pnpm/next-themes@0.4.6_react-dom@18.3.1_react@18.3.1__react@18.3.1/node_modules/next-themes/dist/index.mjs:54:24)
    at J (webpack-internal:///(app-pages-browser)/./node_modules/.pnpm/next-themes@0.4.6_react-dom@18.3.1_react@18.3.1__react@18.3.1/node_modules/next-themes/dist/index.mjs:47:47)
    at ThemeProvider (webpack-internal:///(app-pages-browser)/./src/components/providers/ThemeProvider.tsx:10:11)
    at body
    at html
    at RootLayout (Server)
    at RedirectErrorBoundary (webpack-internal:///(app-pages-browser)/./node_modules/.pnpm/next@14.2.21_react-dom@18.3.1_react@18.3.1__react@18.3.1/node_modules/next/dist/client/components/redirect-boundary.js:74:9)
    at RedirectBoundary (webpack-internal:///(app-pages-browser)/./node_modules/.pnpm/next@14.2.21_react-dom@18.3.1_react@18.3.1__react@18.3.1/node_modules/next/dist/client/components/redirect-boundary.js:82:11)
    at NotFoundErrorBoundary (webpack-internal:///(app-pages-browser)/./node_modules/.pnpm/next@14.2.21_react-dom@18.3.1_react@18.3.1__react@18.3.1/node_modules/next/dist/client/components/not-found-boundary.js:76:9)
    at NotFoundBoundary (webpack-internal:///(app-pages-browser)/./node_modules/.pnpm/next@14.2.21_react-dom@18.3.1_react@18.3.1__react@18.3.1/node_modules/next/dist/client/components/not-found-boundary.js:84:11)
    at DevRootNotFoundBoundary (webpack-internal:///(app-pages-browser)/./node_modules/.pnpm/next@14.2.21_react-dom@18.3.1_react@18.3.1__react@18.3.1/node_modules/next/dist/client/components/dev-root-not-found-boundary.js:33:11)
    at ReactDevOverlay (webpack-internal:///(app-pages-browser)/./node_modules/.pnpm/next@14.2.21_react-dom@18.3.1_react@18.3.1__react@18.3.1/node_modules/next/dist/client/components/react-dev-overlay/app/ReactDevOverlay.js:87:9)
    at HotReload (webpack-internal:///(app-pages-browser)/./node_modules/.pnpm/next@14.2.21_react-dom@18.3.1_react@18.3.1__react@18.3.1/node_modules/next/dist/client/components/react-dev-overlay/app/hot-reloader-client.js:321:11)
    at Router (webpack-internal:///(app-pages-browser)/./node_modules/.pnpm/next@14.2.21_react-dom@18.3.1_react@18.3.1__react@18.3.1/node_modules/next/dist/client/components/app-router.js:207:11)
    at ErrorBoundaryHandler (webpack-internal:///(app-pages-browser)/./node_modules/.pnpm/next@14.2.21_react-dom@18.3.1_react@18.3.1__react@18.3.1/node_modules/next/dist/client/components/error-boundary.js:113:9)
    at ErrorBoundary (webpack-internal:///(app-pages-browser)/./node_modules/.pnpm/next@14.2.21_react-dom@18.3.1_react@18.3.1__react@18.3.1/node_modules/next/dist/client/components/error-boundary.js:160:11)
    at AppRouter (webpack-internal:///(app-pages-browser)/./node_modules/.pnpm/next@14.2.21_react-dom@18.3.1_react@18.3.1__react@18.3.1/node_modules/next/dist/client/components/app-router.js:585:13)
    at ServerRoot (webpack-internal:///(app-pages-browser)/./node_modules/.pnpm/next@14.2.21_react-dom@18.3.1_react@18.3.1__react@18.3.1/node_modules/next/dist/client/app-index.js:112:27)
    at Root (webpack-internal:///(app-pages-browser)/./node_modules/.pnpm/next@14.2.21_react-dom@18.3.1_react@18.3.1__react@18.3.1/node_modules/next/dist/client/app-index.js:117:11)

React will try to recreate this component tree from scratch using the error boundary you provided, ReactDevOverlay. @ webpack-internal:///(app-pages-browser)/./node_modules/.pnpm/next@14.2.21_react-dom@18.3.1_react@18.3.1__react@18.3.1/node_modules/next/dist/client/app-index.js:32
[  219244ms] [WARNING] [Fast Refresh] performing full reload because your application had an unrecoverable error @ webpack-internal:///(app-pages-browser)/./node_modules/.pnpm/next@14.2.21_react-dom@18.3.1_react@18.3.1__react@18.3.1/node_modules/next/dist/client/components/react-dev-overlay/app/hot-reloader-client.js:114
[  220893ms] [ERROR] Warning: Cannot update a component (`%s`) while rendering a different component (`%s`). To locate the bad setState() call inside `%s`, follow the stack trace as described in https://reactjs.org/link/setstate-in-render%s HotReload AnalyticsPage AnalyticsPage 
    at AnalyticsPage (webpack-internal:///(app-pages-browser)/./src/app/panel/inmobiliaria/analytics/page.tsx:422:88)
    at ClientPageRoot (webpack-internal:///(app-pages-browser)/./node_modules/.pnpm/next@14.2.21_react-dom@18.3.1_react@18.3.1__react@18.3.1/node_modules/next/dist/client/components/client-page.js:14:11)
    at InnerLayoutRouter (webpack-internal:///(app-pages-browser)/./node_modules/.pnpm/next@14.2.21_react-dom@18.3.1_react@18.3.1__react@18.3.1/node_modules/next/dist/client/components/layout-router.js:243:11)
    at RedirectErrorBoundary (webpack-internal:///(app-pages-browser)/./node_modules/.pnpm/next@14.2.21_react-dom@18.3.1_react@18.3.1__react@18.3.1/node_modules/next/dist/client/components/redirect-boundary.js:74:9)
    at RedirectBoundary (webpack-internal:///(app-pages-browser)/./node_modules/.pnpm/next@14.2.21_react-dom@18.3.1_react@18.3.1__react@18.3.1/node_modules/next/dist/client/components/redirect-boundary.js:82:11)
    at NotFoundBoundary (webpack-internal:///(app-pages-browser)/./node_modules/.pnpm/next@14.2.21_react-dom@18.3.1_react@18.3.1__react@18.3.1/node_modules/next/dist/client/components/not-found-boundary.js:84:11)
    at LoadingBoundary (webpack-internal:///(app-pages-browser)/./node_modules/.pnpm/next@14.2.21_react-dom@18.3.1_react@18.3.1__react@18.3.1/node_modules/next/dist/client/components/layout-router.js:349:11)
    at ErrorBoundary (webpack-internal:///(app-pages-browser)/./node_modules/.pnpm/next@14.2.21_react-dom@18.3.1_react@18.3.1__react@18.3.1/node_modules/next/dist/client/components/error-boundary.js:160:11)
    at InnerScrollAndFocusHandler (webpack-internal:///(app-pages-browser)/./node_modules/.pnpm/next@14.2.21_react-dom@18.3.1_react@18.3.1__react@18.3.1/node_modules/next/dist/client/components/layout-router.js:153:9)
    at ScrollAndFocusHandler (webpack-internal:///(app-pages-browser)/./node_modules/.pnpm/next@14.2.21_react-dom@18.3.1_react@18.3.1__react@18.3.1/node_modules/next/dist/client/components/layout-router.js:228:11)
    at RenderFromTemplateContext (webpack-internal:///(app-pages-browser)/./node_modules/.pnpm/next@14.2.21_react-dom@18.3.1_react@18.3.1__react@18.3.1/node_modules/next/dist/client/components/render-from-template-context.js:16:44)
    at OuterLayoutRouter (webpack-internal:///(app-pages-browser)/./node_modules/.pnpm/next@14.2.21_react-dom@18.3.1_react@18.3.1__react@18.3.1/node_modules/next/dist/client/components/layout-router.js:370:11)
    at InnerLayoutRouter (webpack-internal:///(app-pages-browser)/./node_modules/.pnpm/next@14.2.21_react-dom@18.3.1_react@18.3.1__react@18.3.1/node_modules/next/dist/client/components/layout-router.js:243:11)
    at RedirectErrorBoundary (webpack-internal:///(app-pages-browser)/./node_modules/.pnpm/next@14.2.21_react-dom@18.3.1_react@18.3.1__react@18.3.1/node_modules/next/dist/client/components/redirect-boundary.js:74:9)
    at RedirectBoundary (webpack-internal:///(app-pages-browser)/./node_modules/.pnpm/next@14.2.21_react-dom@18.3.1_react@18.3.1__react@18.3.1/node_modules/next/dist/client/components/redirect-boundary.js:82:11)
    at NotFoundBoundary (webpack-internal:///(app-pages-browser)/./node_modules/.pnpm/next@14.2.21_react-dom@18.3.1_react@18.3.1__react@18.3.1/node_modules/next/dist/client/components/not-found-boundary.js:84:11)
    at LoadingBoundary (webpack-internal:///(app-pages-browser)/./node_modules/.pnpm/next@14.2.21_react-dom@18.3.1_react@18.3.1__react@18.3.1/node_modules/next/dist/client/components/layout-router.js:349:11)
    at ErrorBoundary (webpack-internal:///(app-pages-browser)/./node_modules/.pnpm/next@14.2.21_react-dom@18.3.1_react@18.3.1__react@18.3.1/node_modules/next/dist/client/components/error-boundary.js:160:11)
    at InnerScrollAndFocusHandler (webpack-internal:///(app-pages-browser)/./node_modules/.pnpm/next@14.2.21_react-dom@18.3.1_react@18.3.1__react@18.3.1/node_modules/next/dist/client/components/layout-router.js:153:9)
    at ScrollAndFocusHandler (webpack-internal:///(app-pages-browser)/./node_modules/.pnpm/next@14.2.21_react-dom@18.3.1_react@18.3.1__react@18.3.1/node_modules/next/dist/client/components/layout-router.js:228:11)
    at RenderFromTemplateContext (webpack-internal:///(app-pages-browser)/./node_modules/.pnpm/next@14.2.21_react-dom@18.3.1_react@18.3.1__react@18.3.1/node_modules/next/dist/client/components/render-from-template-context.js:16:44)
    at OuterLayoutRouter (webpack-internal:///(app-pages-browser)/./node_modules/.pnpm/next@14.2.21_react-dom@18.3.1_react@18.3.1__react@18.3.1/node_modules/next/dist/client/components/layout-router.js:370:11)
    at main
    at div
    at div
    at InmobiliariaLayoutInner (webpack-internal:///(app-pages-browser)/./src/app/panel/inmobiliaria/layout.tsx:111:11)
    at SidebarProvider (webpack-internal:///(app-pages-browser)/./src/lib/context/SidebarContext.tsx:14:11)
    at I18nProvider (webpack-internal:///(app-pages-browser)/./src/lib/i18n/i18n-context.tsx:48:11)
    at ProtectedRoute (webpack-internal:///(app-pages-browser)/./src/components/auth/ProtectedRoute.tsx:29:11)
    at InmobiliariaLayout (webpack-internal:///(app-pages-browser)/./src/app/panel/inmobiliaria/layout.tsx:184:11)
    at InnerLayoutRouter (webpack-internal:///(app-pages-browser)/./node_modules/.pnpm/next@14.2.21_react-dom@18.3.1_react@18.3.1__react@18.3.1/node_modules/next/dist/client/components/layout-router.js:243:11)
    at RedirectErrorBoundary (webpack-internal:///(app-pages-browser)/./node_modules/.pnpm/next@14.2.21_react-dom@18.3.1_react@18.3.1__react@18.3.1/node_modules/next/dist/client/components/redirect-boundary.js:74:9)
    at RedirectBoundary (webpack-internal:///(app-pages-browser)/./node_modules/.pnpm/next@14.2.21_react-dom@18.3.1_react@18.3.1__react@18.3.1/node_modules/next/dist/client/components/redirect-boundary.js:82:11)
    at NotFoundBoundary (webpack-internal:///(app-pages-browser)/./node_modules/.pnpm/next@14.2.21_react-dom@18.3.1_react@18.3.1__react@18.3.1/node_modules/next/dist/client/components/not-found-boundary.js:84:11)
    at LoadingBoundary (webpack-internal:///(app-pages-browser)/./node_modules/.pnpm/next@14.2.21_react-dom@18.3.1_react@18.3.1__react@18.3.1/node_modules/next/dist/client/components/layout-router.js:349:11)
    at ErrorBoundary (webpack-internal:///(app-pages-browser)/./node_modules/.pnpm/next@14.2.21_react-dom@18.3.1_react@18.3.1__react@18.3.1/node_modules/next/dist/client/components/error-boundary.js:160:11)
    at InnerScrollAndFocusHandler (webpack-internal:///(app-pages-browser)/./node_modules/.pnpm/next@14.2.21_react-dom@18.3.1_react@18.3.1__react@18.3.1/node_modules/next/dist/client/components/layout-router.js:153:9)
    at ScrollAndFocusHandler (webpack-internal:///(app-pages-browser)/./node_modules/.pnpm/next@14.2.21_react-dom@18.3.1_react@18.3.1__react@18.3.1/node_modules/next/dist/client/components/layout-router.js:228:11)
    at RenderFromTemplateContext (webpack-internal:///(app-pages-browser)/./node_modules/.pnpm/next@14.2.21_react-dom@18.3.1_react@18.3.1__react@18.3.1/node_modules/next/dist/client/components/render-from-template-context.js:16:44)
    at OuterLayoutRouter (webpack-internal:///(app-pages-browser)/./node_modules/.pnpm/next@14.2.21_react-dom@18.3.1_react@18.3.1__react@18.3.1/node_modules/next/dist/client/components/layout-router.js:370:11)
    at InnerLayoutRouter (webpack-internal:///(app-pages-browser)/./node_modules/.pnpm/next@14.2.21_react-dom@18.3.1_react@18.3.1__react@18.3.1/node_modules/next/dist/client/components/layout-router.js:243:11)
    at RedirectErrorBoundary (webpack-internal:///(app-pages-browser)/./node_modules/.pnpm/next@14.2.21_react-dom@18.3.1_react@18.3.1__react@18.3.1/node_modules/next/dist/client/components/redirect-boundary.js:74:9)
    at RedirectBoundary (webpack-internal:///(app-pages-browser)/./node_modules/.pnpm/next@14.2.21_react-dom@18.3.1_react@18.3.1__react@18.3.1/node_modules/next/dist/client/components/redirect-boundary.js:82:11)
    at NotFoundErrorBoundary (webpack-internal:///(app-pages-browser)/./node_modules/.pnpm/next@14.2.21_react-dom@18.3.1_react@18.3.1__react@18.3.1/node_modules/next/dist/client/components/not-found-boundary.js:76:9)
    at NotFoundBoundary (webpack-internal:///(app-pages-browser)/./node_modules/.pnpm/next@14.2.21_react-dom@18.3.1_react@18.3.1__react@18.3.1/node_modules/next/dist/client/components/not-found-boundary.js:84:11)
    at LoadingBoundary (webpack-internal:///(app-pages-browser)/./node_modules/.pnpm/next@14.2.21_react-dom@18.3.1_react@18.3.1__react@18.3.1/node_modules/next/dist/client/components/layout-router.js:349:11)
    at ErrorBoundary (webpack-internal:///(app-pages-browser)/./node_modules/.pnpm/next@14.2.21_react-dom@18.3.1_react@18.3.1__react@18.3.1/node_modules/next/dist/client/components/error-boundary.js:160:11)
    at InnerScrollAndFocusHandler (webpack-internal:///(app-pages-browser)/./node_modules/.pnpm/next@14.2.21_react-dom@18.3.1_react@18.3.1__react@18.3.1/node_modules/next/dist/client/components/layout-router.js:153:9)
    at ScrollAndFocusHandler (webpack-internal:///(app-pages-browser)/./node_modules/.pnpm/next@14.2.21_react-dom@18.3.1_react@18.3.1__react@18.3.1/node_modules/next/dist/client/components/layout-router.js:228:11)
    at RenderFromTemplateContext (webpack-internal:///(app-pages-browser)/./node_modules/.pnpm/next@14.2.21_react-dom@18.3.1_react@18.3.1__react@18.3.1/node_modules/next/dist/client/components/render-from-template-context.js:16:44)
    at div
    at MotionDOMComponent (webpack-internal:///(app-pages-browser)/./node_modules/.pnpm/framer-motion@12.27.1_react-dom@18.3.1_react@18.3.1__react@18.3.1/node_modules/framer-motion/dist/es/motion/index.mjs:67:65)
    at PageTransition (webpack-internal:///(app-pages-browser)/./src/components/providers/PageTransition.tsx:13:11)
    at Template (webpack-internal:///(app-pages-browser)/./src/app/template.tsx:13:11)
    at OuterLayoutRouter (webpack-internal:///(app-pages-browser)/./node_modules/.pnpm/next@14.2.21_react-dom@18.3.1_react@18.3.1__react@18.3.1/node_modules/next/dist/client/components/layout-router.js:370:11)
    at SmoothScroll (webpack-internal:///(app-pages-browser)/./src/components/providers/SmoothScroll.tsx:36:11)
    at WishlistProvider (webpack-internal:///(app-pages-browser)/./src/lib/stores/wishlist.tsx:17:11)
    at AuthProvider (webpack-internal:///(app-pages-browser)/./src/lib/auth/auth-context.tsx:28:11)
    at V (webpack-internal:///(app-pages-browser)/./node_modules/.pnpm/next-themes@0.4.6_react-dom@18.3.1_react@18.3.1__react@18.3.1/node_modules/next-themes/dist/index.mjs:54:24)
    at J (webpack-internal:///(app-pages-browser)/./node_modules/.pnpm/next-themes@0.4.6_react-dom@18.3.1_react@18.3.1__react@18.3.1/node_modules/next-themes/dist/index.mjs:47:47)
    at ThemeProvider (webpack-internal:///(app-pages-browser)/./src/components/providers/ThemeProvider.tsx:10:11)
    at body
    at html
    at RootLayout (Server)
    at RedirectErrorBoundary (webpack-internal:///(app-pages-browser)/./node_modules/.pnpm/next@14.2.21_react-dom@18.3.1_react@18.3.1__react@18.3.1/node_modules/next/dist/client/components/redirect-boundary.js:74:9)
    at RedirectBoundary (webpack-internal:///(app-pages-browser)/./node_modules/.pnpm/next@14.2.21_react-dom@18.3.1_react@18.3.1__react@18.3.1/node_modules/next/dist/client/components/redirect-boundary.js:82:11)
    at NotFoundErrorBoundary (webpack-internal:///(app-pages-browser)/./node_modules/.pnpm/next@14.2.21_react-dom@18.3.1_react@18.3.1__react@18.3.1/node_modules/next/dist/client/components/not-found-boundary.js:76:9)
    at NotFoundBoundary (webpack-internal:///(app-pages-browser)/./node_modules/.pnpm/next@14.2.21_react-dom@18.3.1_react@18.3.1__react@18.3.1/node_modules/next/dist/client/components/not-found-boundary.js:84:11)
    at DevRootNotFoundBoundary (webpack-internal:///(app-pages-browser)/./node_modules/.pnpm/next@14.2.21_react-dom@18.3.1_react@18.3.1__react@18.3.1/node_modules/next/dist/client/components/dev-root-not-found-boundary.js:33:11)
    at ReactDevOverlay (webpack-internal:///(app-pages-browser)/./node_modules/.pnpm/next@14.2.21_react-dom@18.3.1_react@18.3.1__react@18.3.1/node_modules/next/dist/client/components/react-dev-overlay/app/ReactDevOverlay.js:87:9)
    at HotReload (webpack-internal:///(app-pages-browser)/./node_modules/.pnpm/next@14.2.21_react-dom@18.3.1_react@18.3.1__react@18.3.1/node_modules/next/dist/client/components/react-dev-overlay/app/hot-reloader-client.js:321:11)
    at Router (webpack-internal:///(app-pages-browser)/./node_modules/.pnpm/next@14.2.21_react-dom@18.3.1_react@18.3.1__react@18.3.1/node_modules/next/dist/client/components/app-router.js:207:11)
    at ErrorBoundaryHandler (webpack-internal:///(app-pages-browser)/./node_modules/.pnpm/next@14.2.21_react-dom@18.3.1_react@18.3.1__react@18.3.1/node_modules/next/dist/client/components/error-boundary.js:113:9)
    at ErrorBoundary (webpack-internal:///(app-pages-browser)/./node_modules/.pnpm/next@14.2.21_react-dom@18.3.1_react@18.3.1__react@18.3.1/node_modules/next/dist/client/components/error-boundary.js:160:11)
    at AppRouter (webpack-internal:///(app-pages-browser)/./node_modules/.pnpm/next@14.2.21_react-dom@18.3.1_react@18.3.1__react@18.3.1/node_modules/next/dist/client/components/app-router.js:585:13)
    at ServerRoot (webpack-internal:///(app-pages-browser)/./node_modules/.pnpm/next@14.2.21_react-dom@18.3.1_react@18.3.1__react@18.3.1/node_modules/next/dist/client/app-index.js:112:27)
    at Root (webpack-internal:///(app-pages-browser)/./node_modules/.pnpm/next@14.2.21_react-dom@18.3.1_react@18.3.1__react@18.3.1/node_modules/next/dist/client/app-index.js:117:11) @ webpack-internal:///(app-pages-browser)/./node_modules/.pnpm/next@14.2.21_react-dom@18.3.1_react@18.3.1__react@18.3.1/node_modules/next/dist/client/app-index.js:32
[  220904ms] ReferenceError: handleRefresh is not defined
    at AnalyticsPage (webpack-internal:///(app-pages-browser)/./src/app/panel/inmobiliaria/analytics/page.tsx:610:42)
    at renderWithHooks (webpack-internal:///(app-pages-browser)/./node_modules/.pnpm/next@14.2.21_react-dom@18.3.1_react@18.3.1__react@18.3.1/node_modules/next/dist/compiled/react-dom/cjs/react-dom.development.js:11121:18)
    at mountIndeterminateComponent (webpack-internal:///(app-pages-browser)/./node_modules/.pnpm/next@14.2.21_react-dom@18.3.1_react@18.3.1__react@18.3.1/node_modules/next/dist/compiled/react-dom/cjs/react-dom.development.js:16869:13)
    at beginWork$1 (webpack-internal:///(app-pages-browser)/./node_modules/.pnpm/next@14.2.21_react-dom@18.3.1_react@18.3.1__react@18.3.1/node_modules/next/dist/compiled/react-dom/cjs/react-dom.development.js:18458:16)
    at HTMLUnknownElement.callCallback (webpack-internal:///(app-pages-browser)/./node_modules/.pnpm/next@14.2.21_react-dom@18.3.1_react@18.3.1__react@18.3.1/node_modules/next/dist/compiled/react-dom/cjs/react-dom.development.js:20565:14)
    at Object.invokeGuardedCallbackImpl (webpack-internal:///(app-pages-browser)/./node_modules/.pnpm/next@14.2.21_react-dom@18.3.1_react@18.3.1__react@18.3.1/node_modules/next/dist/compiled/react-dom/cjs/react-dom.development.js:20614:16)
    at invokeGuardedCallback (webpack-internal:///(app-pages-browser)/./node_modules/.pnpm/next@14.2.21_react-dom@18.3.1_react@18.3.1__react@18.3.1/node_modules/next/dist/compiled/react-dom/cjs/react-dom.development.js:20689:29)
    at beginWork (webpack-internal:///(app-pages-browser)/./node_modules/.pnpm/next@14.2.21_react-dom@18.3.1_react@18.3.1__react@18.3.1/node_modules/next/dist/compiled/react-dom/cjs/react-dom.development.js:26949:7)
    at performUnitOfWork (webpack-internal:///(app-pages-browser)/./node_modules/.pnpm/next@14.2.21_react-dom@18.3.1_react@18.3.1__react@18.3.1/node_modules/next/dist/compiled/react-dom/cjs/react-dom.development.js:25748:12)
    at workLoopSync (webpack-internal:///(app-pages-browser)/./node_modules/.pnpm/next@14.2.21_react-dom@18.3.1_react@18.3.1__react@18.3.1/node_modules/next/dist/compiled/react-dom/cjs/react-dom.development.js:25464:5)
    at renderRootSync (webpack-internal:///(app-pages-browser)/./node_modules/.pnpm/next@14.2.21_react-dom@18.3.1_react@18.3.1__react@18.3.1/node_modules/next/dist/compiled/react-dom/cjs/react-dom.development.js:25419:7)
    at performConcurrentWorkOnRoot (webpack-internal:///(app-pages-browser)/./node_modules/.pnpm/next@14.2.21_react-dom@18.3.1_react@18.3.1__react@18.3.1/node_modules/next/dist/compiled/react-dom/cjs/react-dom.development.js:24504:74)
    at workLoop (webpack-internal:///(app-pages-browser)/./node_modules/.pnpm/next@14.2.21_react-dom@18.3.1_react@18.3.1__react@18.3.1/node_modules/next/dist/compiled/scheduler/cjs/scheduler.development.js:256:34)
    at flushWork (webpack-internal:///(app-pages-browser)/./node_modules/.pnpm/next@14.2.21_react-dom@18.3.1_react@18.3.1__react@18.3.1/node_modules/next/dist/compiled/scheduler/cjs/scheduler.development.js:225:14)
    at MessagePort.performWorkUntilDeadline (webpack-internal:///(app-pages-browser)/./node_modules/.pnpm/next@14.2.21_react-dom@18.3.1_react@18.3.1__react@18.3.1/node_modules/next/dist/compiled/scheduler/cjs/scheduler.development.js:534:21)
[  220904ms] ReferenceError: handleRefresh is not defined
    at AnalyticsPage (webpack-internal:///(app-pages-browser)/./src/app/panel/inmobiliaria/analytics/page.tsx:610:42)
    at renderWithHooks (webpack-internal:///(app-pages-browser)/./node_modules/.pnpm/next@14.2.21_react-dom@18.3.1_react@18.3.1__react@18.3.1/node_modules/next/dist/compiled/react-dom/cjs/react-dom.development.js:11121:18)
    at mountIndeterminateComponent (webpack-internal:///(app-pages-browser)/./node_modules/.pnpm/next@14.2.21_react-dom@18.3.1_react@18.3.1__react@18.3.1/node_modules/next/dist/compiled/react-dom/cjs/react-dom.development.js:16869:13)
    at beginWork$1 (webpack-internal:///(app-pages-browser)/./node_modules/.pnpm/next@14.2.21_react-dom@18.3.1_react@18.3.1__react@18.3.1/node_modules/next/dist/compiled/react-dom/cjs/react-dom.development.js:18458:16)
    at beginWork (webpack-internal:///(app-pages-browser)/./node_modules/.pnpm/next@14.2.21_react-dom@18.3.1_react@18.3.1__react@18.3.1/node_modules/next/dist/compiled/react-dom/cjs/react-dom.development.js:26927:14)
    at performUnitOfWork (webpack-internal:///(app-pages-browser)/./node_modules/.pnpm/next@14.2.21_react-dom@18.3.1_react@18.3.1__react@18.3.1/node_modules/next/dist/compiled/react-dom/cjs/react-dom.development.js:25748:12)
    at workLoopSync (webpack-internal:///(app-pages-browser)/./node_modules/.pnpm/next@14.2.21_react-dom@18.3.1_react@18.3.1__react@18.3.1/node_modules/next/dist/compiled/react-dom/cjs/react-dom.development.js:25464:5)
    at renderRootSync (webpack-internal:///(app-pages-browser)/./node_modules/.pnpm/next@14.2.21_react-dom@18.3.1_react@18.3.1__react@18.3.1/node_modules/next/dist/compiled/react-dom/cjs/react-dom.development.js:25419:7)
    at performConcurrentWorkOnRoot (webpack-internal:///(app-pages-browser)/./node_modules/.pnpm/next@14.2.21_react-dom@18.3.1_react@18.3.1__react@18.3.1/node_modules/next/dist/compiled/react-dom/cjs/react-dom.development.js:24504:74)
    at workLoop (webpack-internal:///(app-pages-browser)/./node_modules/.pnpm/next@14.2.21_react-dom@18.3.1_react@18.3.1__react@18.3.1/node_modules/next/dist/compiled/scheduler/cjs/scheduler.development.js:256:34)
    at flushWork (webpack-internal:///(app-pages-browser)/./node_modules/.pnpm/next@14.2.21_react-dom@18.3.1_react@18.3.1__react@18.3.1/node_modules/next/dist/compiled/scheduler/cjs/scheduler.development.js:225:14)
    at MessagePort.performWorkUntilDeadline (webpack-internal:///(app-pages-browser)/./node_modules/.pnpm/next@14.2.21_react-dom@18.3.1_react@18.3.1__react@18.3.1/node_modules/next/dist/compiled/scheduler/cjs/scheduler.development.js:534:21)
[  220904ms] ReferenceError: handleRefresh is not defined
    at AnalyticsPage (webpack-internal:///(app-pages-browser)/./src/app/panel/inmobiliaria/analytics/page.tsx:610:42)
    at renderWithHooks (webpack-internal:///(app-pages-browser)/./node_modules/.pnpm/next@14.2.21_react-dom@18.3.1_react@18.3.1__react@18.3.1/node_modules/next/dist/compiled/react-dom/cjs/react-dom.development.js:11121:18)
    at mountIndeterminateComponent (webpack-internal:///(app-pages-browser)/./node_modules/.pnpm/next@14.2.21_react-dom@18.3.1_react@18.3.1__react@18.3.1/node_modules/next/dist/compiled/react-dom/cjs/react-dom.development.js:16869:13)
    at beginWork$1 (webpack-internal:///(app-pages-browser)/./node_modules/.pnpm/next@14.2.21_react-dom@18.3.1_react@18.3.1__react@18.3.1/node_modules/next/dist/compiled/react-dom/cjs/react-dom.development.js:18458:16)
    at beginWork (webpack-internal:///(app-pages-browser)/./node_modules/.pnpm/next@14.2.21_react-dom@18.3.1_react@18.3.1__react@18.3.1/node_modules/next/dist/compiled/react-dom/cjs/react-dom.development.js:26927:14)
    at performUnitOfWork (webpack-internal:///(app-pages-browser)/./node_modules/.pnpm/next@14.2.21_react-dom@18.3.1_react@18.3.1__react@18.3.1/node_modules/next/dist/compiled/react-dom/cjs/react-dom.development.js:25748:12)
    at workLoopSync (webpack-internal:///(app-pages-browser)/./node_modules/.pnpm/next@14.2.21_react-dom@18.3.1_react@18.3.1__react@18.3.1/node_modules/next/dist/compiled/react-dom/cjs/react-dom.development.js:25464:5)
    at renderRootSync (webpack-internal:///(app-pages-browser)/./node_modules/.pnpm/next@14.2.21_react-dom@18.3.1_react@18.3.1__react@18.3.1/node_modules/next/dist/compiled/react-dom/cjs/react-dom.development.js:25419:7)
    at performConcurrentWorkOnRoot (webpack-internal:///(app-pages-browser)/./node_modules/.pnpm/next@14.2.21_react-dom@18.3.1_react@18.3.1__react@18.3.1/node_modules/next/dist/compiled/react-dom/cjs/react-dom.development.js:24504:74)
    at workLoop (webpack-internal:///(app-pages-browser)/./node_modules/.pnpm/next@14.2.21_react-dom@18.3.1_react@18.3.1__react@18.3.1/node_modules/next/dist/compiled/scheduler/cjs/scheduler.development.js:256:34)
    at flushWork (webpack-internal:///(app-pages-browser)/./node_modules/.pnpm/next@14.2.21_react-dom@18.3.1_react@18.3.1__react@18.3.1/node_modules/next/dist/compiled/scheduler/cjs/scheduler.development.js:225:14)
    at MessagePort.performWorkUntilDeadline (webpack-internal:///(app-pages-browser)/./node_modules/.pnpm/next@14.2.21_react-dom@18.3.1_react@18.3.1__react@18.3.1/node_modules/next/dist/compiled/scheduler/cjs/scheduler.development.js:534:21)
[  220905ms] ReferenceError: handleRefresh is not defined
    at AnalyticsPage (webpack-internal:///(app-pages-browser)/./src/app/panel/inmobiliaria/analytics/page.tsx:610:42)
    at renderWithHooks (webpack-internal:///(app-pages-browser)/./node_modules/.pnpm/next@14.2.21_react-dom@18.3.1_react@18.3.1__react@18.3.1/node_modules/next/dist/compiled/react-dom/cjs/react-dom.development.js:11121:18)
    at mountIndeterminateComponent (webpack-internal:///(app-pages-browser)/./node_modules/.pnpm/next@14.2.21_react-dom@18.3.1_react@18.3.1__react@18.3.1/node_modules/next/dist/compiled/react-dom/cjs/react-dom.development.js:16869:13)
    at beginWork$1 (webpack-internal:///(app-pages-browser)/./node_modules/.pnpm/next@14.2.21_react-dom@18.3.1_react@18.3.1__react@18.3.1/node_modules/next/dist/compiled/react-dom/cjs/react-dom.development.js:18458:16)
    at beginWork (webpack-internal:///(app-pages-browser)/./node_modules/.pnpm/next@14.2.21_react-dom@18.3.1_react@18.3.1__react@18.3.1/node_modules/next/dist/compiled/react-dom/cjs/react-dom.development.js:26927:14)
    at performUnitOfWork (webpack-internal:///(app-pages-browser)/./node_modules/.pnpm/next@14.2.21_react-dom@18.3.1_react@18.3.1__react@18.3.1/node_modules/next/dist/compiled/react-dom/cjs/react-dom.development.js:25748:12)
    at workLoopSync (webpack-internal:///(app-pages-browser)/./node_modules/.pnpm/next@14.2.21_react-dom@18.3.1_react@18.3.1__react@18.3.1/node_modules/next/dist/compiled/react-dom/cjs/react-dom.development.js:25464:5)
    at renderRootSync (webpack-internal:///(app-pages-browser)/./node_modules/.pnpm/next@14.2.21_react-dom@18.3.1_react@18.3.1__react@18.3.1/node_modules/next/dist/compiled/react-dom/cjs/react-dom.development.js:25419:7)
    at performConcurrentWorkOnRoot (webpack-internal:///(app-pages-browser)/./node_modules/.pnpm/next@14.2.21_react-dom@18.3.1_react@18.3.1__react@18.3.1/node_modules/next/dist/compiled/react-dom/cjs/react-dom.development.js:24504:74)
    at workLoop (webpack-internal:///(app-pages-browser)/./node_modules/.pnpm/next@14.2.21_react-dom@18.3.1_react@18.3.1__react@18.3.1/node_modules/next/dist/compiled/scheduler/cjs/scheduler.development.js:256:34)
    at flushWork (webpack-internal:///(app-pages-browser)/./node_modules/.pnpm/next@14.2.21_react-dom@18.3.1_react@18.3.1__react@18.3.1/node_modules/next/dist/compiled/scheduler/cjs/scheduler.development.js:225:14)
    at MessagePort.performWorkUntilDeadline (webpack-internal:///(app-pages-browser)/./node_modules/.pnpm/next@14.2.21_react-dom@18.3.1_react@18.3.1__react@18.3.1/node_modules/next/dist/compiled/scheduler/cjs/scheduler.development.js:534:21)
[  220906ms] ReferenceError: handleRefresh is not defined
    at AnalyticsPage (webpack-internal:///(app-pages-browser)/./src/app/panel/inmobiliaria/analytics/page.tsx:610:42)
    at renderWithHooks (webpack-internal:///(app-pages-browser)/./node_modules/.pnpm/next@14.2.21_react-dom@18.3.1_react@18.3.1__react@18.3.1/node_modules/next/dist/compiled/react-dom/cjs/react-dom.development.js:11121:18)
    at mountIndeterminateComponent (webpack-internal:///(app-pages-browser)/./node_modules/.pnpm/next@14.2.21_react-dom@18.3.1_react@18.3.1__react@18.3.1/node_modules/next/dist/compiled/react-dom/cjs/react-dom.development.js:16869:13)
    at beginWork$1 (webpack-internal:///(app-pages-browser)/./node_modules/.pnpm/next@14.2.21_react-dom@18.3.1_react@18.3.1__react@18.3.1/node_modules/next/dist/compiled/react-dom/cjs/react-dom.development.js:18458:16)
    at beginWork (webpack-internal:///(app-pages-browser)/./node_modules/.pnpm/next@14.2.21_react-dom@18.3.1_react@18.3.1__react@18.3.1/node_modules/next/dist/compiled/react-dom/cjs/react-dom.development.js:26927:14)
    at performUnitOfWork (webpack-internal:///(app-pages-browser)/./node_modules/.pnpm/next@14.2.21_react-dom@18.3.1_react@18.3.1__react@18.3.1/node_modules/next/dist/compiled/react-dom/cjs/react-dom.development.js:25748:12)
    at workLoopSync (webpack-internal:///(app-pages-browser)/./node_modules/.pnpm/next@14.2.21_react-dom@18.3.1_react@18.3.1__react@18.3.1/node_modules/next/dist/compiled/react-dom/cjs/react-dom.development.js:25464:5)
    at renderRootSync (webpack-internal:///(app-pages-browser)/./node_modules/.pnpm/next@14.2.21_react-dom@18.3.1_react@18.3.1__react@18.3.1/node_modules/next/dist/compiled/react-dom/cjs/react-dom.development.js:25419:7)
    at performConcurrentWorkOnRoot (webpack-internal:///(app-pages-browser)/./node_modules/.pnpm/next@14.2.21_react-dom@18.3.1_react@18.3.1__react@18.3.1/node_modules/next/dist/compiled/react-dom/cjs/react-dom.development.js:24504:74)
    at workLoop (webpack-internal:///(app-pages-browser)/./node_modules/.pnpm/next@14.2.21_react-dom@18.3.1_react@18.3.1__react@18.3.1/node_modules/next/dist/compiled/scheduler/cjs/scheduler.development.js:256:34)
    at flushWork (webpack-internal:///(app-pages-browser)/./node_modules/.pnpm/next@14.2.21_react-dom@18.3.1_react@18.3.1__react@18.3.1/node_modules/next/dist/compiled/scheduler/cjs/scheduler.development.js:225:14)
    at MessagePort.performWorkUntilDeadline (webpack-internal:///(app-pages-browser)/./node_modules/.pnpm/next@14.2.21_react-dom@18.3.1_react@18.3.1__react@18.3.1/node_modules/next/dist/compiled/scheduler/cjs/scheduler.development.js:534:21)
[  220909ms] ReferenceError: handleRefresh is not defined
    at AnalyticsPage (webpack-internal:///(app-pages-browser)/./src/app/panel/inmobiliaria/analytics/page.tsx:610:42)
    at renderWithHooks (webpack-internal:///(app-pages-browser)/./node_modules/.pnpm/next@14.2.21_react-dom@18.3.1_react@18.3.1__react@18.3.1/node_modules/next/dist/compiled/react-dom/cjs/react-dom.development.js:11121:18)
    at mountIndeterminateComponent (webpack-internal:///(app-pages-browser)/./node_modules/.pnpm/next@14.2.21_react-dom@18.3.1_react@18.3.1__react@18.3.1/node_modules/next/dist/compiled/react-dom/cjs/react-dom.development.js:16869:13)
    at beginWork$1 (webpack-internal:///(app-pages-browser)/./node_modules/.pnpm/next@14.2.21_react-dom@18.3.1_react@18.3.1__react@18.3.1/node_modules/next/dist/compiled/react-dom/cjs/react-dom.development.js:18458:16)
    at beginWork (webpack-internal:///(app-pages-browser)/./node_modules/.pnpm/next@14.2.21_react-dom@18.3.1_react@18.3.1__react@18.3.1/node_modules/next/dist/compiled/react-dom/cjs/react-dom.development.js:26927:14)
    at performUnitOfWork (webpack-internal:///(app-pages-browser)/./node_modules/.pnpm/next@14.2.21_react-dom@18.3.1_react@18.3.1__react@18.3.1/node_modules/next/dist/compiled/react-dom/cjs/react-dom.development.js:25748:12)
    at workLoopSync (webpack-internal:///(app-pages-browser)/./node_modules/.pnpm/next@14.2.21_react-dom@18.3.1_react@18.3.1__react@18.3.1/node_modules/next/dist/compiled/react-dom/cjs/react-dom.development.js:25464:5)
    at renderRootSync (webpack-internal:///(app-pages-browser)/./node_modules/.pnpm/next@14.2.21_react-dom@18.3.1_react@18.3.1__react@18.3.1/node_modules/next/dist/compiled/react-dom/cjs/react-dom.development.js:25419:7)
    at performConcurrentWorkOnRoot (webpack-internal:///(app-pages-browser)/./node_modules/.pnpm/next@14.2.21_react-dom@18.3.1_react@18.3.1__react@18.3.1/node_modules/next/dist/compiled/react-dom/cjs/react-dom.development.js:24504:74)
    at workLoop (webpack-internal:///(app-pages-browser)/./node_modules/.pnpm/next@14.2.21_react-dom@18.3.1_react@18.3.1__react@18.3.1/node_modules/next/dist/compiled/scheduler/cjs/scheduler.development.js:256:34)
    at flushWork (webpack-internal:///(app-pages-browser)/./node_modules/.pnpm/next@14.2.21_react-dom@18.3.1_react@18.3.1__react@18.3.1/node_modules/next/dist/compiled/scheduler/cjs/scheduler.development.js:225:14)
    at MessagePort.performWorkUntilDeadline (webpack-internal:///(app-pages-browser)/./node_modules/.pnpm/next@14.2.21_react-dom@18.3.1_react@18.3.1__react@18.3.1/node_modules/next/dist/compiled/scheduler/cjs/scheduler.development.js:534:21)
[  220910ms] ReferenceError: handleRefresh is not defined
    at AnalyticsPage (webpack-internal:///(app-pages-browser)/./src/app/panel/inmobiliaria/analytics/page.tsx:610:42)
    at renderWithHooks (webpack-internal:///(app-pages-browser)/./node_modules/.pnpm/next@14.2.21_react-dom@18.3.1_react@18.3.1__react@18.3.1/node_modules/next/dist/compiled/react-dom/cjs/react-dom.development.js:11121:18)
    at mountIndeterminateComponent (webpack-internal:///(app-pages-browser)/./node_modules/.pnpm/next@14.2.21_react-dom@18.3.1_react@18.3.1__react@18.3.1/node_modules/next/dist/compiled/react-dom/cjs/react-dom.development.js:16869:13)
    at beginWork$1 (webpack-internal:///(app-pages-browser)/./node_modules/.pnpm/next@14.2.21_react-dom@18.3.1_react@18.3.1__react@18.3.1/node_modules/next/dist/compiled/react-dom/cjs/react-dom.development.js:18458:16)
    at beginWork (webpack-internal:///(app-pages-browser)/./node_modules/.pnpm/next@14.2.21_react-dom@18.3.1_react@18.3.1__react@18.3.1/node_modules/next/dist/compiled/react-dom/cjs/react-dom.development.js:26927:14)
    at performUnitOfWork (webpack-internal:///(app-pages-browser)/./node_modules/.pnpm/next@14.2.21_react-dom@18.3.1_react@18.3.1__react@18.3.1/node_modules/next/dist/compiled/react-dom/cjs/react-dom.development.js:25748:12)
    at workLoopSync (webpack-internal:///(app-pages-browser)/./node_modules/.pnpm/next@14.2.21_react-dom@18.3.1_react@18.3.1__react@18.3.1/node_modules/next/dist/compiled/react-dom/cjs/react-dom.development.js:25464:5)
    at renderRootSync (webpack-internal:///(app-pages-browser)/./node_modules/.pnpm/next@14.2.21_react-dom@18.3.1_react@18.3.1__react@18.3.1/node_modules/next/dist/compiled/react-dom/cjs/react-dom.development.js:25419:7)
    at performConcurrentWorkOnRoot (webpack-internal:///(app-pages-browser)/./node_modules/.pnpm/next@14.2.21_react-dom@18.3.1_react@18.3.1__react@18.3.1/node_modules/next/dist/compiled/react-dom/cjs/react-dom.development.js:24504:74)
    at workLoop (webpack-internal:///(app-pages-browser)/./node_modules/.pnpm/next@14.2.21_react-dom@18.3.1_react@18.3.1__react@18.3.1/node_modules/next/dist/compiled/scheduler/cjs/scheduler.development.js:256:34)
    at flushWork (webpack-internal:///(app-pages-browser)/./node_modules/.pnpm/next@14.2.21_react-dom@18.3.1_react@18.3.1__react@18.3.1/node_modules/next/dist/compiled/scheduler/cjs/scheduler.development.js:225:14)
    at MessagePort.performWorkUntilDeadline (webpack-internal:///(app-pages-browser)/./node_modules/.pnpm/next@14.2.21_react-dom@18.3.1_react@18.3.1__react@18.3.1/node_modules/next/dist/compiled/scheduler/cjs/scheduler.development.js:534:21)
[  220912ms] ReferenceError: handleRefresh is not defined
    at AnalyticsPage (webpack-internal:///(app-pages-browser)/./src/app/panel/inmobiliaria/analytics/page.tsx:610:42)
    at renderWithHooks (webpack-internal:///(app-pages-browser)/./node_modules/.pnpm/next@14.2.21_react-dom@18.3.1_react@18.3.1__react@18.3.1/node_modules/next/dist/compiled/react-dom/cjs/react-dom.development.js:11121:18)
    at mountIndeterminateComponent (webpack-internal:///(app-pages-browser)/./node_modules/.pnpm/next@14.2.21_react-dom@18.3.1_react@18.3.1__react@18.3.1/node_modules/next/dist/compiled/react-dom/cjs/react-dom.development.js:16869:13)
    at beginWork$1 (webpack-internal:///(app-pages-browser)/./node_modules/.pnpm/next@14.2.21_react-dom@18.3.1_react@18.3.1__react@18.3.1/node_modules/next/dist/compiled/react-dom/cjs/react-dom.development.js:18458:16)
    at beginWork (webpack-internal:///(app-pages-browser)/./node_modules/.pnpm/next@14.2.21_react-dom@18.3.1_react@18.3.1__react@18.3.1/node_modules/next/dist/compiled/react-dom/cjs/react-dom.development.js:26927:14)
    at performUnitOfWork (webpack-internal:///(app-pages-browser)/./node_modules/.pnpm/next@14.2.21_react-dom@18.3.1_react@18.3.1__react@18.3.1/node_modules/next/dist/compiled/react-dom/cjs/react-dom.development.js:25748:12)
    at workLoopSync (webpack-internal:///(app-pages-browser)/./node_modules/.pnpm/next@14.2.21_react-dom@18.3.1_react@18.3.1__react@18.3.1/node_modules/next/dist/compiled/react-dom/cjs/react-dom.development.js:25464:5)
    at renderRootSync (webpack-internal:///(app-pages-browser)/./node_modules/.pnpm/next@14.2.21_react-dom@18.3.1_react@18.3.1__react@18.3.1/node_modules/next/dist/compiled/react-dom/cjs/react-dom.development.js:25419:7)
    at performConcurrentWorkOnRoot (webpack-internal:///(app-pages-browser)/./node_modules/.pnpm/next@14.2.21_react-dom@18.3.1_react@18.3.1__react@18.3.1/node_modules/next/dist/compiled/react-dom/cjs/react-dom.development.js:24504:74)
    at workLoop (webpack-internal:///(app-pages-browser)/./node_modules/.pnpm/next@14.2.21_react-dom@18.3.1_react@18.3.1__react@18.3.1/node_modules/next/dist/compiled/scheduler/cjs/scheduler.development.js:256:34)
    at flushWork (webpack-internal:///(app-pages-browser)/./node_modules/.pnpm/next@14.2.21_react-dom@18.3.1_react@18.3.1__react@18.3.1/node_modules/next/dist/compiled/scheduler/cjs/scheduler.development.js:225:14)
    at MessagePort.performWorkUntilDeadline (webpack-internal:///(app-pages-browser)/./node_modules/.pnpm/next@14.2.21_react-dom@18.3.1_react@18.3.1__react@18.3.1/node_modules/next/dist/compiled/scheduler/cjs/scheduler.development.js:534:21)
[  220917ms] ReferenceError: handleRefresh is not defined
    at AnalyticsPage (webpack-internal:///(app-pages-browser)/./src/app/panel/inmobiliaria/analytics/page.tsx:610:42)
    at renderWithHooks (webpack-internal:///(app-pages-browser)/./node_modules/.pnpm/next@14.2.21_react-dom@18.3.1_react@18.3.1__react@18.3.1/node_modules/next/dist/compiled/react-dom/cjs/react-dom.development.js:11121:18)
    at mountIndeterminateComponent (webpack-internal:///(app-pages-browser)/./node_modules/.pnpm/next@14.2.21_react-dom@18.3.1_react@18.3.1__react@18.3.1/node_modules/next/dist/compiled/react-dom/cjs/react-dom.development.js:16869:13)
    at beginWork$1 (webpack-internal:///(app-pages-browser)/./node_modules/.pnpm/next@14.2.21_react-dom@18.3.1_react@18.3.1__react@18.3.1/node_modules/next/dist/compiled/react-dom/cjs/react-dom.development.js:18458:16)
    at HTMLUnknownElement.callCallback (webpack-internal:///(app-pages-browser)/./node_modules/.pnpm/next@14.2.21_react-dom@18.3.1_react@18.3.1__react@18.3.1/node_modules/next/dist/compiled/react-dom/cjs/react-dom.development.js:20565:14)
    at Object.invokeGuardedCallbackImpl (webpack-internal:///(app-pages-browser)/./node_modules/.pnpm/next@14.2.21_react-dom@18.3.1_react@18.3.1__react@18.3.1/node_modules/next/dist/compiled/react-dom/cjs/react-dom.development.js:20614:16)
    at invokeGuardedCallback (webpack-internal:///(app-pages-browser)/./node_modules/.pnpm/next@14.2.21_react-dom@18.3.1_react@18.3.1__react@18.3.1/node_modules/next/dist/compiled/react-dom/cjs/react-dom.development.js:20689:29)
    at beginWork (webpack-internal:///(app-pages-browser)/./node_modules/.pnpm/next@14.2.21_react-dom@18.3.1_react@18.3.1__react@18.3.1/node_modules/next/dist/compiled/react-dom/cjs/react-dom.development.js:26949:7)
    at performUnitOfWork (webpack-internal:///(app-pages-browser)/./node_modules/.pnpm/next@14.2.21_react-dom@18.3.1_react@18.3.1__react@18.3.1/node_modules/next/dist/compiled/react-dom/cjs/react-dom.development.js:25748:12)
    at workLoopSync (webpack-internal:///(app-pages-browser)/./node_modules/.pnpm/next@14.2.21_react-dom@18.3.1_react@18.3.1__react@18.3.1/node_modules/next/dist/compiled/react-dom/cjs/react-dom.development.js:25464:5)
    at renderRootSync (webpack-internal:///(app-pages-browser)/./node_modules/.pnpm/next@14.2.21_react-dom@18.3.1_react@18.3.1__react@18.3.1/node_modules/next/dist/compiled/react-dom/cjs/react-dom.development.js:25419:7)
    at recoverFromConcurrentError (webpack-internal:///(app-pages-browser)/./node_modules/.pnpm/next@14.2.21_react-dom@18.3.1_react@18.3.1__react@18.3.1/node_modules/next/dist/compiled/react-dom/cjs/react-dom.development.js:24597:20)
    at performConcurrentWorkOnRoot (webpack-internal:///(app-pages-browser)/./node_modules/.pnpm/next@14.2.21_react-dom@18.3.1_react@18.3.1__react@18.3.1/node_modules/next/dist/compiled/react-dom/cjs/react-dom.development.js:24542:26)
    at workLoop (webpack-internal:///(app-pages-browser)/./node_modules/.pnpm/next@14.2.21_react-dom@18.3.1_react@18.3.1__react@18.3.1/node_modules/next/dist/compiled/scheduler/cjs/scheduler.development.js:256:34)
    at flushWork (webpack-internal:///(app-pages-browser)/./node_modules/.pnpm/next@14.2.21_react-dom@18.3.1_react@18.3.1__react@18.3.1/node_modules/next/dist/compiled/scheduler/cjs/scheduler.development.js:225:14)
    at MessagePort.performWorkUntilDeadline (webpack-internal:///(app-pages-browser)/./node_modules/.pnpm/next@14.2.21_react-dom@18.3.1_react@18.3.1__react@18.3.1/node_modules/next/dist/compiled/scheduler/cjs/scheduler.development.js:534:21)
[  220919ms] ReferenceError: handleRefresh is not defined
    at AnalyticsPage (webpack-internal:///(app-pages-browser)/./src/app/panel/inmobiliaria/analytics/page.tsx:610:42)
    at renderWithHooks (webpack-internal:///(app-pages-browser)/./node_modules/.pnpm/next@14.2.21_react-dom@18.3.1_react@18.3.1__react@18.3.1/node_modules/next/dist/compiled/react-dom/cjs/react-dom.development.js:11121:18)
    at mountIndeterminateComponent (webpack-internal:///(app-pages-browser)/./node_modules/.pnpm/next@14.2.21_react-dom@18.3.1_react@18.3.1__react@18.3.1/node_modules/next/dist/compiled/react-dom/cjs/react-dom.development.js:16869:13)
    at beginWork$1 (webpack-internal:///(app-pages-browser)/./node_modules/.pnpm/next@14.2.21_react-dom@18.3.1_react@18.3.1__react@18.3.1/node_modules/next/dist/compiled/react-dom/cjs/react-dom.development.js:18458:16)
    at beginWork (webpack-internal:///(app-pages-browser)/./node_modules/.pnpm/next@14.2.21_react-dom@18.3.1_react@18.3.1__react@18.3.1/node_modules/next/dist/compiled/react-dom/cjs/react-dom.development.js:26927:14)
    at performUnitOfWork (webpack-internal:///(app-pages-browser)/./node_modules/.pnpm/next@14.2.21_react-dom@18.3.1_react@18.3.1__react@18.3.1/node_modules/next/dist/compiled/react-dom/cjs/react-dom.development.js:25748:12)
    at workLoopSync (webpack-internal:///(app-pages-browser)/./node_modules/.pnpm/next@14.2.21_react-dom@18.3.1_react@18.3.1__react@18.3.1/node_modules/next/dist/compiled/react-dom/cjs/react-dom.development.js:25464:5)
    at renderRootSync (webpack-internal:///(app-pages-browser)/./node_modules/.pnpm/next@14.2.21_react-dom@18.3.1_react@18.3.1__react@18.3.1/node_modules/next/dist/compiled/react-dom/cjs/react-dom.development.js:25419:7)
    at recoverFromConcurrentError (webpack-internal:///(app-pages-browser)/./node_modules/.pnpm/next@14.2.21_react-dom@18.3.1_react@18.3.1__react@18.3.1/node_modules/next/dist/compiled/react-dom/cjs/react-dom.development.js:24597:20)
    at performConcurrentWorkOnRoot (webpack-internal:///(app-pages-browser)/./node_modules/.pnpm/next@14.2.21_react-dom@18.3.1_react@18.3.1__react@18.3.1/node_modules/next/dist/compiled/react-dom/cjs/react-dom.development.js:24542:26)
    at workLoop (webpack-internal:///(app-pages-browser)/./node_modules/.pnpm/next@14.2.21_react-dom@18.3.1_react@18.3.1__react@18.3.1/node_modules/next/dist/compiled/scheduler/cjs/scheduler.development.js:256:34)
    at flushWork (webpack-internal:///(app-pages-browser)/./node_modules/.pnpm/next@14.2.21_react-dom@18.3.1_react@18.3.1__react@18.3.1/node_modules/next/dist/compiled/scheduler/cjs/scheduler.development.js:225:14)
    at MessagePort.performWorkUntilDeadline (webpack-internal:///(app-pages-browser)/./node_modules/.pnpm/next@14.2.21_react-dom@18.3.1_react@18.3.1__react@18.3.1/node_modules/next/dist/compiled/scheduler/cjs/scheduler.development.js:534:21)
[  220923ms] ReferenceError: handleRefresh is not defined
    at AnalyticsPage (webpack-internal:///(app-pages-browser)/./src/app/panel/inmobiliaria/analytics/page.tsx:610:42)
    at renderWithHooks (webpack-internal:///(app-pages-browser)/./node_modules/.pnpm/next@14.2.21_react-dom@18.3.1_react@18.3.1__react@18.3.1/node_modules/next/dist/compiled/react-dom/cjs/react-dom.development.js:11121:18)
    at mountIndeterminateComponent (webpack-internal:///(app-pages-browser)/./node_modules/.pnpm/next@14.2.21_react-dom@18.3.1_react@18.3.1__react@18.3.1/node_modules/next/dist/compiled/react-dom/cjs/react-dom.development.js:16869:13)
    at beginWork$1 (webpack-internal:///(app-pages-browser)/./node_modules/.pnpm/next@14.2.21_react-dom@18.3.1_react@18.3.1__react@18.3.1/node_modules/next/dist/compiled/react-dom/cjs/react-dom.development.js:18458:16)
    at beginWork (webpack-internal:///(app-pages-browser)/./node_modules/.pnpm/next@14.2.21_react-dom@18.3.1_react@18.3.1__react@18.3.1/node_modules/next/dist/compiled/react-dom/cjs/react-dom.development.js:26927:14)
    at performUnitOfWork (webpack-internal:///(app-pages-browser)/./node_modules/.pnpm/next@14.2.21_react-dom@18.3.1_react@18.3.1__react@18.3.1/node_modules/next/dist/compiled/react-dom/cjs/react-dom.development.js:25748:12)
    at workLoopSync (webpack-internal:///(app-pages-browser)/./node_modules/.pnpm/next@14.2.21_react-dom@18.3.1_react@18.3.1__react@18.3.1/node_modules/next/dist/compiled/react-dom/cjs/react-dom.development.js:25464:5)
    at renderRootSync (webpack-internal:///(app-pages-browser)/./node_modules/.pnpm/next@14.2.21_react-dom@18.3.1_react@18.3.1__react@18.3.1/node_modules/next/dist/compiled/react-dom/cjs/react-dom.development.js:25419:7)
    at recoverFromConcurrentError (webpack-internal:///(app-pages-browser)/./node_modules/.pnpm/next@14.2.21_react-dom@18.3.1_react@18.3.1__react@18.3.1/node_modules/next/dist/compiled/react-dom/cjs/react-dom.development.js:24597:20)
    at performConcurrentWorkOnRoot (webpack-internal:///(app-pages-browser)/./node_modules/.pnpm/next@14.2.21_react-dom@18.3.1_react@18.3.1__react@18.3.1/node_modules/next/dist/compiled/react-dom/cjs/react-dom.development.js:24542:26)
    at workLoop (webpack-internal:///(app-pages-browser)/./node_modules/.pnpm/next@14.2.21_react-dom@18.3.1_react@18.3.1__react@18.3.1/node_modules/next/dist/compiled/scheduler/cjs/scheduler.development.js:256:34)
    at flushWork (webpack-internal:///(app-pages-browser)/./node_modules/.pnpm/next@14.2.21_react-dom@18.3.1_react@18.3.1__react@18.3.1/node_modules/next/dist/compiled/scheduler/cjs/scheduler.development.js:225:14)
    at MessagePort.performWorkUntilDeadline (webpack-internal:///(app-pages-browser)/./node_modules/.pnpm/next@14.2.21_react-dom@18.3.1_react@18.3.1__react@18.3.1/node_modules/next/dist/compiled/scheduler/cjs/scheduler.development.js:534:21)
[  220924ms] ReferenceError: handleRefresh is not defined
    at AnalyticsPage (webpack-internal:///(app-pages-browser)/./src/app/panel/inmobiliaria/analytics/page.tsx:610:42)
    at renderWithHooks (webpack-internal:///(app-pages-browser)/./node_modules/.pnpm/next@14.2.21_react-dom@18.3.1_react@18.3.1__react@18.3.1/node_modules/next/dist/compiled/react-dom/cjs/react-dom.development.js:11121:18)
    at mountIndeterminateComponent (webpack-internal:///(app-pages-browser)/./node_modules/.pnpm/next@14.2.21_react-dom@18.3.1_react@18.3.1__react@18.3.1/node_modules/next/dist/compiled/react-dom/cjs/react-dom.development.js:16869:13)
    at beginWork$1 (webpack-internal:///(app-pages-browser)/./node_modules/.pnpm/next@14.2.21_react-dom@18.3.1_react@18.3.1__react@18.3.1/node_modules/next/dist/compiled/react-dom/cjs/react-dom.development.js:18458:16)
    at beginWork (webpack-internal:///(app-pages-browser)/./node_modules/.pnpm/next@14.2.21_react-dom@18.3.1_react@18.3.1__react@18.3.1/node_modules/next/dist/compiled/react-dom/cjs/react-dom.development.js:26927:14)
    at performUnitOfWork (webpack-internal:///(app-pages-browser)/./node_modules/.pnpm/next@14.2.21_react-dom@18.3.1_react@18.3.1__react@18.3.1/node_modules/next/dist/compiled/react-dom/cjs/react-dom.development.js:25748:12)
    at workLoopSync (webpack-internal:///(app-pages-browser)/./node_modules/.pnpm/next@14.2.21_react-dom@18.3.1_react@18.3.1__react@18.3.1/node_modules/next/dist/compiled/react-dom/cjs/react-dom.development.js:25464:5)
    at renderRootSync (webpack-internal:///(app-pages-browser)/./node_modules/.pnpm/next@14.2.21_react-dom@18.3.1_react@18.3.1__react@18.3.1/node_modules/next/dist/compiled/react-dom/cjs/react-dom.development.js:25419:7)
    at recoverFromConcurrentError (webpack-internal:///(app-pages-browser)/./node_modules/.pnpm/next@14.2.21_react-dom@18.3.1_react@18.3.1__react@18.3.1/node_modules/next/dist/compiled/react-dom/cjs/react-dom.development.js:24597:20)
    at performConcurrentWorkOnRoot (webpack-internal:///(app-pages-browser)/./node_modules/.pnpm/next@14.2.21_react-dom@18.3.1_react@18.3.1__react@18.3.1/node_modules/next/dist/compiled/react-dom/cjs/react-dom.development.js:24542:26)
    at workLoop (webpack-internal:///(app-pages-browser)/./node_modules/.pnpm/next@14.2.21_react-dom@18.3.1_react@18.3.1__react@18.3.1/node_modules/next/dist/compiled/scheduler/cjs/scheduler.development.js:256:34)
    at flushWork (webpack-internal:///(app-pages-browser)/./node_modules/.pnpm/next@14.2.21_react-dom@18.3.1_react@18.3.1__react@18.3.1/node_modules/next/dist/compiled/scheduler/cjs/scheduler.development.js:225:14)
    at MessagePort.performWorkUntilDeadline (webpack-internal:///(app-pages-browser)/./node_modules/.pnpm/next@14.2.21_react-dom@18.3.1_react@18.3.1__react@18.3.1/node_modules/next/dist/compiled/scheduler/cjs/scheduler.development.js:534:21)
[  220926ms] ReferenceError: handleRefresh is not defined
    at AnalyticsPage (webpack-internal:///(app-pages-browser)/./src/app/panel/inmobiliaria/analytics/page.tsx:610:42)
    at renderWithHooks (webpack-internal:///(app-pages-browser)/./node_modules/.pnpm/next@14.2.21_react-dom@18.3.1_react@18.3.1__react@18.3.1/node_modules/next/dist/compiled/react-dom/cjs/react-dom.development.js:11121:18)
    at mountIndeterminateComponent (webpack-internal:///(app-pages-browser)/./node_modules/.pnpm/next@14.2.21_react-dom@18.3.1_react@18.3.1__react@18.3.1/node_modules/next/dist/compiled/react-dom/cjs/react-dom.development.js:16869:13)
    at beginWork$1 (webpack-internal:///(app-pages-browser)/./node_modules/.pnpm/next@14.2.21_react-dom@18.3.1_react@18.3.1__react@18.3.1/node_modules/next/dist/compiled/react-dom/cjs/react-dom.development.js:18458:16)
    at beginWork (webpack-internal:///(app-pages-browser)/./node_modules/.pnpm/next@14.2.21_react-dom@18.3.1_react@18.3.1__react@18.3.1/node_modules/next/dist/compiled/react-dom/cjs/react-dom.development.js:26927:14)
    at performUnitOfWork (webpack-internal:///(app-pages-browser)/./node_modules/.pnpm/next@14.2.21_react-dom@18.3.1_react@18.3.1__react@18.3.1/node_modules/next/dist/compiled/react-dom/cjs/react-dom.development.js:25748:12)
    at workLoopSync (webpack-internal:///(app-pages-browser)/./node_modules/.pnpm/next@14.2.21_react-dom@18.3.1_react@18.3.1__react@18.3.1/node_modules/next/dist/compiled/react-dom/cjs/react-dom.development.js:25464:5)
    at renderRootSync (webpack-internal:///(app-pages-browser)/./node_modules/.pnpm/next@14.2.21_react-dom@18.3.1_react@18.3.1__react@18.3.1/node_modules/next/dist/compiled/react-dom/cjs/react-dom.development.js:25419:7)
    at recoverFromConcurrentError (webpack-internal:///(app-pages-browser)/./node_modules/.pnpm/next@14.2.21_react-dom@18.3.1_react@18.3.1__react@18.3.1/node_modules/next/dist/compiled/react-dom/cjs/react-dom.development.js:24597:20)
    at performConcurrentWorkOnRoot (webpack-internal:///(app-pages-browser)/./node_modules/.pnpm/next@14.2.21_react-dom@18.3.1_react@18.3.1__react@18.3.1/node_modules/next/dist/compiled/react-dom/cjs/react-dom.development.js:24542:26)
    at workLoop (webpack-internal:///(app-pages-browser)/./node_modules/.pnpm/next@14.2.21_react-dom@18.3.1_react@18.3.1__react@18.3.1/node_modules/next/dist/compiled/scheduler/cjs/scheduler.development.js:256:34)
    at flushWork (webpack-internal:///(app-pages-browser)/./node_modules/.pnpm/next@14.2.21_react-dom@18.3.1_react@18.3.1__react@18.3.1/node_modules/next/dist/compiled/scheduler/cjs/scheduler.development.js:225:14)
    at MessagePort.performWorkUntilDeadline (webpack-internal:///(app-pages-browser)/./node_modules/.pnpm/next@14.2.21_react-dom@18.3.1_react@18.3.1__react@18.3.1/node_modules/next/dist/compiled/scheduler/cjs/scheduler.development.js:534:21)
[  220926ms] ReferenceError: handleRefresh is not defined
    at AnalyticsPage (webpack-internal:///(app-pages-browser)/./src/app/panel/inmobiliaria/analytics/page.tsx:610:42)
    at renderWithHooks (webpack-internal:///(app-pages-browser)/./node_modules/.pnpm/next@14.2.21_react-dom@18.3.1_react@18.3.1__react@18.3.1/node_modules/next/dist/compiled/react-dom/cjs/react-dom.development.js:11121:18)
    at mountIndeterminateComponent (webpack-internal:///(app-pages-browser)/./node_modules/.pnpm/next@14.2.21_react-dom@18.3.1_react@18.3.1__react@18.3.1/node_modules/next/dist/compiled/react-dom/cjs/react-dom.development.js:16869:13)
    at beginWork$1 (webpack-internal:///(app-pages-browser)/./node_modules/.pnpm/next@14.2.21_react-dom@18.3.1_react@18.3.1__react@18.3.1/node_modules/next/dist/compiled/react-dom/cjs/react-dom.development.js:18458:16)
    at beginWork (webpack-internal:///(app-pages-browser)/./node_modules/.pnpm/next@14.2.21_react-dom@18.3.1_react@18.3.1__react@18.3.1/node_modules/next/dist/compiled/react-dom/cjs/react-dom.development.js:26927:14)
    at performUnitOfWork (webpack-internal:///(app-pages-browser)/./node_modules/.pnpm/next@14.2.21_react-dom@18.3.1_react@18.3.1__react@18.3.1/node_modules/next/dist/compiled/react-dom/cjs/react-dom.development.js:25748:12)
    at workLoopSync (webpack-internal:///(app-pages-browser)/./node_modules/.pnpm/next@14.2.21_react-dom@18.3.1_react@18.3.1__react@18.3.1/node_modules/next/dist/compiled/react-dom/cjs/react-dom.development.js:25464:5)
    at renderRootSync (webpack-internal:///(app-pages-browser)/./node_modules/.pnpm/next@14.2.21_react-dom@18.3.1_react@18.3.1__react@18.3.1/node_modules/next/dist/compiled/react-dom/cjs/react-dom.development.js:25419:7)
    at recoverFromConcurrentError (webpack-internal:///(app-pages-browser)/./node_modules/.pnpm/next@14.2.21_react-dom@18.3.1_react@18.3.1__react@18.3.1/node_modules/next/dist/compiled/react-dom/cjs/react-dom.development.js:24597:20)
    at performConcurrentWorkOnRoot (webpack-internal:///(app-pages-browser)/./node_modules/.pnpm/next@14.2.21_react-dom@18.3.1_react@18.3.1__react@18.3.1/node_modules/next/dist/compiled/react-dom/cjs/react-dom.development.js:24542:26)
    at workLoop (webpack-internal:///(app-pages-browser)/./node_modules/.pnpm/next@14.2.21_react-dom@18.3.1_react@18.3.1__react@18.3.1/node_modules/next/dist/compiled/scheduler/cjs/scheduler.development.js:256:34)
    at flushWork (webpack-internal:///(app-pages-browser)/./node_modules/.pnpm/next@14.2.21_react-dom@18.3.1_react@18.3.1__react@18.3.1/node_modules/next/dist/compiled/scheduler/cjs/scheduler.development.js:225:14)
    at MessagePort.performWorkUntilDeadline (webpack-internal:///(app-pages-browser)/./node_modules/.pnpm/next@14.2.21_react-dom@18.3.1_react@18.3.1__react@18.3.1/node_modules/next/dist/compiled/scheduler/cjs/scheduler.development.js:534:21)
[  220928ms] ReferenceError: handleRefresh is not defined
    at AnalyticsPage (webpack-internal:///(app-pages-browser)/./src/app/panel/inmobiliaria/analytics/page.tsx:610:42)
    at renderWithHooks (webpack-internal:///(app-pages-browser)/./node_modules/.pnpm/next@14.2.21_react-dom@18.3.1_react@18.3.1__react@18.3.1/node_modules/next/dist/compiled/react-dom/cjs/react-dom.development.js:11121:18)
    at mountIndeterminateComponent (webpack-internal:///(app-pages-browser)/./node_modules/.pnpm/next@14.2.21_react-dom@18.3.1_react@18.3.1__react@18.3.1/node_modules/next/dist/compiled/react-dom/cjs/react-dom.development.js:16869:13)
    at beginWork$1 (webpack-internal:///(app-pages-browser)/./node_modules/.pnpm/next@14.2.21_react-dom@18.3.1_react@18.3.1__react@18.3.1/node_modules/next/dist/compiled/react-dom/cjs/react-dom.development.js:18458:16)
    at beginWork (webpack-internal:///(app-pages-browser)/./node_modules/.pnpm/next@14.2.21_react-dom@18.3.1_react@18.3.1__react@18.3.1/node_modules/next/dist/compiled/react-dom/cjs/react-dom.development.js:26927:14)
    at performUnitOfWork (webpack-internal:///(app-pages-browser)/./node_modules/.pnpm/next@14.2.21_react-dom@18.3.1_react@18.3.1__react@18.3.1/node_modules/next/dist/compiled/react-dom/cjs/react-dom.development.js:25748:12)
    at workLoopSync (webpack-internal:///(app-pages-browser)/./node_modules/.pnpm/next@14.2.21_react-dom@18.3.1_react@18.3.1__react@18.3.1/node_modules/next/dist/compiled/react-dom/cjs/react-dom.development.js:25464:5)
    at renderRootSync (webpack-internal:///(app-pages-browser)/./node_modules/.pnpm/next@14.2.21_react-dom@18.3.1_react@18.3.1__react@18.3.1/node_modules/next/dist/compiled/react-dom/cjs/react-dom.development.js:25419:7)
    at recoverFromConcurrentError (webpack-internal:///(app-pages-browser)/./node_modules/.pnpm/next@14.2.21_react-dom@18.3.1_react@18.3.1__react@18.3.1/node_modules/next/dist/compiled/react-dom/cjs/react-dom.development.js:24597:20)
    at performConcurrentWorkOnRoot (webpack-internal:///(app-pages-browser)/./node_modules/.pnpm/next@14.2.21_react-dom@18.3.1_react@18.3.1__react@18.3.1/node_modules/next/dist/compiled/react-dom/cjs/react-dom.development.js:24542:26)
    at workLoop (webpack-internal:///(app-pages-browser)/./node_modules/.pnpm/next@14.2.21_react-dom@18.3.1_react@18.3.1__react@18.3.1/node_modules/next/dist/compiled/scheduler/cjs/scheduler.development.js:256:34)
    at flushWork (webpack-internal:///(app-pages-browser)/./node_modules/.pnpm/next@14.2.21_react-dom@18.3.1_react@18.3.1__react@18.3.1/node_modules/next/dist/compiled/scheduler/cjs/scheduler.development.js:225:14)
    at MessagePort.performWorkUntilDeadline (webpack-internal:///(app-pages-browser)/./node_modules/.pnpm/next@14.2.21_react-dom@18.3.1_react@18.3.1__react@18.3.1/node_modules/next/dist/compiled/scheduler/cjs/scheduler.development.js:534:21)
[  220930ms] ReferenceError: handleRefresh is not defined
    at AnalyticsPage (webpack-internal:///(app-pages-browser)/./src/app/panel/inmobiliaria/analytics/page.tsx:610:42)
    at renderWithHooks (webpack-internal:///(app-pages-browser)/./node_modules/.pnpm/next@14.2.21_react-dom@18.3.1_react@18.3.1__react@18.3.1/node_modules/next/dist/compiled/react-dom/cjs/react-dom.development.js:11121:18)
    at mountIndeterminateComponent (webpack-internal:///(app-pages-browser)/./node_modules/.pnpm/next@14.2.21_react-dom@18.3.1_react@18.3.1__react@18.3.1/node_modules/next/dist/compiled/react-dom/cjs/react-dom.development.js:16869:13)
    at beginWork$1 (webpack-internal:///(app-pages-browser)/./node_modules/.pnpm/next@14.2.21_react-dom@18.3.1_react@18.3.1__react@18.3.1/node_modules/next/dist/compiled/react-dom/cjs/react-dom.development.js:18458:16)
    at beginWork (webpack-internal:///(app-pages-browser)/./node_modules/.pnpm/next@14.2.21_react-dom@18.3.1_react@18.3.1__react@18.3.1/node_modules/next/dist/compiled/react-dom/cjs/react-dom.development.js:26927:14)
    at performUnitOfWork (webpack-internal:///(app-pages-browser)/./node_modules/.pnpm/next@14.2.21_react-dom@18.3.1_react@18.3.1__react@18.3.1/node_modules/next/dist/compiled/react-dom/cjs/react-dom.development.js:25748:12)
    at workLoopSync (webpack-internal:///(app-pages-browser)/./node_modules/.pnpm/next@14.2.21_react-dom@18.3.1_react@18.3.1__react@18.3.1/node_modules/next/dist/compiled/react-dom/cjs/react-dom.development.js:25464:5)
    at renderRootSync (webpack-internal:///(app-pages-browser)/./node_modules/.pnpm/next@14.2.21_react-dom@18.3.1_react@18.3.1__react@18.3.1/node_modules/next/dist/compiled/react-dom/cjs/react-dom.development.js:25419:7)
    at recoverFromConcurrentError (webpack-internal:///(app-pages-browser)/./node_modules/.pnpm/next@14.2.21_react-dom@18.3.1_react@18.3.1__react@18.3.1/node_modules/next/dist/compiled/react-dom/cjs/react-dom.development.js:24597:20)
    at performConcurrentWorkOnRoot (webpack-internal:///(app-pages-browser)/./node_modules/.pnpm/next@14.2.21_react-dom@18.3.1_react@18.3.1__react@18.3.1/node_modules/next/dist/compiled/react-dom/cjs/react-dom.development.js:24542:26)
    at workLoop (webpack-internal:///(app-pages-browser)/./node_modules/.pnpm/next@14.2.21_react-dom@18.3.1_react@18.3.1__react@18.3.1/node_modules/next/dist/compiled/scheduler/cjs/scheduler.development.js:256:34)
    at flushWork (webpack-internal:///(app-pages-browser)/./node_modules/.pnpm/next@14.2.21_react-dom@18.3.1_react@18.3.1__react@18.3.1/node_modules/next/dist/compiled/scheduler/cjs/scheduler.development.js:225:14)
    at MessagePort.performWorkUntilDeadline (webpack-internal:///(app-pages-browser)/./node_modules/.pnpm/next@14.2.21_react-dom@18.3.1_react@18.3.1__react@18.3.1/node_modules/next/dist/compiled/scheduler/cjs/scheduler.development.js:534:21)
[  220931ms] [ERROR] The above error occurred in the <NotFoundErrorBoundary> component:

    at AnalyticsPage (webpack-internal:///(app-pages-browser)/./src/app/panel/inmobiliaria/analytics/page.tsx:422:88)
    at ClientPageRoot (webpack-internal:///(app-pages-browser)/./node_modules/.pnpm/next@14.2.21_react-dom@18.3.1_react@18.3.1__react@18.3.1/node_modules/next/dist/client/components/client-page.js:14:11)
    at InnerLayoutRouter (webpack-internal:///(app-pages-browser)/./node_modules/.pnpm/next@14.2.21_react-dom@18.3.1_react@18.3.1__react@18.3.1/node_modules/next/dist/client/components/layout-router.js:243:11)
    at RedirectErrorBoundary (webpack-internal:///(app-pages-browser)/./node_modules/.pnpm/next@14.2.21_react-dom@18.3.1_react@18.3.1__react@18.3.1/node_modules/next/dist/client/components/redirect-boundary.js:74:9)
    at RedirectBoundary (webpack-internal:///(app-pages-browser)/./node_modules/.pnpm/next@14.2.21_react-dom@18.3.1_react@18.3.1__react@18.3.1/node_modules/next/dist/client/components/redirect-boundary.js:82:11)
    at NotFoundBoundary (webpack-internal:///(app-pages-browser)/./node_modules/.pnpm/next@14.2.21_react-dom@18.3.1_react@18.3.1__react@18.3.1/node_modules/next/dist/client/components/not-found-boundary.js:84:11)
    at LoadingBoundary (webpack-internal:///(app-pages-browser)/./node_modules/.pnpm/next@14.2.21_react-dom@18.3.1_react@18.3.1__react@18.3.1/node_modules/next/dist/client/components/layout-router.js:349:11)
    at ErrorBoundary (webpack-internal:///(app-pages-browser)/./node_modules/.pnpm/next@14.2.21_react-dom@18.3.1_react@18.3.1__react@18.3.1/node_modules/next/dist/client/components/error-boundary.js:160:11)
    at InnerScrollAndFocusHandler (webpack-internal:///(app-pages-browser)/./node_modules/.pnpm/next@14.2.21_react-dom@18.3.1_react@18.3.1__react@18.3.1/node_modules/next/dist/client/components/layout-router.js:153:9)
    at ScrollAndFocusHandler (webpack-internal:///(app-pages-browser)/./node_modules/.pnpm/next@14.2.21_react-dom@18.3.1_react@18.3.1__react@18.3.1/node_modules/next/dist/client/components/layout-router.js:228:11)
    at RenderFromTemplateContext (webpack-internal:///(app-pages-browser)/./node_modules/.pnpm/next@14.2.21_react-dom@18.3.1_react@18.3.1__react@18.3.1/node_modules/next/dist/client/components/render-from-template-context.js:16:44)
    at OuterLayoutRouter (webpack-internal:///(app-pages-browser)/./node_modules/.pnpm/next@14.2.21_react-dom@18.3.1_react@18.3.1__react@18.3.1/node_modules/next/dist/client/components/layout-router.js:370:11)
    at InnerLayoutRouter (webpack-internal:///(app-pages-browser)/./node_modules/.pnpm/next@14.2.21_react-dom@18.3.1_react@18.3.1__react@18.3.1/node_modules/next/dist/client/components/layout-router.js:243:11)
    at RedirectErrorBoundary (webpack-internal:///(app-pages-browser)/./node_modules/.pnpm/next@14.2.21_react-dom@18.3.1_react@18.3.1__react@18.3.1/node_modules/next/dist/client/components/redirect-boundary.js:74:9)
    at RedirectBoundary (webpack-internal:///(app-pages-browser)/./node_modules/.pnpm/next@14.2.21_react-dom@18.3.1_react@18.3.1__react@18.3.1/node_modules/next/dist/client/components/redirect-boundary.js:82:11)
    at NotFoundBoundary (webpack-internal:///(app-pages-browser)/./node_modules/.pnpm/next@14.2.21_react-dom@18.3.1_react@18.3.1__react@18.3.1/node_modules/next/dist/client/components/not-found-boundary.js:84:11)
    at LoadingBoundary (webpack-internal:///(app-pages-browser)/./node_modules/.pnpm/next@14.2.21_react-dom@18.3.1_react@18.3.1__react@18.3.1/node_modules/next/dist/client/components/layout-router.js:349:11)
    at ErrorBoundary (webpack-internal:///(app-pages-browser)/./node_modules/.pnpm/next@14.2.21_react-dom@18.3.1_react@18.3.1__react@18.3.1/node_modules/next/dist/client/components/error-boundary.js:160:11)
    at InnerScrollAndFocusHandler (webpack-internal:///(app-pages-browser)/./node_modules/.pnpm/next@14.2.21_react-dom@18.3.1_react@18.3.1__react@18.3.1/node_modules/next/dist/client/components/layout-router.js:153:9)
    at ScrollAndFocusHandler (webpack-internal:///(app-pages-browser)/./node_modules/.pnpm/next@14.2.21_react-dom@18.3.1_react@18.3.1__react@18.3.1/node_modules/next/dist/client/components/layout-router.js:228:11)
    at RenderFromTemplateContext (webpack-internal:///(app-pages-browser)/./node_modules/.pnpm/next@14.2.21_react-dom@18.3.1_react@18.3.1__react@18.3.1/node_modules/next/dist/client/components/render-from-template-context.js:16:44)
    at OuterLayoutRouter (webpack-internal:///(app-pages-browser)/./node_modules/.pnpm/next@14.2.21_react-dom@18.3.1_react@18.3.1__react@18.3.1/node_modules/next/dist/client/components/layout-router.js:370:11)
    at main
    at div
    at div
    at InmobiliariaLayoutInner (webpack-internal:///(app-pages-browser)/./src/app/panel/inmobiliaria/layout.tsx:111:11)
    at SidebarProvider (webpack-internal:///(app-pages-browser)/./src/lib/context/SidebarContext.tsx:14:11)
    at I18nProvider (webpack-internal:///(app-pages-browser)/./src/lib/i18n/i18n-context.tsx:48:11)
    at ProtectedRoute (webpack-internal:///(app-pages-browser)/./src/components/auth/ProtectedRoute.tsx:29:11)
    at InmobiliariaLayout (webpack-internal:///(app-pages-browser)/./src/app/panel/inmobiliaria/layout.tsx:184:11)
    at InnerLayoutRouter (webpack-internal:///(app-pages-browser)/./node_modules/.pnpm/next@14.2.21_react-dom@18.3.1_react@18.3.1__react@18.3.1/node_modules/next/dist/client/components/layout-router.js:243:11)
    at RedirectErrorBoundary (webpack-internal:///(app-pages-browser)/./node_modules/.pnpm/next@14.2.21_react-dom@18.3.1_react@18.3.1__react@18.3.1/node_modules/next/dist/client/components/redirect-boundary.js:74:9)
    at RedirectBoundary (webpack-internal:///(app-pages-browser)/./node_modules/.pnpm/next@14.2.21_react-dom@18.3.1_react@18.3.1__react@18.3.1/node_modules/next/dist/client/components/redirect-boundary.js:82:11)
    at NotFoundBoundary (webpack-internal:///(app-pages-browser)/./node_modules/.pnpm/next@14.2.21_react-dom@18.3.1_react@18.3.1__react@18.3.1/node_modules/next/dist/client/components/not-found-boundary.js:84:11)
    at LoadingBoundary (webpack-internal:///(app-pages-browser)/./node_modules/.pnpm/next@14.2.21_react-dom@18.3.1_react@18.3.1__react@18.3.1/node_modules/next/dist/client/components/layout-router.js:349:11)
    at ErrorBoundary (webpack-internal:///(app-pages-browser)/./node_modules/.pnpm/next@14.2.21_react-dom@18.3.1_react@18.3.1__react@18.3.1/node_modules/next/dist/client/components/error-boundary.js:160:11)
    at InnerScrollAndFocusHandler (webpack-internal:///(app-pages-browser)/./node_modules/.pnpm/next@14.2.21_react-dom@18.3.1_react@18.3.1__react@18.3.1/node_modules/next/dist/client/components/layout-router.js:153:9)
    at ScrollAndFocusHandler (webpack-internal:///(app-pages-browser)/./node_modules/.pnpm/next@14.2.21_react-dom@18.3.1_react@18.3.1__react@18.3.1/node_modules/next/dist/client/components/layout-router.js:228:11)
    at RenderFromTemplateContext (webpack-internal:///(app-pages-browser)/./node_modules/.pnpm/next@14.2.21_react-dom@18.3.1_react@18.3.1__react@18.3.1/node_modules/next/dist/client/components/render-from-template-context.js:16:44)
    at OuterLayoutRouter (webpack-internal:///(app-pages-browser)/./node_modules/.pnpm/next@14.2.21_react-dom@18.3.1_react@18.3.1__react@18.3.1/node_modules/next/dist/client/components/layout-router.js:370:11)
    at InnerLayoutRouter (webpack-internal:///(app-pages-browser)/./node_modules/.pnpm/next@14.2.21_react-dom@18.3.1_react@18.3.1__react@18.3.1/node_modules/next/dist/client/components/layout-router.js:243:11)
    at RedirectErrorBoundary (webpack-internal:///(app-pages-browser)/./node_modules/.pnpm/next@14.2.21_react-dom@18.3.1_react@18.3.1__react@18.3.1/node_modules/next/dist/client/components/redirect-boundary.js:74:9)
    at RedirectBoundary (webpack-internal:///(app-pages-browser)/./node_modules/.pnpm/next@14.2.21_react-dom@18.3.1_react@18.3.1__react@18.3.1/node_modules/next/dist/client/components/redirect-boundary.js:82:11)
    at NotFoundErrorBoundary (webpack-internal:///(app-pages-browser)/./node_modules/.pnpm/next@14.2.21_react-dom@18.3.1_react@18.3.1__react@18.3.1/node_modules/next/dist/client/components/not-found-boundary.js:76:9)
    at NotFoundBoundary (webpack-internal:///(app-pages-browser)/./node_modules/.pnpm/next@14.2.21_react-dom@18.3.1_react@18.3.1__react@18.3.1/node_modules/next/dist/client/components/not-found-boundary.js:84:11)
    at LoadingBoundary (webpack-internal:///(app-pages-browser)/./node_modules/.pnpm/next@14.2.21_react-dom@18.3.1_react@18.3.1__react@18.3.1/node_modules/next/dist/client/components/layout-router.js:349:11)
    at ErrorBoundary (webpack-internal:///(app-pages-browser)/./node_modules/.pnpm/next@14.2.21_react-dom@18.3.1_react@18.3.1__react@18.3.1/node_modules/next/dist/client/components/error-boundary.js:160:11)
    at InnerScrollAndFocusHandler (webpack-internal:///(app-pages-browser)/./node_modules/.pnpm/next@14.2.21_react-dom@18.3.1_react@18.3.1__react@18.3.1/node_modules/next/dist/client/components/layout-router.js:153:9)
    at ScrollAndFocusHandler (webpack-internal:///(app-pages-browser)/./node_modules/.pnpm/next@14.2.21_react-dom@18.3.1_react@18.3.1__react@18.3.1/node_modules/next/dist/client/components/layout-router.js:228:11)
    at RenderFromTemplateContext (webpack-internal:///(app-pages-browser)/./node_modules/.pnpm/next@14.2.21_react-dom@18.3.1_react@18.3.1__react@18.3.1/node_modules/next/dist/client/components/render-from-template-context.js:16:44)
    at div
    at MotionDOMComponent (webpack-internal:///(app-pages-browser)/./node_modules/.pnpm/framer-motion@12.27.1_react-dom@18.3.1_react@18.3.1__react@18.3.1/node_modules/framer-motion/dist/es/motion/index.mjs:67:65)
    at PageTransition (webpack-internal:///(app-pages-browser)/./src/components/providers/PageTransition.tsx:13:11)
    at Template (webpack-internal:///(app-pages-browser)/./src/app/template.tsx:13:11)
    at OuterLayoutRouter (webpack-internal:///(app-pages-browser)/./node_modules/.pnpm/next@14.2.21_react-dom@18.3.1_react@18.3.1__react@18.3.1/node_modules/next/dist/client/components/layout-router.js:370:11)
    at SmoothScroll (webpack-internal:///(app-pages-browser)/./src/components/providers/SmoothScroll.tsx:36:11)
    at WishlistProvider (webpack-internal:///(app-pages-browser)/./src/lib/stores/wishlist.tsx:17:11)
    at AuthProvider (webpack-internal:///(app-pages-browser)/./src/lib/auth/auth-context.tsx:28:11)
    at V (webpack-internal:///(app-pages-browser)/./node_modules/.pnpm/next-themes@0.4.6_react-dom@18.3.1_react@18.3.1__react@18.3.1/node_modules/next-themes/dist/index.mjs:54:24)
    at J (webpack-internal:///(app-pages-browser)/./node_modules/.pnpm/next-themes@0.4.6_react-dom@18.3.1_react@18.3.1__react@18.3.1/node_modules/next-themes/dist/index.mjs:47:47)
    at ThemeProvider (webpack-internal:///(app-pages-browser)/./src/components/providers/ThemeProvider.tsx:10:11)
    at body
    at html
    at RootLayout (Server)
    at RedirectErrorBoundary (webpack-internal:///(app-pages-browser)/./node_modules/.pnpm/next@14.2.21_react-dom@18.3.1_react@18.3.1__react@18.3.1/node_modules/next/dist/client/components/redirect-boundary.js:74:9)
    at RedirectBoundary (webpack-internal:///(app-pages-browser)/./node_modules/.pnpm/next@14.2.21_react-dom@18.3.1_react@18.3.1__react@18.3.1/node_modules/next/dist/client/components/redirect-boundary.js:82:11)
    at NotFoundErrorBoundary (webpack-internal:///(app-pages-browser)/./node_modules/.pnpm/next@14.2.21_react-dom@18.3.1_react@18.3.1__react@18.3.1/node_modules/next/dist/client/components/not-found-boundary.js:76:9)
    at NotFoundBoundary (webpack-internal:///(app-pages-browser)/./node_modules/.pnpm/next@14.2.21_react-dom@18.3.1_react@18.3.1__react@18.3.1/node_modules/next/dist/client/components/not-found-boundary.js:84:11)
    at DevRootNotFoundBoundary (webpack-internal:///(app-pages-browser)/./node_modules/.pnpm/next@14.2.21_react-dom@18.3.1_react@18.3.1__react@18.3.1/node_modules/next/dist/client/components/dev-root-not-found-boundary.js:33:11)
    at ReactDevOverlay (webpack-internal:///(app-pages-browser)/./node_modules/.pnpm/next@14.2.21_react-dom@18.3.1_react@18.3.1__react@18.3.1/node_modules/next/dist/client/components/react-dev-overlay/app/ReactDevOverlay.js:87:9)
    at HotReload (webpack-internal:///(app-pages-browser)/./node_modules/.pnpm/next@14.2.21_react-dom@18.3.1_react@18.3.1__react@18.3.1/node_modules/next/dist/client/components/react-dev-overlay/app/hot-reloader-client.js:321:11)
    at Router (webpack-internal:///(app-pages-browser)/./node_modules/.pnpm/next@14.2.21_react-dom@18.3.1_react@18.3.1__react@18.3.1/node_modules/next/dist/client/components/app-router.js:207:11)
    at ErrorBoundaryHandler (webpack-internal:///(app-pages-browser)/./node_modules/.pnpm/next@14.2.21_react-dom@18.3.1_react@18.3.1__react@18.3.1/node_modules/next/dist/client/components/error-boundary.js:113:9)
    at ErrorBoundary (webpack-internal:///(app-pages-browser)/./node_modules/.pnpm/next@14.2.21_react-dom@18.3.1_react@18.3.1__react@18.3.1/node_modules/next/dist/client/components/error-boundary.js:160:11)
    at AppRouter (webpack-internal:///(app-pages-browser)/./node_modules/.pnpm/next@14.2.21_react-dom@18.3.1_react@18.3.1__react@18.3.1/node_modules/next/dist/client/components/app-router.js:585:13)
    at ServerRoot (webpack-internal:///(app-pages-browser)/./node_modules/.pnpm/next@14.2.21_react-dom@18.3.1_react@18.3.1__react@18.3.1/node_modules/next/dist/client/app-index.js:112:27)
    at Root (webpack-internal:///(app-pages-browser)/./node_modules/.pnpm/next@14.2.21_react-dom@18.3.1_react@18.3.1__react@18.3.1/node_modules/next/dist/client/app-index.js:117:11)

React will try to recreate this component tree from scratch using the error boundary you provided, ReactDevOverlay. @ webpack-internal:///(app-pages-browser)/./node_modules/.pnpm/next@14.2.21_react-dom@18.3.1_react@18.3.1__react@18.3.1/node_modules/next/dist/client/app-index.js:32
[  225494ms] [WARNING] [Fast Refresh] performing full reload because your application had an unrecoverable error @ webpack-internal:///(app-pages-browser)/./node_modules/.pnpm/next@14.2.21_react-dom@18.3.1_react@18.3.1__react@18.3.1/node_modules/next/dist/client/components/react-dev-overlay/app/hot-reloader-client.js:114
[  226447ms] [ERROR] Warning: Cannot update a component (`%s`) while rendering a different component (`%s`). To locate the bad setState() call inside `%s`, follow the stack trace as described in https://reactjs.org/link/setstate-in-render%s HotReload AnalyticsPage AnalyticsPage 
    at AnalyticsPage (webpack-internal:///(app-pages-browser)/./src/app/panel/inmobiliaria/analytics/page.tsx:422:88)
    at ClientPageRoot (webpack-internal:///(app-pages-browser)/./node_modules/.pnpm/next@14.2.21_react-dom@18.3.1_react@18.3.1__react@18.3.1/node_modules/next/dist/client/components/client-page.js:14:11)
    at InnerLayoutRouter (webpack-internal:///(app-pages-browser)/./node_modules/.pnpm/next@14.2.21_react-dom@18.3.1_react@18.3.1__react@18.3.1/node_modules/next/dist/client/components/layout-router.js:243:11)
    at RedirectErrorBoundary (webpack-internal:///(app-pages-browser)/./node_modules/.pnpm/next@14.2.21_react-dom@18.3.1_react@18.3.1__react@18.3.1/node_modules/next/dist/client/components/redirect-boundary.js:74:9)
    at RedirectBoundary (webpack-internal:///(app-pages-browser)/./node_modules/.pnpm/next@14.2.21_react-dom@18.3.1_react@18.3.1__react@18.3.1/node_modules/next/dist/client/components/redirect-boundary.js:82:11)
    at NotFoundBoundary (webpack-internal:///(app-pages-browser)/./node_modules/.pnpm/next@14.2.21_react-dom@18.3.1_react@18.3.1__react@18.3.1/node_modules/next/dist/client/components/not-found-boundary.js:84:11)
    at LoadingBoundary (webpack-internal:///(app-pages-browser)/./node_modules/.pnpm/next@14.2.21_react-dom@18.3.1_react@18.3.1__react@18.3.1/node_modules/next/dist/client/components/layout-router.js:349:11)
    at ErrorBoundary (webpack-internal:///(app-pages-browser)/./node_modules/.pnpm/next@14.2.21_react-dom@18.3.1_react@18.3.1__react@18.3.1/node_modules/next/dist/client/components/error-boundary.js:160:11)
    at InnerScrollAndFocusHandler (webpack-internal:///(app-pages-browser)/./node_modules/.pnpm/next@14.2.21_react-dom@18.3.1_react@18.3.1__react@18.3.1/node_modules/next/dist/client/components/layout-router.js:153:9)
    at ScrollAndFocusHandler (webpack-internal:///(app-pages-browser)/./node_modules/.pnpm/next@14.2.21_react-dom@18.3.1_react@18.3.1__react@18.3.1/node_modules/next/dist/client/components/layout-router.js:228:11)
    at RenderFromTemplateContext (webpack-internal:///(app-pages-browser)/./node_modules/.pnpm/next@14.2.21_react-dom@18.3.1_react@18.3.1__react@18.3.1/node_modules/next/dist/client/components/render-from-template-context.js:16:44)
    at OuterLayoutRouter (webpack-internal:///(app-pages-browser)/./node_modules/.pnpm/next@14.2.21_react-dom@18.3.1_react@18.3.1__react@18.3.1/node_modules/next/dist/client/components/layout-router.js:370:11)
    at InnerLayoutRouter (webpack-internal:///(app-pages-browser)/./node_modules/.pnpm/next@14.2.21_react-dom@18.3.1_react@18.3.1__react@18.3.1/node_modules/next/dist/client/components/layout-router.js:243:11)
    at RedirectErrorBoundary (webpack-internal:///(app-pages-browser)/./node_modules/.pnpm/next@14.2.21_react-dom@18.3.1_react@18.3.1__react@18.3.1/node_modules/next/dist/client/components/redirect-boundary.js:74:9)
    at RedirectBoundary (webpack-internal:///(app-pages-browser)/./node_modules/.pnpm/next@14.2.21_react-dom@18.3.1_react@18.3.1__react@18.3.1/node_modules/next/dist/client/components/redirect-boundary.js:82:11)
    at NotFoundBoundary (webpack-internal:///(app-pages-browser)/./node_modules/.pnpm/next@14.2.21_react-dom@18.3.1_react@18.3.1__react@18.3.1/node_modules/next/dist/client/components/not-found-boundary.js:84:11)
    at LoadingBoundary (webpack-internal:///(app-pages-browser)/./node_modules/.pnpm/next@14.2.21_react-dom@18.3.1_react@18.3.1__react@18.3.1/node_modules/next/dist/client/components/layout-router.js:349:11)
    at ErrorBoundary (webpack-internal:///(app-pages-browser)/./node_modules/.pnpm/next@14.2.21_react-dom@18.3.1_react@18.3.1__react@18.3.1/node_modules/next/dist/client/components/error-boundary.js:160:11)
    at InnerScrollAndFocusHandler (webpack-internal:///(app-pages-browser)/./node_modules/.pnpm/next@14.2.21_react-dom@18.3.1_react@18.3.1__react@18.3.1/node_modules/next/dist/client/components/layout-router.js:153:9)
    at ScrollAndFocusHandler (webpack-internal:///(app-pages-browser)/./node_modules/.pnpm/next@14.2.21_react-dom@18.3.1_react@18.3.1__react@18.3.1/node_modules/next/dist/client/components/layout-router.js:228:11)
    at RenderFromTemplateContext (webpack-internal:///(app-pages-browser)/./node_modules/.pnpm/next@14.2.21_react-dom@18.3.1_react@18.3.1__react@18.3.1/node_modules/next/dist/client/components/render-from-template-context.js:16:44)
    at OuterLayoutRouter (webpack-internal:///(app-pages-browser)/./node_modules/.pnpm/next@14.2.21_react-dom@18.3.1_react@18.3.1__react@18.3.1/node_modules/next/dist/client/components/layout-router.js:370:11)
    at main
    at div
    at div
    at InmobiliariaLayoutInner (webpack-internal:///(app-pages-browser)/./src/app/panel/inmobiliaria/layout.tsx:111:11)
    at SidebarProvider (webpack-internal:///(app-pages-browser)/./src/lib/context/SidebarContext.tsx:14:11)
    at I18nProvider (webpack-internal:///(app-pages-browser)/./src/lib/i18n/i18n-context.tsx:48:11)
    at ProtectedRoute (webpack-internal:///(app-pages-browser)/./src/components/auth/ProtectedRoute.tsx:29:11)
    at InmobiliariaLayout (webpack-internal:///(app-pages-browser)/./src/app/panel/inmobiliaria/layout.tsx:184:11)
    at InnerLayoutRouter (webpack-internal:///(app-pages-browser)/./node_modules/.pnpm/next@14.2.21_react-dom@18.3.1_react@18.3.1__react@18.3.1/node_modules/next/dist/client/components/layout-router.js:243:11)
    at RedirectErrorBoundary (webpack-internal:///(app-pages-browser)/./node_modules/.pnpm/next@14.2.21_react-dom@18.3.1_react@18.3.1__react@18.3.1/node_modules/next/dist/client/components/redirect-boundary.js:74:9)
    at RedirectBoundary (webpack-internal:///(app-pages-browser)/./node_modules/.pnpm/next@14.2.21_react-dom@18.3.1_react@18.3.1__react@18.3.1/node_modules/next/dist/client/components/redirect-boundary.js:82:11)
    at NotFoundBoundary (webpack-internal:///(app-pages-browser)/./node_modules/.pnpm/next@14.2.21_react-dom@18.3.1_react@18.3.1__react@18.3.1/node_modules/next/dist/client/components/not-found-boundary.js:84:11)
    at LoadingBoundary (webpack-internal:///(app-pages-browser)/./node_modules/.pnpm/next@14.2.21_react-dom@18.3.1_react@18.3.1__react@18.3.1/node_modules/next/dist/client/components/layout-router.js:349:11)
    at ErrorBoundary (webpack-internal:///(app-pages-browser)/./node_modules/.pnpm/next@14.2.21_react-dom@18.3.1_react@18.3.1__react@18.3.1/node_modules/next/dist/client/components/error-boundary.js:160:11)
    at InnerScrollAndFocusHandler (webpack-internal:///(app-pages-browser)/./node_modules/.pnpm/next@14.2.21_react-dom@18.3.1_react@18.3.1__react@18.3.1/node_modules/next/dist/client/components/layout-router.js:153:9)
    at ScrollAndFocusHandler (webpack-internal:///(app-pages-browser)/./node_modules/.pnpm/next@14.2.21_react-dom@18.3.1_react@18.3.1__react@18.3.1/node_modules/next/dist/client/components/layout-router.js:228:11)
    at RenderFromTemplateContext (webpack-internal:///(app-pages-browser)/./node_modules/.pnpm/next@14.2.21_react-dom@18.3.1_react@18.3.1__react@18.3.1/node_modules/next/dist/client/components/render-from-template-context.js:16:44)
    at OuterLayoutRouter (webpack-internal:///(app-pages-browser)/./node_modules/.pnpm/next@14.2.21_react-dom@18.3.1_react@18.3.1__react@18.3.1/node_modules/next/dist/client/components/layout-router.js:370:11)
    at InnerLayoutRouter (webpack-internal:///(app-pages-browser)/./node_modules/.pnpm/next@14.2.21_react-dom@18.3.1_react@18.3.1__react@18.3.1/node_modules/next/dist/client/components/layout-router.js:243:11)
    at RedirectErrorBoundary (webpack-internal:///(app-pages-browser)/./node_modules/.pnpm/next@14.2.21_react-dom@18.3.1_react@18.3.1__react@18.3.1/node_modules/next/dist/client/components/redirect-boundary.js:74:9)
    at RedirectBoundary (webpack-internal:///(app-pages-browser)/./node_modules/.pnpm/next@14.2.21_react-dom@18.3.1_react@18.3.1__react@18.3.1/node_modules/next/dist/client/components/redirect-boundary.js:82:11)
    at NotFoundErrorBoundary (webpack-internal:///(app-pages-browser)/./node_modules/.pnpm/next@14.2.21_react-dom@18.3.1_react@18.3.1__react@18.3.1/node_modules/next/dist/client/components/not-found-boundary.js:76:9)
    at NotFoundBoundary (webpack-internal:///(app-pages-browser)/./node_modules/.pnpm/next@14.2.21_react-dom@18.3.1_react@18.3.1__react@18.3.1/node_modules/next/dist/client/components/not-found-boundary.js:84:11)
    at LoadingBoundary (webpack-internal:///(app-pages-browser)/./node_modules/.pnpm/next@14.2.21_react-dom@18.3.1_react@18.3.1__react@18.3.1/node_modules/next/dist/client/components/layout-router.js:349:11)
    at ErrorBoundary (webpack-internal:///(app-pages-browser)/./node_modules/.pnpm/next@14.2.21_react-dom@18.3.1_react@18.3.1__react@18.3.1/node_modules/next/dist/client/components/error-boundary.js:160:11)
    at InnerScrollAndFocusHandler (webpack-internal:///(app-pages-browser)/./node_modules/.pnpm/next@14.2.21_react-dom@18.3.1_react@18.3.1__react@18.3.1/node_modules/next/dist/client/components/layout-router.js:153:9)
    at ScrollAndFocusHandler (webpack-internal:///(app-pages-browser)/./node_modules/.pnpm/next@14.2.21_react-dom@18.3.1_react@18.3.1__react@18.3.1/node_modules/next/dist/client/components/layout-router.js:228:11)
    at RenderFromTemplateContext (webpack-internal:///(app-pages-browser)/./node_modules/.pnpm/next@14.2.21_react-dom@18.3.1_react@18.3.1__react@18.3.1/node_modules/next/dist/client/components/render-from-template-context.js:16:44)
    at div
    at MotionDOMComponent (webpack-internal:///(app-pages-browser)/./node_modules/.pnpm/framer-motion@12.27.1_react-dom@18.3.1_react@18.3.1__react@18.3.1/node_modules/framer-motion/dist/es/motion/index.mjs:67:65)
    at PageTransition (webpack-internal:///(app-pages-browser)/./src/components/providers/PageTransition.tsx:13:11)
    at Template (webpack-internal:///(app-pages-browser)/./src/app/template.tsx:13:11)
    at OuterLayoutRouter (webpack-internal:///(app-pages-browser)/./node_modules/.pnpm/next@14.2.21_react-dom@18.3.1_react@18.3.1__react@18.3.1/node_modules/next/dist/client/components/layout-router.js:370:11)
    at SmoothScroll (webpack-internal:///(app-pages-browser)/./src/components/providers/SmoothScroll.tsx:36:11)
    at WishlistProvider (webpack-internal:///(app-pages-browser)/./src/lib/stores/wishlist.tsx:17:11)
    at AuthProvider (webpack-internal:///(app-pages-browser)/./src/lib/auth/auth-context.tsx:28:11)
    at V (webpack-internal:///(app-pages-browser)/./node_modules/.pnpm/next-themes@0.4.6_react-dom@18.3.1_react@18.3.1__react@18.3.1/node_modules/next-themes/dist/index.mjs:54:24)
    at J (webpack-internal:///(app-pages-browser)/./node_modules/.pnpm/next-themes@0.4.6_react-dom@18.3.1_react@18.3.1__react@18.3.1/node_modules/next-themes/dist/index.mjs:47:47)
    at ThemeProvider (webpack-internal:///(app-pages-browser)/./src/components/providers/ThemeProvider.tsx:10:11)
    at body
    at html
    at RootLayout (Server)
    at RedirectErrorBoundary (webpack-internal:///(app-pages-browser)/./node_modules/.pnpm/next@14.2.21_react-dom@18.3.1_react@18.3.1__react@18.3.1/node_modules/next/dist/client/components/redirect-boundary.js:74:9)
    at RedirectBoundary (webpack-internal:///(app-pages-browser)/./node_modules/.pnpm/next@14.2.21_react-dom@18.3.1_react@18.3.1__react@18.3.1/node_modules/next/dist/client/components/redirect-boundary.js:82:11)
    at NotFoundErrorBoundary (webpack-internal:///(app-pages-browser)/./node_modules/.pnpm/next@14.2.21_react-dom@18.3.1_react@18.3.1__react@18.3.1/node_modules/next/dist/client/components/not-found-boundary.js:76:9)
    at NotFoundBoundary (webpack-internal:///(app-pages-browser)/./node_modules/.pnpm/next@14.2.21_react-dom@18.3.1_react@18.3.1__react@18.3.1/node_modules/next/dist/client/components/not-found-boundary.js:84:11)
    at DevRootNotFoundBoundary (webpack-internal:///(app-pages-browser)/./node_modules/.pnpm/next@14.2.21_react-dom@18.3.1_react@18.3.1__react@18.3.1/node_modules/next/dist/client/components/dev-root-not-found-boundary.js:33:11)
    at ReactDevOverlay (webpack-internal:///(app-pages-browser)/./node_modules/.pnpm/next@14.2.21_react-dom@18.3.1_react@18.3.1__react@18.3.1/node_modules/next/dist/client/components/react-dev-overlay/app/ReactDevOverlay.js:87:9)
    at HotReload (webpack-internal:///(app-pages-browser)/./node_modules/.pnpm/next@14.2.21_react-dom@18.3.1_react@18.3.1__react@18.3.1/node_modules/next/dist/client/components/react-dev-overlay/app/hot-reloader-client.js:321:11)
    at Router (webpack-internal:///(app-pages-browser)/./node_modules/.pnpm/next@14.2.21_react-dom@18.3.1_react@18.3.1__react@18.3.1/node_modules/next/dist/client/components/app-router.js:207:11)
    at ErrorBoundaryHandler (webpack-internal:///(app-pages-browser)/./node_modules/.pnpm/next@14.2.21_react-dom@18.3.1_react@18.3.1__react@18.3.1/node_modules/next/dist/client/components/error-boundary.js:113:9)
    at ErrorBoundary (webpack-internal:///(app-pages-browser)/./node_modules/.pnpm/next@14.2.21_react-dom@18.3.1_react@18.3.1__react@18.3.1/node_modules/next/dist/client/components/error-boundary.js:160:11)
    at AppRouter (webpack-internal:///(app-pages-browser)/./node_modules/.pnpm/next@14.2.21_react-dom@18.3.1_react@18.3.1__react@18.3.1/node_modules/next/dist/client/components/app-router.js:585:13)
    at ServerRoot (webpack-internal:///(app-pages-browser)/./node_modules/.pnpm/next@14.2.21_react-dom@18.3.1_react@18.3.1__react@18.3.1/node_modules/next/dist/client/app-index.js:112:27)
    at Root (webpack-internal:///(app-pages-browser)/./node_modules/.pnpm/next@14.2.21_react-dom@18.3.1_react@18.3.1__react@18.3.1/node_modules/next/dist/client/app-index.js:117:11) @ webpack-internal:///(app-pages-browser)/./node_modules/.pnpm/next@14.2.21_react-dom@18.3.1_react@18.3.1__react@18.3.1/node_modules/next/dist/client/app-index.js:32
[  226447ms] ReferenceError: isRefreshing is not defined
    at AnalyticsPage (webpack-internal:///(app-pages-browser)/./src/app/panel/inmobiliaria/analytics/page.tsx:843:52)
    at renderWithHooks (webpack-internal:///(app-pages-browser)/./node_modules/.pnpm/next@14.2.21_react-dom@18.3.1_react@18.3.1__react@18.3.1/node_modules/next/dist/compiled/react-dom/cjs/react-dom.development.js:11121:18)
    at mountIndeterminateComponent (webpack-internal:///(app-pages-browser)/./node_modules/.pnpm/next@14.2.21_react-dom@18.3.1_react@18.3.1__react@18.3.1/node_modules/next/dist/compiled/react-dom/cjs/react-dom.development.js:16869:13)
    at beginWork$1 (webpack-internal:///(app-pages-browser)/./node_modules/.pnpm/next@14.2.21_react-dom@18.3.1_react@18.3.1__react@18.3.1/node_modules/next/dist/compiled/react-dom/cjs/react-dom.development.js:18458:16)
    at HTMLUnknownElement.callCallback (webpack-internal:///(app-pages-browser)/./node_modules/.pnpm/next@14.2.21_react-dom@18.3.1_react@18.3.1__react@18.3.1/node_modules/next/dist/compiled/react-dom/cjs/react-dom.development.js:20565:14)
    at Object.invokeGuardedCallbackImpl (webpack-internal:///(app-pages-browser)/./node_modules/.pnpm/next@14.2.21_react-dom@18.3.1_react@18.3.1__react@18.3.1/node_modules/next/dist/compiled/react-dom/cjs/react-dom.development.js:20614:16)
    at invokeGuardedCallback (webpack-internal:///(app-pages-browser)/./node_modules/.pnpm/next@14.2.21_react-dom@18.3.1_react@18.3.1__react@18.3.1/node_modules/next/dist/compiled/react-dom/cjs/react-dom.development.js:20689:29)
    at beginWork (webpack-internal:///(app-pages-browser)/./node_modules/.pnpm/next@14.2.21_react-dom@18.3.1_react@18.3.1__react@18.3.1/node_modules/next/dist/compiled/react-dom/cjs/react-dom.development.js:26949:7)
    at performUnitOfWork (webpack-internal:///(app-pages-browser)/./node_modules/.pnpm/next@14.2.21_react-dom@18.3.1_react@18.3.1__react@18.3.1/node_modules/next/dist/compiled/react-dom/cjs/react-dom.development.js:25748:12)
    at workLoopSync (webpack-internal:///(app-pages-browser)/./node_modules/.pnpm/next@14.2.21_react-dom@18.3.1_react@18.3.1__react@18.3.1/node_modules/next/dist/compiled/react-dom/cjs/react-dom.development.js:25464:5)
    at renderRootSync (webpack-internal:///(app-pages-browser)/./node_modules/.pnpm/next@14.2.21_react-dom@18.3.1_react@18.3.1__react@18.3.1/node_modules/next/dist/compiled/react-dom/cjs/react-dom.development.js:25419:7)
    at performConcurrentWorkOnRoot (webpack-internal:///(app-pages-browser)/./node_modules/.pnpm/next@14.2.21_react-dom@18.3.1_react@18.3.1__react@18.3.1/node_modules/next/dist/compiled/react-dom/cjs/react-dom.development.js:24504:74)
    at workLoop (webpack-internal:///(app-pages-browser)/./node_modules/.pnpm/next@14.2.21_react-dom@18.3.1_react@18.3.1__react@18.3.1/node_modules/next/dist/compiled/scheduler/cjs/scheduler.development.js:256:34)
    at flushWork (webpack-internal:///(app-pages-browser)/./node_modules/.pnpm/next@14.2.21_react-dom@18.3.1_react@18.3.1__react@18.3.1/node_modules/next/dist/compiled/scheduler/cjs/scheduler.development.js:225:14)
    at MessagePort.performWorkUntilDeadline (webpack-internal:///(app-pages-browser)/./node_modules/.pnpm/next@14.2.21_react-dom@18.3.1_react@18.3.1__react@18.3.1/node_modules/next/dist/compiled/scheduler/cjs/scheduler.development.js:534:21)
[  226447ms] ReferenceError: isRefreshing is not defined
    at AnalyticsPage (webpack-internal:///(app-pages-browser)/./src/app/panel/inmobiliaria/analytics/page.tsx:843:52)
    at renderWithHooks (webpack-internal:///(app-pages-browser)/./node_modules/.pnpm/next@14.2.21_react-dom@18.3.1_react@18.3.1__react@18.3.1/node_modules/next/dist/compiled/react-dom/cjs/react-dom.development.js:11121:18)
    at mountIndeterminateComponent (webpack-internal:///(app-pages-browser)/./node_modules/.pnpm/next@14.2.21_react-dom@18.3.1_react@18.3.1__react@18.3.1/node_modules/next/dist/compiled/react-dom/cjs/react-dom.development.js:16869:13)
    at beginWork$1 (webpack-internal:///(app-pages-browser)/./node_modules/.pnpm/next@14.2.21_react-dom@18.3.1_react@18.3.1__react@18.3.1/node_modules/next/dist/compiled/react-dom/cjs/react-dom.development.js:18458:16)
    at beginWork (webpack-internal:///(app-pages-browser)/./node_modules/.pnpm/next@14.2.21_react-dom@18.3.1_react@18.3.1__react@18.3.1/node_modules/next/dist/compiled/react-dom/cjs/react-dom.development.js:26927:14)
    at performUnitOfWork (webpack-internal:///(app-pages-browser)/./node_modules/.pnpm/next@14.2.21_react-dom@18.3.1_react@18.3.1__react@18.3.1/node_modules/next/dist/compiled/react-dom/cjs/react-dom.development.js:25748:12)
    at workLoopSync (webpack-internal:///(app-pages-browser)/./node_modules/.pnpm/next@14.2.21_react-dom@18.3.1_react@18.3.1__react@18.3.1/node_modules/next/dist/compiled/react-dom/cjs/react-dom.development.js:25464:5)
    at renderRootSync (webpack-internal:///(app-pages-browser)/./node_modules/.pnpm/next@14.2.21_react-dom@18.3.1_react@18.3.1__react@18.3.1/node_modules/next/dist/compiled/react-dom/cjs/react-dom.development.js:25419:7)
    at performConcurrentWorkOnRoot (webpack-internal:///(app-pages-browser)/./node_modules/.pnpm/next@14.2.21_react-dom@18.3.1_react@18.3.1__react@18.3.1/node_modules/next/dist/compiled/react-dom/cjs/react-dom.development.js:24504:74)
    at workLoop (webpack-internal:///(app-pages-browser)/./node_modules/.pnpm/next@14.2.21_react-dom@18.3.1_react@18.3.1__react@18.3.1/node_modules/next/dist/compiled/scheduler/cjs/scheduler.development.js:256:34)
    at flushWork (webpack-internal:///(app-pages-browser)/./node_modules/.pnpm/next@14.2.21_react-dom@18.3.1_react@18.3.1__react@18.3.1/node_modules/next/dist/compiled/scheduler/cjs/scheduler.development.js:225:14)
    at MessagePort.performWorkUntilDeadline (webpack-internal:///(app-pages-browser)/./node_modules/.pnpm/next@14.2.21_react-dom@18.3.1_react@18.3.1__react@18.3.1/node_modules/next/dist/compiled/scheduler/cjs/scheduler.development.js:534:21)
[  226448ms] ReferenceError: isRefreshing is not defined
    at AnalyticsPage (webpack-internal:///(app-pages-browser)/./src/app/panel/inmobiliaria/analytics/page.tsx:843:52)
    at renderWithHooks (webpack-internal:///(app-pages-browser)/./node_modules/.pnpm/next@14.2.21_react-dom@18.3.1_react@18.3.1__react@18.3.1/node_modules/next/dist/compiled/react-dom/cjs/react-dom.development.js:11121:18)
    at mountIndeterminateComponent (webpack-internal:///(app-pages-browser)/./node_modules/.pnpm/next@14.2.21_react-dom@18.3.1_react@18.3.1__react@18.3.1/node_modules/next/dist/compiled/react-dom/cjs/react-dom.development.js:16869:13)
    at beginWork$1 (webpack-internal:///(app-pages-browser)/./node_modules/.pnpm/next@14.2.21_react-dom@18.3.1_react@18.3.1__react@18.3.1/node_modules/next/dist/compiled/react-dom/cjs/react-dom.development.js:18458:16)
    at beginWork (webpack-internal:///(app-pages-browser)/./node_modules/.pnpm/next@14.2.21_react-dom@18.3.1_react@18.3.1__react@18.3.1/node_modules/next/dist/compiled/react-dom/cjs/react-dom.development.js:26927:14)
    at performUnitOfWork (webpack-internal:///(app-pages-browser)/./node_modules/.pnpm/next@14.2.21_react-dom@18.3.1_react@18.3.1__react@18.3.1/node_modules/next/dist/compiled/react-dom/cjs/react-dom.development.js:25748:12)
    at workLoopSync (webpack-internal:///(app-pages-browser)/./node_modules/.pnpm/next@14.2.21_react-dom@18.3.1_react@18.3.1__react@18.3.1/node_modules/next/dist/compiled/react-dom/cjs/react-dom.development.js:25464:5)
    at renderRootSync (webpack-internal:///(app-pages-browser)/./node_modules/.pnpm/next@14.2.21_react-dom@18.3.1_react@18.3.1__react@18.3.1/node_modules/next/dist/compiled/react-dom/cjs/react-dom.development.js:25419:7)
    at performConcurrentWorkOnRoot (webpack-internal:///(app-pages-browser)/./node_modules/.pnpm/next@14.2.21_react-dom@18.3.1_react@18.3.1__react@18.3.1/node_modules/next/dist/compiled/react-dom/cjs/react-dom.development.js:24504:74)
    at workLoop (webpack-internal:///(app-pages-browser)/./node_modules/.pnpm/next@14.2.21_react-dom@18.3.1_react@18.3.1__react@18.3.1/node_modules/next/dist/compiled/scheduler/cjs/scheduler.development.js:256:34)
    at flushWork (webpack-internal:///(app-pages-browser)/./node_modules/.pnpm/next@14.2.21_react-dom@18.3.1_react@18.3.1__react@18.3.1/node_modules/next/dist/compiled/scheduler/cjs/scheduler.development.js:225:14)
    at MessagePort.performWorkUntilDeadline (webpack-internal:///(app-pages-browser)/./node_modules/.pnpm/next@14.2.21_react-dom@18.3.1_react@18.3.1__react@18.3.1/node_modules/next/dist/compiled/scheduler/cjs/scheduler.development.js:534:21)
[  226448ms] ReferenceError: isRefreshing is not defined
    at AnalyticsPage (webpack-internal:///(app-pages-browser)/./src/app/panel/inmobiliaria/analytics/page.tsx:843:52)
    at renderWithHooks (webpack-internal:///(app-pages-browser)/./node_modules/.pnpm/next@14.2.21_react-dom@18.3.1_react@18.3.1__react@18.3.1/node_modules/next/dist/compiled/react-dom/cjs/react-dom.development.js:11121:18)
    at mountIndeterminateComponent (webpack-internal:///(app-pages-browser)/./node_modules/.pnpm/next@14.2.21_react-dom@18.3.1_react@18.3.1__react@18.3.1/node_modules/next/dist/compiled/react-dom/cjs/react-dom.development.js:16869:13)
    at beginWork$1 (webpack-internal:///(app-pages-browser)/./node_modules/.pnpm/next@14.2.21_react-dom@18.3.1_react@18.3.1__react@18.3.1/node_modules/next/dist/compiled/react-dom/cjs/react-dom.development.js:18458:16)
    at beginWork (webpack-internal:///(app-pages-browser)/./node_modules/.pnpm/next@14.2.21_react-dom@18.3.1_react@18.3.1__react@18.3.1/node_modules/next/dist/compiled/react-dom/cjs/react-dom.development.js:26927:14)
    at performUnitOfWork (webpack-internal:///(app-pages-browser)/./node_modules/.pnpm/next@14.2.21_react-dom@18.3.1_react@18.3.1__react@18.3.1/node_modules/next/dist/compiled/react-dom/cjs/react-dom.development.js:25748:12)
    at workLoopSync (webpack-internal:///(app-pages-browser)/./node_modules/.pnpm/next@14.2.21_react-dom@18.3.1_react@18.3.1__react@18.3.1/node_modules/next/dist/compiled/react-dom/cjs/react-dom.development.js:25464:5)
    at renderRootSync (webpack-internal:///(app-pages-browser)/./node_modules/.pnpm/next@14.2.21_react-dom@18.3.1_react@18.3.1__react@18.3.1/node_modules/next/dist/compiled/react-dom/cjs/react-dom.development.js:25419:7)
    at performConcurrentWorkOnRoot (webpack-internal:///(app-pages-browser)/./node_modules/.pnpm/next@14.2.21_react-dom@18.3.1_react@18.3.1__react@18.3.1/node_modules/next/dist/compiled/react-dom/cjs/react-dom.development.js:24504:74)
    at workLoop (webpack-internal:///(app-pages-browser)/./node_modules/.pnpm/next@14.2.21_react-dom@18.3.1_react@18.3.1__react@18.3.1/node_modules/next/dist/compiled/scheduler/cjs/scheduler.development.js:256:34)
    at flushWork (webpack-internal:///(app-pages-browser)/./node_modules/.pnpm/next@14.2.21_react-dom@18.3.1_react@18.3.1__react@18.3.1/node_modules/next/dist/compiled/scheduler/cjs/scheduler.development.js:225:14)
    at MessagePort.performWorkUntilDeadline (webpack-internal:///(app-pages-browser)/./node_modules/.pnpm/next@14.2.21_react-dom@18.3.1_react@18.3.1__react@18.3.1/node_modules/next/dist/compiled/scheduler/cjs/scheduler.development.js:534:21)
[  226448ms] ReferenceError: isRefreshing is not defined
    at AnalyticsPage (webpack-internal:///(app-pages-browser)/./src/app/panel/inmobiliaria/analytics/page.tsx:843:52)
    at renderWithHooks (webpack-internal:///(app-pages-browser)/./node_modules/.pnpm/next@14.2.21_react-dom@18.3.1_react@18.3.1__react@18.3.1/node_modules/next/dist/compiled/react-dom/cjs/react-dom.development.js:11121:18)
    at mountIndeterminateComponent (webpack-internal:///(app-pages-browser)/./node_modules/.pnpm/next@14.2.21_react-dom@18.3.1_react@18.3.1__react@18.3.1/node_modules/next/dist/compiled/react-dom/cjs/react-dom.development.js:16869:13)
    at beginWork$1 (webpack-internal:///(app-pages-browser)/./node_modules/.pnpm/next@14.2.21_react-dom@18.3.1_react@18.3.1__react@18.3.1/node_modules/next/dist/compiled/react-dom/cjs/react-dom.development.js:18458:16)
    at beginWork (webpack-internal:///(app-pages-browser)/./node_modules/.pnpm/next@14.2.21_react-dom@18.3.1_react@18.3.1__react@18.3.1/node_modules/next/dist/compiled/react-dom/cjs/react-dom.development.js:26927:14)
    at performUnitOfWork (webpack-internal:///(app-pages-browser)/./node_modules/.pnpm/next@14.2.21_react-dom@18.3.1_react@18.3.1__react@18.3.1/node_modules/next/dist/compiled/react-dom/cjs/react-dom.development.js:25748:12)
    at workLoopSync (webpack-internal:///(app-pages-browser)/./node_modules/.pnpm/next@14.2.21_react-dom@18.3.1_react@18.3.1__react@18.3.1/node_modules/next/dist/compiled/react-dom/cjs/react-dom.development.js:25464:5)
    at renderRootSync (webpack-internal:///(app-pages-browser)/./node_modules/.pnpm/next@14.2.21_react-dom@18.3.1_react@18.3.1__react@18.3.1/node_modules/next/dist/compiled/react-dom/cjs/react-dom.development.js:25419:7)
    at performConcurrentWorkOnRoot (webpack-internal:///(app-pages-browser)/./node_modules/.pnpm/next@14.2.21_react-dom@18.3.1_react@18.3.1__react@18.3.1/node_modules/next/dist/compiled/react-dom/cjs/react-dom.development.js:24504:74)
    at workLoop (webpack-internal:///(app-pages-browser)/./node_modules/.pnpm/next@14.2.21_react-dom@18.3.1_react@18.3.1__react@18.3.1/node_modules/next/dist/compiled/scheduler/cjs/scheduler.development.js:256:34)
    at flushWork (webpack-internal:///(app-pages-browser)/./node_modules/.pnpm/next@14.2.21_react-dom@18.3.1_react@18.3.1__react@18.3.1/node_modules/next/dist/compiled/scheduler/cjs/scheduler.development.js:225:14)
    at MessagePort.performWorkUntilDeadline (webpack-internal:///(app-pages-browser)/./node_modules/.pnpm/next@14.2.21_react-dom@18.3.1_react@18.3.1__react@18.3.1/node_modules/next/dist/compiled/scheduler/cjs/scheduler.development.js:534:21)
[  226448ms] ReferenceError: isRefreshing is not defined
    at AnalyticsPage (webpack-internal:///(app-pages-browser)/./src/app/panel/inmobiliaria/analytics/page.tsx:843:52)
    at renderWithHooks (webpack-internal:///(app-pages-browser)/./node_modules/.pnpm/next@14.2.21_react-dom@18.3.1_react@18.3.1__react@18.3.1/node_modules/next/dist/compiled/react-dom/cjs/react-dom.development.js:11121:18)
    at mountIndeterminateComponent (webpack-internal:///(app-pages-browser)/./node_modules/.pnpm/next@14.2.21_react-dom@18.3.1_react@18.3.1__react@18.3.1/node_modules/next/dist/compiled/react-dom/cjs/react-dom.development.js:16869:13)
    at beginWork$1 (webpack-internal:///(app-pages-browser)/./node_modules/.pnpm/next@14.2.21_react-dom@18.3.1_react@18.3.1__react@18.3.1/node_modules/next/dist/compiled/react-dom/cjs/react-dom.development.js:18458:16)
    at beginWork (webpack-internal:///(app-pages-browser)/./node_modules/.pnpm/next@14.2.21_react-dom@18.3.1_react@18.3.1__react@18.3.1/node_modules/next/dist/compiled/react-dom/cjs/react-dom.development.js:26927:14)
    at performUnitOfWork (webpack-internal:///(app-pages-browser)/./node_modules/.pnpm/next@14.2.21_react-dom@18.3.1_react@18.3.1__react@18.3.1/node_modules/next/dist/compiled/react-dom/cjs/react-dom.development.js:25748:12)
    at workLoopSync (webpack-internal:///(app-pages-browser)/./node_modules/.pnpm/next@14.2.21_react-dom@18.3.1_react@18.3.1__react@18.3.1/node_modules/next/dist/compiled/react-dom/cjs/react-dom.development.js:25464:5)
    at renderRootSync (webpack-internal:///(app-pages-browser)/./node_modules/.pnpm/next@14.2.21_react-dom@18.3.1_react@18.3.1__react@18.3.1/node_modules/next/dist/compiled/react-dom/cjs/react-dom.development.js:25419:7)
    at performConcurrentWorkOnRoot (webpack-internal:///(app-pages-browser)/./node_modules/.pnpm/next@14.2.21_react-dom@18.3.1_react@18.3.1__react@18.3.1/node_modules/next/dist/compiled/react-dom/cjs/react-dom.development.js:24504:74)
    at workLoop (webpack-internal:///(app-pages-browser)/./node_modules/.pnpm/next@14.2.21_react-dom@18.3.1_react@18.3.1__react@18.3.1/node_modules/next/dist/compiled/scheduler/cjs/scheduler.development.js:256:34)
    at flushWork (webpack-internal:///(app-pages-browser)/./node_modules/.pnpm/next@14.2.21_react-dom@18.3.1_react@18.3.1__react@18.3.1/node_modules/next/dist/compiled/scheduler/cjs/scheduler.development.js:225:14)
    at MessagePort.performWorkUntilDeadline (webpack-internal:///(app-pages-browser)/./node_modules/.pnpm/next@14.2.21_react-dom@18.3.1_react@18.3.1__react@18.3.1/node_modules/next/dist/compiled/scheduler/cjs/scheduler.development.js:534:21)
[  226449ms] ReferenceError: isRefreshing is not defined
    at AnalyticsPage (webpack-internal:///(app-pages-browser)/./src/app/panel/inmobiliaria/analytics/page.tsx:843:52)
    at renderWithHooks (webpack-internal:///(app-pages-browser)/./node_modules/.pnpm/next@14.2.21_react-dom@18.3.1_react@18.3.1__react@18.3.1/node_modules/next/dist/compiled/react-dom/cjs/react-dom.development.js:11121:18)
    at mountIndeterminateComponent (webpack-internal:///(app-pages-browser)/./node_modules/.pnpm/next@14.2.21_react-dom@18.3.1_react@18.3.1__react@18.3.1/node_modules/next/dist/compiled/react-dom/cjs/react-dom.development.js:16869:13)
    at beginWork$1 (webpack-internal:///(app-pages-browser)/./node_modules/.pnpm/next@14.2.21_react-dom@18.3.1_react@18.3.1__react@18.3.1/node_modules/next/dist/compiled/react-dom/cjs/react-dom.development.js:18458:16)
    at beginWork (webpack-internal:///(app-pages-browser)/./node_modules/.pnpm/next@14.2.21_react-dom@18.3.1_react@18.3.1__react@18.3.1/node_modules/next/dist/compiled/react-dom/cjs/react-dom.development.js:26927:14)
    at performUnitOfWork (webpack-internal:///(app-pages-browser)/./node_modules/.pnpm/next@14.2.21_react-dom@18.3.1_react@18.3.1__react@18.3.1/node_modules/next/dist/compiled/react-dom/cjs/react-dom.development.js:25748:12)
    at workLoopSync (webpack-internal:///(app-pages-browser)/./node_modules/.pnpm/next@14.2.21_react-dom@18.3.1_react@18.3.1__react@18.3.1/node_modules/next/dist/compiled/react-dom/cjs/react-dom.development.js:25464:5)
    at renderRootSync (webpack-internal:///(app-pages-browser)/./node_modules/.pnpm/next@14.2.21_react-dom@18.3.1_react@18.3.1__react@18.3.1/node_modules/next/dist/compiled/react-dom/cjs/react-dom.development.js:25419:7)
    at performConcurrentWorkOnRoot (webpack-internal:///(app-pages-browser)/./node_modules/.pnpm/next@14.2.21_react-dom@18.3.1_react@18.3.1__react@18.3.1/node_modules/next/dist/compiled/react-dom/cjs/react-dom.development.js:24504:74)
    at workLoop (webpack-internal:///(app-pages-browser)/./node_modules/.pnpm/next@14.2.21_react-dom@18.3.1_react@18.3.1__react@18.3.1/node_modules/next/dist/compiled/scheduler/cjs/scheduler.development.js:256:34)
    at flushWork (webpack-internal:///(app-pages-browser)/./node_modules/.pnpm/next@14.2.21_react-dom@18.3.1_react@18.3.1__react@18.3.1/node_modules/next/dist/compiled/scheduler/cjs/scheduler.development.js:225:14)
    at MessagePort.performWorkUntilDeadline (webpack-internal:///(app-pages-browser)/./node_modules/.pnpm/next@14.2.21_react-dom@18.3.1_react@18.3.1__react@18.3.1/node_modules/next/dist/compiled/scheduler/cjs/scheduler.development.js:534:21)
[  226449ms] ReferenceError: isRefreshing is not defined
    at AnalyticsPage (webpack-internal:///(app-pages-browser)/./src/app/panel/inmobiliaria/analytics/page.tsx:843:52)
    at renderWithHooks (webpack-internal:///(app-pages-browser)/./node_modules/.pnpm/next@14.2.21_react-dom@18.3.1_react@18.3.1__react@18.3.1/node_modules/next/dist/compiled/react-dom/cjs/react-dom.development.js:11121:18)
    at mountIndeterminateComponent (webpack-internal:///(app-pages-browser)/./node_modules/.pnpm/next@14.2.21_react-dom@18.3.1_react@18.3.1__react@18.3.1/node_modules/next/dist/compiled/react-dom/cjs/react-dom.development.js:16869:13)
    at beginWork$1 (webpack-internal:///(app-pages-browser)/./node_modules/.pnpm/next@14.2.21_react-dom@18.3.1_react@18.3.1__react@18.3.1/node_modules/next/dist/compiled/react-dom/cjs/react-dom.development.js:18458:16)
    at beginWork (webpack-internal:///(app-pages-browser)/./node_modules/.pnpm/next@14.2.21_react-dom@18.3.1_react@18.3.1__react@18.3.1/node_modules/next/dist/compiled/react-dom/cjs/react-dom.development.js:26927:14)
    at performUnitOfWork (webpack-internal:///(app-pages-browser)/./node_modules/.pnpm/next@14.2.21_react-dom@18.3.1_react@18.3.1__react@18.3.1/node_modules/next/dist/compiled/react-dom/cjs/react-dom.development.js:25748:12)
    at workLoopSync (webpack-internal:///(app-pages-browser)/./node_modules/.pnpm/next@14.2.21_react-dom@18.3.1_react@18.3.1__react@18.3.1/node_modules/next/dist/compiled/react-dom/cjs/react-dom.development.js:25464:5)
    at renderRootSync (webpack-internal:///(app-pages-browser)/./node_modules/.pnpm/next@14.2.21_react-dom@18.3.1_react@18.3.1__react@18.3.1/node_modules/next/dist/compiled/react-dom/cjs/react-dom.development.js:25419:7)
    at performConcurrentWorkOnRoot (webpack-internal:///(app-pages-browser)/./node_modules/.pnpm/next@14.2.21_react-dom@18.3.1_react@18.3.1__react@18.3.1/node_modules/next/dist/compiled/react-dom/cjs/react-dom.development.js:24504:74)
    at workLoop (webpack-internal:///(app-pages-browser)/./node_modules/.pnpm/next@14.2.21_react-dom@18.3.1_react@18.3.1__react@18.3.1/node_modules/next/dist/compiled/scheduler/cjs/scheduler.development.js:256:34)
    at flushWork (webpack-internal:///(app-pages-browser)/./node_modules/.pnpm/next@14.2.21_react-dom@18.3.1_react@18.3.1__react@18.3.1/node_modules/next/dist/compiled/scheduler/cjs/scheduler.development.js:225:14)
    at MessagePort.performWorkUntilDeadline (webpack-internal:///(app-pages-browser)/./node_modules/.pnpm/next@14.2.21_react-dom@18.3.1_react@18.3.1__react@18.3.1/node_modules/next/dist/compiled/scheduler/cjs/scheduler.development.js:534:21)
[  226449ms] ReferenceError: isRefreshing is not defined
    at AnalyticsPage (webpack-internal:///(app-pages-browser)/./src/app/panel/inmobiliaria/analytics/page.tsx:843:52)
    at renderWithHooks (webpack-internal:///(app-pages-browser)/./node_modules/.pnpm/next@14.2.21_react-dom@18.3.1_react@18.3.1__react@18.3.1/node_modules/next/dist/compiled/react-dom/cjs/react-dom.development.js:11121:18)
    at mountIndeterminateComponent (webpack-internal:///(app-pages-browser)/./node_modules/.pnpm/next@14.2.21_react-dom@18.3.1_react@18.3.1__react@18.3.1/node_modules/next/dist/compiled/react-dom/cjs/react-dom.development.js:16869:13)
    at beginWork$1 (webpack-internal:///(app-pages-browser)/./node_modules/.pnpm/next@14.2.21_react-dom@18.3.1_react@18.3.1__react@18.3.1/node_modules/next/dist/compiled/react-dom/cjs/react-dom.development.js:18458:16)
    at HTMLUnknownElement.callCallback (webpack-internal:///(app-pages-browser)/./node_modules/.pnpm/next@14.2.21_react-dom@18.3.1_react@18.3.1__react@18.3.1/node_modules/next/dist/compiled/react-dom/cjs/react-dom.development.js:20565:14)
    at Object.invokeGuardedCallbackImpl (webpack-internal:///(app-pages-browser)/./node_modules/.pnpm/next@14.2.21_react-dom@18.3.1_react@18.3.1__react@18.3.1/node_modules/next/dist/compiled/react-dom/cjs/react-dom.development.js:20614:16)
    at invokeGuardedCallback (webpack-internal:///(app-pages-browser)/./node_modules/.pnpm/next@14.2.21_react-dom@18.3.1_react@18.3.1__react@18.3.1/node_modules/next/dist/compiled/react-dom/cjs/react-dom.development.js:20689:29)
    at beginWork (webpack-internal:///(app-pages-browser)/./node_modules/.pnpm/next@14.2.21_react-dom@18.3.1_react@18.3.1__react@18.3.1/node_modules/next/dist/compiled/react-dom/cjs/react-dom.development.js:26949:7)
    at performUnitOfWork (webpack-internal:///(app-pages-browser)/./node_modules/.pnpm/next@14.2.21_react-dom@18.3.1_react@18.3.1__react@18.3.1/node_modules/next/dist/compiled/react-dom/cjs/react-dom.development.js:25748:12)
    at workLoopSync (webpack-internal:///(app-pages-browser)/./node_modules/.pnpm/next@14.2.21_react-dom@18.3.1_react@18.3.1__react@18.3.1/node_modules/next/dist/compiled/react-dom/cjs/react-dom.development.js:25464:5)
    at renderRootSync (webpack-internal:///(app-pages-browser)/./node_modules/.pnpm/next@14.2.21_react-dom@18.3.1_react@18.3.1__react@18.3.1/node_modules/next/dist/compiled/react-dom/cjs/react-dom.development.js:25419:7)
    at recoverFromConcurrentError (webpack-internal:///(app-pages-browser)/./node_modules/.pnpm/next@14.2.21_react-dom@18.3.1_react@18.3.1__react@18.3.1/node_modules/next/dist/compiled/react-dom/cjs/react-dom.development.js:24597:20)
    at performConcurrentWorkOnRoot (webpack-internal:///(app-pages-browser)/./node_modules/.pnpm/next@14.2.21_react-dom@18.3.1_react@18.3.1__react@18.3.1/node_modules/next/dist/compiled/react-dom/cjs/react-dom.development.js:24542:26)
    at workLoop (webpack-internal:///(app-pages-browser)/./node_modules/.pnpm/next@14.2.21_react-dom@18.3.1_react@18.3.1__react@18.3.1/node_modules/next/dist/compiled/scheduler/cjs/scheduler.development.js:256:34)
    at flushWork (webpack-internal:///(app-pages-browser)/./node_modules/.pnpm/next@14.2.21_react-dom@18.3.1_react@18.3.1__react@18.3.1/node_modules/next/dist/compiled/scheduler/cjs/scheduler.development.js:225:14)
    at MessagePort.performWorkUntilDeadline (webpack-internal:///(app-pages-browser)/./node_modules/.pnpm/next@14.2.21_react-dom@18.3.1_react@18.3.1__react@18.3.1/node_modules/next/dist/compiled/scheduler/cjs/scheduler.development.js:534:21)
[  226449ms] ReferenceError: isRefreshing is not defined
    at AnalyticsPage (webpack-internal:///(app-pages-browser)/./src/app/panel/inmobiliaria/analytics/page.tsx:843:52)
    at renderWithHooks (webpack-internal:///(app-pages-browser)/./node_modules/.pnpm/next@14.2.21_react-dom@18.3.1_react@18.3.1__react@18.3.1/node_modules/next/dist/compiled/react-dom/cjs/react-dom.development.js:11121:18)
    at mountIndeterminateComponent (webpack-internal:///(app-pages-browser)/./node_modules/.pnpm/next@14.2.21_react-dom@18.3.1_react@18.3.1__react@18.3.1/node_modules/next/dist/compiled/react-dom/cjs/react-dom.development.js:16869:13)
    at beginWork$1 (webpack-internal:///(app-pages-browser)/./node_modules/.pnpm/next@14.2.21_react-dom@18.3.1_react@18.3.1__react@18.3.1/node_modules/next/dist/compiled/react-dom/cjs/react-dom.development.js:18458:16)
    at beginWork (webpack-internal:///(app-pages-browser)/./node_modules/.pnpm/next@14.2.21_react-dom@18.3.1_react@18.3.1__react@18.3.1/node_modules/next/dist/compiled/react-dom/cjs/react-dom.development.js:26927:14)
    at performUnitOfWork (webpack-internal:///(app-pages-browser)/./node_modules/.pnpm/next@14.2.21_react-dom@18.3.1_react@18.3.1__react@18.3.1/node_modules/next/dist/compiled/react-dom/cjs/react-dom.development.js:25748:12)
    at workLoopSync (webpack-internal:///(app-pages-browser)/./node_modules/.pnpm/next@14.2.21_react-dom@18.3.1_react@18.3.1__react@18.3.1/node_modules/next/dist/compiled/react-dom/cjs/react-dom.development.js:25464:5)
    at renderRootSync (webpack-internal:///(app-pages-browser)/./node_modules/.pnpm/next@14.2.21_react-dom@18.3.1_react@18.3.1__react@18.3.1/node_modules/next/dist/compiled/react-dom/cjs/react-dom.development.js:25419:7)
    at recoverFromConcurrentError (webpack-internal:///(app-pages-browser)/./node_modules/.pnpm/next@14.2.21_react-dom@18.3.1_react@18.3.1__react@18.3.1/node_modules/next/dist/compiled/react-dom/cjs/react-dom.development.js:24597:20)
    at performConcurrentWorkOnRoot (webpack-internal:///(app-pages-browser)/./node_modules/.pnpm/next@14.2.21_react-dom@18.3.1_react@18.3.1__react@18.3.1/node_modules/next/dist/compiled/react-dom/cjs/react-dom.development.js:24542:26)
    at workLoop (webpack-internal:///(app-pages-browser)/./node_modules/.pnpm/next@14.2.21_react-dom@18.3.1_react@18.3.1__react@18.3.1/node_modules/next/dist/compiled/scheduler/cjs/scheduler.development.js:256:34)
    at flushWork (webpack-internal:///(app-pages-browser)/./node_modules/.pnpm/next@14.2.21_react-dom@18.3.1_react@18.3.1__react@18.3.1/node_modules/next/dist/compiled/scheduler/cjs/scheduler.development.js:225:14)
    at MessagePort.performWorkUntilDeadline (webpack-internal:///(app-pages-browser)/./node_modules/.pnpm/next@14.2.21_react-dom@18.3.1_react@18.3.1__react@18.3.1/node_modules/next/dist/compiled/scheduler/cjs/scheduler.development.js:534:21)
[  226449ms] ReferenceError: isRefreshing is not defined
    at AnalyticsPage (webpack-internal:///(app-pages-browser)/./src/app/panel/inmobiliaria/analytics/page.tsx:843:52)
    at renderWithHooks (webpack-internal:///(app-pages-browser)/./node_modules/.pnpm/next@14.2.21_react-dom@18.3.1_react@18.3.1__react@18.3.1/node_modules/next/dist/compiled/react-dom/cjs/react-dom.development.js:11121:18)
    at mountIndeterminateComponent (webpack-internal:///(app-pages-browser)/./node_modules/.pnpm/next@14.2.21_react-dom@18.3.1_react@18.3.1__react@18.3.1/node_modules/next/dist/compiled/react-dom/cjs/react-dom.development.js:16869:13)
    at beginWork$1 (webpack-internal:///(app-pages-browser)/./node_modules/.pnpm/next@14.2.21_react-dom@18.3.1_react@18.3.1__react@18.3.1/node_modules/next/dist/compiled/react-dom/cjs/react-dom.development.js:18458:16)
    at beginWork (webpack-internal:///(app-pages-browser)/./node_modules/.pnpm/next@14.2.21_react-dom@18.3.1_react@18.3.1__react@18.3.1/node_modules/next/dist/compiled/react-dom/cjs/react-dom.development.js:26927:14)
    at performUnitOfWork (webpack-internal:///(app-pages-browser)/./node_modules/.pnpm/next@14.2.21_react-dom@18.3.1_react@18.3.1__react@18.3.1/node_modules/next/dist/compiled/react-dom/cjs/react-dom.development.js:25748:12)
    at workLoopSync (webpack-internal:///(app-pages-browser)/./node_modules/.pnpm/next@14.2.21_react-dom@18.3.1_react@18.3.1__react@18.3.1/node_modules/next/dist/compiled/react-dom/cjs/react-dom.development.js:25464:5)
    at renderRootSync (webpack-internal:///(app-pages-browser)/./node_modules/.pnpm/next@14.2.21_react-dom@18.3.1_react@18.3.1__react@18.3.1/node_modules/next/dist/compiled/react-dom/cjs/react-dom.development.js:25419:7)
    at recoverFromConcurrentError (webpack-internal:///(app-pages-browser)/./node_modules/.pnpm/next@14.2.21_react-dom@18.3.1_react@18.3.1__react@18.3.1/node_modules/next/dist/compiled/react-dom/cjs/react-dom.development.js:24597:20)
    at performConcurrentWorkOnRoot (webpack-internal:///(app-pages-browser)/./node_modules/.pnpm/next@14.2.21_react-dom@18.3.1_react@18.3.1__react@18.3.1/node_modules/next/dist/compiled/react-dom/cjs/react-dom.development.js:24542:26)
    at workLoop (webpack-internal:///(app-pages-browser)/./node_modules/.pnpm/next@14.2.21_react-dom@18.3.1_react@18.3.1__react@18.3.1/node_modules/next/dist/compiled/scheduler/cjs/scheduler.development.js:256:34)
    at flushWork (webpack-internal:///(app-pages-browser)/./node_modules/.pnpm/next@14.2.21_react-dom@18.3.1_react@18.3.1__react@18.3.1/node_modules/next/dist/compiled/scheduler/cjs/scheduler.development.js:225:14)
    at MessagePort.performWorkUntilDeadline (webpack-internal:///(app-pages-browser)/./node_modules/.pnpm/next@14.2.21_react-dom@18.3.1_react@18.3.1__react@18.3.1/node_modules/next/dist/compiled/scheduler/cjs/scheduler.development.js:534:21)
[  226450ms] ReferenceError: isRefreshing is not defined
    at AnalyticsPage (webpack-internal:///(app-pages-browser)/./src/app/panel/inmobiliaria/analytics/page.tsx:843:52)
    at renderWithHooks (webpack-internal:///(app-pages-browser)/./node_modules/.pnpm/next@14.2.21_react-dom@18.3.1_react@18.3.1__react@18.3.1/node_modules/next/dist/compiled/react-dom/cjs/react-dom.development.js:11121:18)
    at mountIndeterminateComponent (webpack-internal:///(app-pages-browser)/./node_modules/.pnpm/next@14.2.21_react-dom@18.3.1_react@18.3.1__react@18.3.1/node_modules/next/dist/compiled/react-dom/cjs/react-dom.development.js:16869:13)
    at beginWork$1 (webpack-internal:///(app-pages-browser)/./node_modules/.pnpm/next@14.2.21_react-dom@18.3.1_react@18.3.1__react@18.3.1/node_modules/next/dist/compiled/react-dom/cjs/react-dom.development.js:18458:16)
    at beginWork (webpack-internal:///(app-pages-browser)/./node_modules/.pnpm/next@14.2.21_react-dom@18.3.1_react@18.3.1__react@18.3.1/node_modules/next/dist/compiled/react-dom/cjs/react-dom.development.js:26927:14)
    at performUnitOfWork (webpack-internal:///(app-pages-browser)/./node_modules/.pnpm/next@14.2.21_react-dom@18.3.1_react@18.3.1__react@18.3.1/node_modules/next/dist/compiled/react-dom/cjs/react-dom.development.js:25748:12)
    at workLoopSync (webpack-internal:///(app-pages-browser)/./node_modules/.pnpm/next@14.2.21_react-dom@18.3.1_react@18.3.1__react@18.3.1/node_modules/next/dist/compiled/react-dom/cjs/react-dom.development.js:25464:5)
    at renderRootSync (webpack-internal:///(app-pages-browser)/./node_modules/.pnpm/next@14.2.21_react-dom@18.3.1_react@18.3.1__react@18.3.1/node_modules/next/dist/compiled/react-dom/cjs/react-dom.development.js:25419:7)
    at recoverFromConcurrentError (webpack-internal:///(app-pages-browser)/./node_modules/.pnpm/next@14.2.21_react-dom@18.3.1_react@18.3.1__react@18.3.1/node_modules/next/dist/compiled/react-dom/cjs/react-dom.development.js:24597:20)
    at performConcurrentWorkOnRoot (webpack-internal:///(app-pages-browser)/./node_modules/.pnpm/next@14.2.21_react-dom@18.3.1_react@18.3.1__react@18.3.1/node_modules/next/dist/compiled/react-dom/cjs/react-dom.development.js:24542:26)
    at workLoop (webpack-internal:///(app-pages-browser)/./node_modules/.pnpm/next@14.2.21_react-dom@18.3.1_react@18.3.1__react@18.3.1/node_modules/next/dist/compiled/scheduler/cjs/scheduler.development.js:256:34)
    at flushWork (webpack-internal:///(app-pages-browser)/./node_modules/.pnpm/next@14.2.21_react-dom@18.3.1_react@18.3.1__react@18.3.1/node_modules/next/dist/compiled/scheduler/cjs/scheduler.development.js:225:14)
    at MessagePort.performWorkUntilDeadline (webpack-internal:///(app-pages-browser)/./node_modules/.pnpm/next@14.2.21_react-dom@18.3.1_react@18.3.1__react@18.3.1/node_modules/next/dist/compiled/scheduler/cjs/scheduler.development.js:534:21)
[  226450ms] ReferenceError: isRefreshing is not defined
    at AnalyticsPage (webpack-internal:///(app-pages-browser)/./src/app/panel/inmobiliaria/analytics/page.tsx:843:52)
    at renderWithHooks (webpack-internal:///(app-pages-browser)/./node_modules/.pnpm/next@14.2.21_react-dom@18.3.1_react@18.3.1__react@18.3.1/node_modules/next/dist/compiled/react-dom/cjs/react-dom.development.js:11121:18)
    at mountIndeterminateComponent (webpack-internal:///(app-pages-browser)/./node_modules/.pnpm/next@14.2.21_react-dom@18.3.1_react@18.3.1__react@18.3.1/node_modules/next/dist/compiled/react-dom/cjs/react-dom.development.js:16869:13)
    at beginWork$1 (webpack-internal:///(app-pages-browser)/./node_modules/.pnpm/next@14.2.21_react-dom@18.3.1_react@18.3.1__react@18.3.1/node_modules/next/dist/compiled/react-dom/cjs/react-dom.development.js:18458:16)
    at beginWork (webpack-internal:///(app-pages-browser)/./node_modules/.pnpm/next@14.2.21_react-dom@18.3.1_react@18.3.1__react@18.3.1/node_modules/next/dist/compiled/react-dom/cjs/react-dom.development.js:26927:14)
    at performUnitOfWork (webpack-internal:///(app-pages-browser)/./node_modules/.pnpm/next@14.2.21_react-dom@18.3.1_react@18.3.1__react@18.3.1/node_modules/next/dist/compiled/react-dom/cjs/react-dom.development.js:25748:12)
    at workLoopSync (webpack-internal:///(app-pages-browser)/./node_modules/.pnpm/next@14.2.21_react-dom@18.3.1_react@18.3.1__react@18.3.1/node_modules/next/dist/compiled/react-dom/cjs/react-dom.development.js:25464:5)
    at renderRootSync (webpack-internal:///(app-pages-browser)/./node_modules/.pnpm/next@14.2.21_react-dom@18.3.1_react@18.3.1__react@18.3.1/node_modules/next/dist/compiled/react-dom/cjs/react-dom.development.js:25419:7)
    at recoverFromConcurrentError (webpack-internal:///(app-pages-browser)/./node_modules/.pnpm/next@14.2.21_react-dom@18.3.1_react@18.3.1__react@18.3.1/node_modules/next/dist/compiled/react-dom/cjs/react-dom.development.js:24597:20)
    at performConcurrentWorkOnRoot (webpack-internal:///(app-pages-browser)/./node_modules/.pnpm/next@14.2.21_react-dom@18.3.1_react@18.3.1__react@18.3.1/node_modules/next/dist/compiled/react-dom/cjs/react-dom.development.js:24542:26)
    at workLoop (webpack-internal:///(app-pages-browser)/./node_modules/.pnpm/next@14.2.21_react-dom@18.3.1_react@18.3.1__react@18.3.1/node_modules/next/dist/compiled/scheduler/cjs/scheduler.development.js:256:34)
    at flushWork (webpack-internal:///(app-pages-browser)/./node_modules/.pnpm/next@14.2.21_react-dom@18.3.1_react@18.3.1__react@18.3.1/node_modules/next/dist/compiled/scheduler/cjs/scheduler.development.js:225:14)
    at MessagePort.performWorkUntilDeadline (webpack-internal:///(app-pages-browser)/./node_modules/.pnpm/next@14.2.21_react-dom@18.3.1_react@18.3.1__react@18.3.1/node_modules/next/dist/compiled/scheduler/cjs/scheduler.development.js:534:21)
[  226450ms] ReferenceError: isRefreshing is not defined
    at AnalyticsPage (webpack-internal:///(app-pages-browser)/./src/app/panel/inmobiliaria/analytics/page.tsx:843:52)
    at renderWithHooks (webpack-internal:///(app-pages-browser)/./node_modules/.pnpm/next@14.2.21_react-dom@18.3.1_react@18.3.1__react@18.3.1/node_modules/next/dist/compiled/react-dom/cjs/react-dom.development.js:11121:18)
    at mountIndeterminateComponent (webpack-internal:///(app-pages-browser)/./node_modules/.pnpm/next@14.2.21_react-dom@18.3.1_react@18.3.1__react@18.3.1/node_modules/next/dist/compiled/react-dom/cjs/react-dom.development.js:16869:13)
    at beginWork$1 (webpack-internal:///(app-pages-browser)/./node_modules/.pnpm/next@14.2.21_react-dom@18.3.1_react@18.3.1__react@18.3.1/node_modules/next/dist/compiled/react-dom/cjs/react-dom.development.js:18458:16)
    at beginWork (webpack-internal:///(app-pages-browser)/./node_modules/.pnpm/next@14.2.21_react-dom@18.3.1_react@18.3.1__react@18.3.1/node_modules/next/dist/compiled/react-dom/cjs/react-dom.development.js:26927:14)
    at performUnitOfWork (webpack-internal:///(app-pages-browser)/./node_modules/.pnpm/next@14.2.21_react-dom@18.3.1_react@18.3.1__react@18.3.1/node_modules/next/dist/compiled/react-dom/cjs/react-dom.development.js:25748:12)
    at workLoopSync (webpack-internal:///(app-pages-browser)/./node_modules/.pnpm/next@14.2.21_react-dom@18.3.1_react@18.3.1__react@18.3.1/node_modules/next/dist/compiled/react-dom/cjs/react-dom.development.js:25464:5)
    at renderRootSync (webpack-internal:///(app-pages-browser)/./node_modules/.pnpm/next@14.2.21_react-dom@18.3.1_react@18.3.1__react@18.3.1/node_modules/next/dist/compiled/react-dom/cjs/react-dom.development.js:25419:7)
    at recoverFromConcurrentError (webpack-internal:///(app-pages-browser)/./node_modules/.pnpm/next@14.2.21_react-dom@18.3.1_react@18.3.1__react@18.3.1/node_modules/next/dist/compiled/react-dom/cjs/react-dom.development.js:24597:20)
    at performConcurrentWorkOnRoot (webpack-internal:///(app-pages-browser)/./node_modules/.pnpm/next@14.2.21_react-dom@18.3.1_react@18.3.1__react@18.3.1/node_modules/next/dist/compiled/react-dom/cjs/react-dom.development.js:24542:26)
    at workLoop (webpack-internal:///(app-pages-browser)/./node_modules/.pnpm/next@14.2.21_react-dom@18.3.1_react@18.3.1__react@18.3.1/node_modules/next/dist/compiled/scheduler/cjs/scheduler.development.js:256:34)
    at flushWork (webpack-internal:///(app-pages-browser)/./node_modules/.pnpm/next@14.2.21_react-dom@18.3.1_react@18.3.1__react@18.3.1/node_modules/next/dist/compiled/scheduler/cjs/scheduler.development.js:225:14)
    at MessagePort.performWorkUntilDeadline (webpack-internal:///(app-pages-browser)/./node_modules/.pnpm/next@14.2.21_react-dom@18.3.1_react@18.3.1__react@18.3.1/node_modules/next/dist/compiled/scheduler/cjs/scheduler.development.js:534:21)
[  226451ms] ReferenceError: isRefreshing is not defined
    at AnalyticsPage (webpack-internal:///(app-pages-browser)/./src/app/panel/inmobiliaria/analytics/page.tsx:843:52)
    at renderWithHooks (webpack-internal:///(app-pages-browser)/./node_modules/.pnpm/next@14.2.21_react-dom@18.3.1_react@18.3.1__react@18.3.1/node_modules/next/dist/compiled/react-dom/cjs/react-dom.development.js:11121:18)
    at mountIndeterminateComponent (webpack-internal:///(app-pages-browser)/./node_modules/.pnpm/next@14.2.21_react-dom@18.3.1_react@18.3.1__react@18.3.1/node_modules/next/dist/compiled/react-dom/cjs/react-dom.development.js:16869:13)
    at beginWork$1 (webpack-internal:///(app-pages-browser)/./node_modules/.pnpm/next@14.2.21_react-dom@18.3.1_react@18.3.1__react@18.3.1/node_modules/next/dist/compiled/react-dom/cjs/react-dom.development.js:18458:16)
    at beginWork (webpack-internal:///(app-pages-browser)/./node_modules/.pnpm/next@14.2.21_react-dom@18.3.1_react@18.3.1__react@18.3.1/node_modules/next/dist/compiled/react-dom/cjs/react-dom.development.js:26927:14)
    at performUnitOfWork (webpack-internal:///(app-pages-browser)/./node_modules/.pnpm/next@14.2.21_react-dom@18.3.1_react@18.3.1__react@18.3.1/node_modules/next/dist/compiled/react-dom/cjs/react-dom.development.js:25748:12)
    at workLoopSync (webpack-internal:///(app-pages-browser)/./node_modules/.pnpm/next@14.2.21_react-dom@18.3.1_react@18.3.1__react@18.3.1/node_modules/next/dist/compiled/react-dom/cjs/react-dom.development.js:25464:5)
    at renderRootSync (webpack-internal:///(app-pages-browser)/./node_modules/.pnpm/next@14.2.21_react-dom@18.3.1_react@18.3.1__react@18.3.1/node_modules/next/dist/compiled/react-dom/cjs/react-dom.development.js:25419:7)
    at recoverFromConcurrentError (webpack-internal:///(app-pages-browser)/./node_modules/.pnpm/next@14.2.21_react-dom@18.3.1_react@18.3.1__react@18.3.1/node_modules/next/dist/compiled/react-dom/cjs/react-dom.development.js:24597:20)
    at performConcurrentWorkOnRoot (webpack-internal:///(app-pages-browser)/./node_modules/.pnpm/next@14.2.21_react-dom@18.3.1_react@18.3.1__react@18.3.1/node_modules/next/dist/compiled/react-dom/cjs/react-dom.development.js:24542:26)
    at workLoop (webpack-internal:///(app-pages-browser)/./node_modules/.pnpm/next@14.2.21_react-dom@18.3.1_react@18.3.1__react@18.3.1/node_modules/next/dist/compiled/scheduler/cjs/scheduler.development.js:256:34)
    at flushWork (webpack-internal:///(app-pages-browser)/./node_modules/.pnpm/next@14.2.21_react-dom@18.3.1_react@18.3.1__react@18.3.1/node_modules/next/dist/compiled/scheduler/cjs/scheduler.development.js:225:14)
    at MessagePort.performWorkUntilDeadline (webpack-internal:///(app-pages-browser)/./node_modules/.pnpm/next@14.2.21_react-dom@18.3.1_react@18.3.1__react@18.3.1/node_modules/next/dist/compiled/scheduler/cjs/scheduler.development.js:534:21)
[  226451ms] ReferenceError: isRefreshing is not defined
    at AnalyticsPage (webpack-internal:///(app-pages-browser)/./src/app/panel/inmobiliaria/analytics/page.tsx:843:52)
    at renderWithHooks (webpack-internal:///(app-pages-browser)/./node_modules/.pnpm/next@14.2.21_react-dom@18.3.1_react@18.3.1__react@18.3.1/node_modules/next/dist/compiled/react-dom/cjs/react-dom.development.js:11121:18)
    at mountIndeterminateComponent (webpack-internal:///(app-pages-browser)/./node_modules/.pnpm/next@14.2.21_react-dom@18.3.1_react@18.3.1__react@18.3.1/node_modules/next/dist/compiled/react-dom/cjs/react-dom.development.js:16869:13)
    at beginWork$1 (webpack-internal:///(app-pages-browser)/./node_modules/.pnpm/next@14.2.21_react-dom@18.3.1_react@18.3.1__react@18.3.1/node_modules/next/dist/compiled/react-dom/cjs/react-dom.development.js:18458:16)
    at beginWork (webpack-internal:///(app-pages-browser)/./node_modules/.pnpm/next@14.2.21_react-dom@18.3.1_react@18.3.1__react@18.3.1/node_modules/next/dist/compiled/react-dom/cjs/react-dom.development.js:26927:14)
    at performUnitOfWork (webpack-internal:///(app-pages-browser)/./node_modules/.pnpm/next@14.2.21_react-dom@18.3.1_react@18.3.1__react@18.3.1/node_modules/next/dist/compiled/react-dom/cjs/react-dom.development.js:25748:12)
    at workLoopSync (webpack-internal:///(app-pages-browser)/./node_modules/.pnpm/next@14.2.21_react-dom@18.3.1_react@18.3.1__react@18.3.1/node_modules/next/dist/compiled/react-dom/cjs/react-dom.development.js:25464:5)
    at renderRootSync (webpack-internal:///(app-pages-browser)/./node_modules/.pnpm/next@14.2.21_react-dom@18.3.1_react@18.3.1__react@18.3.1/node_modules/next/dist/compiled/react-dom/cjs/react-dom.development.js:25419:7)
    at recoverFromConcurrentError (webpack-internal:///(app-pages-browser)/./node_modules/.pnpm/next@14.2.21_react-dom@18.3.1_react@18.3.1__react@18.3.1/node_modules/next/dist/compiled/react-dom/cjs/react-dom.development.js:24597:20)
    at performConcurrentWorkOnRoot (webpack-internal:///(app-pages-browser)/./node_modules/.pnpm/next@14.2.21_react-dom@18.3.1_react@18.3.1__react@18.3.1/node_modules/next/dist/compiled/react-dom/cjs/react-dom.development.js:24542:26)
    at workLoop (webpack-internal:///(app-pages-browser)/./node_modules/.pnpm/next@14.2.21_react-dom@18.3.1_react@18.3.1__react@18.3.1/node_modules/next/dist/compiled/scheduler/cjs/scheduler.development.js:256:34)
    at flushWork (webpack-internal:///(app-pages-browser)/./node_modules/.pnpm/next@14.2.21_react-dom@18.3.1_react@18.3.1__react@18.3.1/node_modules/next/dist/compiled/scheduler/cjs/scheduler.development.js:225:14)
    at MessagePort.performWorkUntilDeadline (webpack-internal:///(app-pages-browser)/./node_modules/.pnpm/next@14.2.21_react-dom@18.3.1_react@18.3.1__react@18.3.1/node_modules/next/dist/compiled/scheduler/cjs/scheduler.development.js:534:21)
[  226451ms] [ERROR] The above error occurred in the <NotFoundErrorBoundary> component:

    at AnalyticsPage (webpack-internal:///(app-pages-browser)/./src/app/panel/inmobiliaria/analytics/page.tsx:422:88)
    at ClientPageRoot (webpack-internal:///(app-pages-browser)/./node_modules/.pnpm/next@14.2.21_react-dom@18.3.1_react@18.3.1__react@18.3.1/node_modules/next/dist/client/components/client-page.js:14:11)
    at InnerLayoutRouter (webpack-internal:///(app-pages-browser)/./node_modules/.pnpm/next@14.2.21_react-dom@18.3.1_react@18.3.1__react@18.3.1/node_modules/next/dist/client/components/layout-router.js:243:11)
    at RedirectErrorBoundary (webpack-internal:///(app-pages-browser)/./node_modules/.pnpm/next@14.2.21_react-dom@18.3.1_react@18.3.1__react@18.3.1/node_modules/next/dist/client/components/redirect-boundary.js:74:9)
    at RedirectBoundary (webpack-internal:///(app-pages-browser)/./node_modules/.pnpm/next@14.2.21_react-dom@18.3.1_react@18.3.1__react@18.3.1/node_modules/next/dist/client/components/redirect-boundary.js:82:11)
    at NotFoundBoundary (webpack-internal:///(app-pages-browser)/./node_modules/.pnpm/next@14.2.21_react-dom@18.3.1_react@18.3.1__react@18.3.1/node_modules/next/dist/client/components/not-found-boundary.js:84:11)
    at LoadingBoundary (webpack-internal:///(app-pages-browser)/./node_modules/.pnpm/next@14.2.21_react-dom@18.3.1_react@18.3.1__react@18.3.1/node_modules/next/dist/client/components/layout-router.js:349:11)
    at ErrorBoundary (webpack-internal:///(app-pages-browser)/./node_modules/.pnpm/next@14.2.21_react-dom@18.3.1_react@18.3.1__react@18.3.1/node_modules/next/dist/client/components/error-boundary.js:160:11)
    at InnerScrollAndFocusHandler (webpack-internal:///(app-pages-browser)/./node_modules/.pnpm/next@14.2.21_react-dom@18.3.1_react@18.3.1__react@18.3.1/node_modules/next/dist/client/components/layout-router.js:153:9)
    at ScrollAndFocusHandler (webpack-internal:///(app-pages-browser)/./node_modules/.pnpm/next@14.2.21_react-dom@18.3.1_react@18.3.1__react@18.3.1/node_modules/next/dist/client/components/layout-router.js:228:11)
    at RenderFromTemplateContext (webpack-internal:///(app-pages-browser)/./node_modules/.pnpm/next@14.2.21_react-dom@18.3.1_react@18.3.1__react@18.3.1/node_modules/next/dist/client/components/render-from-template-context.js:16:44)
    at OuterLayoutRouter (webpack-internal:///(app-pages-browser)/./node_modules/.pnpm/next@14.2.21_react-dom@18.3.1_react@18.3.1__react@18.3.1/node_modules/next/dist/client/components/layout-router.js:370:11)
    at InnerLayoutRouter (webpack-internal:///(app-pages-browser)/./node_modules/.pnpm/next@14.2.21_react-dom@18.3.1_react@18.3.1__react@18.3.1/node_modules/next/dist/client/components/layout-router.js:243:11)
    at RedirectErrorBoundary (webpack-internal:///(app-pages-browser)/./node_modules/.pnpm/next@14.2.21_react-dom@18.3.1_react@18.3.1__react@18.3.1/node_modules/next/dist/client/components/redirect-boundary.js:74:9)
    at RedirectBoundary (webpack-internal:///(app-pages-browser)/./node_modules/.pnpm/next@14.2.21_react-dom@18.3.1_react@18.3.1__react@18.3.1/node_modules/next/dist/client/components/redirect-boundary.js:82:11)
    at NotFoundBoundary (webpack-internal:///(app-pages-browser)/./node_modules/.pnpm/next@14.2.21_react-dom@18.3.1_react@18.3.1__react@18.3.1/node_modules/next/dist/client/components/not-found-boundary.js:84:11)
    at LoadingBoundary (webpack-internal:///(app-pages-browser)/./node_modules/.pnpm/next@14.2.21_react-dom@18.3.1_react@18.3.1__react@18.3.1/node_modules/next/dist/client/components/layout-router.js:349:11)
    at ErrorBoundary (webpack-internal:///(app-pages-browser)/./node_modules/.pnpm/next@14.2.21_react-dom@18.3.1_react@18.3.1__react@18.3.1/node_modules/next/dist/client/components/error-boundary.js:160:11)
    at InnerScrollAndFocusHandler (webpack-internal:///(app-pages-browser)/./node_modules/.pnpm/next@14.2.21_react-dom@18.3.1_react@18.3.1__react@18.3.1/node_modules/next/dist/client/components/layout-router.js:153:9)
    at ScrollAndFocusHandler (webpack-internal:///(app-pages-browser)/./node_modules/.pnpm/next@14.2.21_react-dom@18.3.1_react@18.3.1__react@18.3.1/node_modules/next/dist/client/components/layout-router.js:228:11)
    at RenderFromTemplateContext (webpack-internal:///(app-pages-browser)/./node_modules/.pnpm/next@14.2.21_react-dom@18.3.1_react@18.3.1__react@18.3.1/node_modules/next/dist/client/components/render-from-template-context.js:16:44)
    at OuterLayoutRouter (webpack-internal:///(app-pages-browser)/./node_modules/.pnpm/next@14.2.21_react-dom@18.3.1_react@18.3.1__react@18.3.1/node_modules/next/dist/client/components/layout-router.js:370:11)
    at main
    at div
    at div
    at InmobiliariaLayoutInner (webpack-internal:///(app-pages-browser)/./src/app/panel/inmobiliaria/layout.tsx:111:11)
    at SidebarProvider (webpack-internal:///(app-pages-browser)/./src/lib/context/SidebarContext.tsx:14:11)
    at I18nProvider (webpack-internal:///(app-pages-browser)/./src/lib/i18n/i18n-context.tsx:48:11)
    at ProtectedRoute (webpack-internal:///(app-pages-browser)/./src/components/auth/ProtectedRoute.tsx:29:11)
    at InmobiliariaLayout (webpack-internal:///(app-pages-browser)/./src/app/panel/inmobiliaria/layout.tsx:184:11)
    at InnerLayoutRouter (webpack-internal:///(app-pages-browser)/./node_modules/.pnpm/next@14.2.21_react-dom@18.3.1_react@18.3.1__react@18.3.1/node_modules/next/dist/client/components/layout-router.js:243:11)
    at RedirectErrorBoundary (webpack-internal:///(app-pages-browser)/./node_modules/.pnpm/next@14.2.21_react-dom@18.3.1_react@18.3.1__react@18.3.1/node_modules/next/dist/client/components/redirect-boundary.js:74:9)
    at RedirectBoundary (webpack-internal:///(app-pages-browser)/./node_modules/.pnpm/next@14.2.21_react-dom@18.3.1_react@18.3.1__react@18.3.1/node_modules/next/dist/client/components/redirect-boundary.js:82:11)
    at NotFoundBoundary (webpack-internal:///(app-pages-browser)/./node_modules/.pnpm/next@14.2.21_react-dom@18.3.1_react@18.3.1__react@18.3.1/node_modules/next/dist/client/components/not-found-boundary.js:84:11)
    at LoadingBoundary (webpack-internal:///(app-pages-browser)/./node_modules/.pnpm/next@14.2.21_react-dom@18.3.1_react@18.3.1__react@18.3.1/node_modules/next/dist/client/components/layout-router.js:349:11)
    at ErrorBoundary (webpack-internal:///(app-pages-browser)/./node_modules/.pnpm/next@14.2.21_react-dom@18.3.1_react@18.3.1__react@18.3.1/node_modules/next/dist/client/components/error-boundary.js:160:11)
    at InnerScrollAndFocusHandler (webpack-internal:///(app-pages-browser)/./node_modules/.pnpm/next@14.2.21_react-dom@18.3.1_react@18.3.1__react@18.3.1/node_modules/next/dist/client/components/layout-router.js:153:9)
    at ScrollAndFocusHandler (webpack-internal:///(app-pages-browser)/./node_modules/.pnpm/next@14.2.21_react-dom@18.3.1_react@18.3.1__react@18.3.1/node_modules/next/dist/client/components/layout-router.js:228:11)
    at RenderFromTemplateContext (webpack-internal:///(app-pages-browser)/./node_modules/.pnpm/next@14.2.21_react-dom@18.3.1_react@18.3.1__react@18.3.1/node_modules/next/dist/client/components/render-from-template-context.js:16:44)
    at OuterLayoutRouter (webpack-internal:///(app-pages-browser)/./node_modules/.pnpm/next@14.2.21_react-dom@18.3.1_react@18.3.1__react@18.3.1/node_modules/next/dist/client/components/layout-router.js:370:11)
    at InnerLayoutRouter (webpack-internal:///(app-pages-browser)/./node_modules/.pnpm/next@14.2.21_react-dom@18.3.1_react@18.3.1__react@18.3.1/node_modules/next/dist/client/components/layout-router.js:243:11)
    at RedirectErrorBoundary (webpack-internal:///(app-pages-browser)/./node_modules/.pnpm/next@14.2.21_react-dom@18.3.1_react@18.3.1__react@18.3.1/node_modules/next/dist/client/components/redirect-boundary.js:74:9)
    at RedirectBoundary (webpack-internal:///(app-pages-browser)/./node_modules/.pnpm/next@14.2.21_react-dom@18.3.1_react@18.3.1__react@18.3.1/node_modules/next/dist/client/components/redirect-boundary.js:82:11)
    at NotFoundErrorBoundary (webpack-internal:///(app-pages-browser)/./node_modules/.pnpm/next@14.2.21_react-dom@18.3.1_react@18.3.1__react@18.3.1/node_modules/next/dist/client/components/not-found-boundary.js:76:9)
    at NotFoundBoundary (webpack-internal:///(app-pages-browser)/./node_modules/.pnpm/next@14.2.21_react-dom@18.3.1_react@18.3.1__react@18.3.1/node_modules/next/dist/client/components/not-found-boundary.js:84:11)
    at LoadingBoundary (webpack-internal:///(app-pages-browser)/./node_modules/.pnpm/next@14.2.21_react-dom@18.3.1_react@18.3.1__react@18.3.1/node_modules/next/dist/client/components/layout-router.js:349:11)
    at ErrorBoundary (webpack-internal:///(app-pages-browser)/./node_modules/.pnpm/next@14.2.21_react-dom@18.3.1_react@18.3.1__react@18.3.1/node_modules/next/dist/client/components/error-boundary.js:160:11)
    at InnerScrollAndFocusHandler (webpack-internal:///(app-pages-browser)/./node_modules/.pnpm/next@14.2.21_react-dom@18.3.1_react@18.3.1__react@18.3.1/node_modules/next/dist/client/components/layout-router.js:153:9)
    at ScrollAndFocusHandler (webpack-internal:///(app-pages-browser)/./node_modules/.pnpm/next@14.2.21_react-dom@18.3.1_react@18.3.1__react@18.3.1/node_modules/next/dist/client/components/layout-router.js:228:11)
    at RenderFromTemplateContext (webpack-internal:///(app-pages-browser)/./node_modules/.pnpm/next@14.2.21_react-dom@18.3.1_react@18.3.1__react@18.3.1/node_modules/next/dist/client/components/render-from-template-context.js:16:44)
    at div
    at MotionDOMComponent (webpack-internal:///(app-pages-browser)/./node_modules/.pnpm/framer-motion@12.27.1_react-dom@18.3.1_react@18.3.1__react@18.3.1/node_modules/framer-motion/dist/es/motion/index.mjs:67:65)
    at PageTransition (webpack-internal:///(app-pages-browser)/./src/components/providers/PageTransition.tsx:13:11)
    at Template (webpack-internal:///(app-pages-browser)/./src/app/template.tsx:13:11)
    at OuterLayoutRouter (webpack-internal:///(app-pages-browser)/./node_modules/.pnpm/next@14.2.21_react-dom@18.3.1_react@18.3.1__react@18.3.1/node_modules/next/dist/client/components/layout-router.js:370:11)
    at SmoothScroll (webpack-internal:///(app-pages-browser)/./src/components/providers/SmoothScroll.tsx:36:11)
    at WishlistProvider (webpack-internal:///(app-pages-browser)/./src/lib/stores/wishlist.tsx:17:11)
    at AuthProvider (webpack-internal:///(app-pages-browser)/./src/lib/auth/auth-context.tsx:28:11)
    at V (webpack-internal:///(app-pages-browser)/./node_modules/.pnpm/next-themes@0.4.6_react-dom@18.3.1_react@18.3.1__react@18.3.1/node_modules/next-themes/dist/index.mjs:54:24)
    at J (webpack-internal:///(app-pages-browser)/./node_modules/.pnpm/next-themes@0.4.6_react-dom@18.3.1_react@18.3.1__react@18.3.1/node_modules/next-themes/dist/index.mjs:47:47)
    at ThemeProvider (webpack-internal:///(app-pages-browser)/./src/components/providers/ThemeProvider.tsx:10:11)
    at body
    at html
    at RootLayout (Server)
    at RedirectErrorBoundary (webpack-internal:///(app-pages-browser)/./node_modules/.pnpm/next@14.2.21_react-dom@18.3.1_react@18.3.1__react@18.3.1/node_modules/next/dist/client/components/redirect-boundary.js:74:9)
    at RedirectBoundary (webpack-internal:///(app-pages-browser)/./node_modules/.pnpm/next@14.2.21_react-dom@18.3.1_react@18.3.1__react@18.3.1/node_modules/next/dist/client/components/redirect-boundary.js:82:11)
    at NotFoundErrorBoundary (webpack-internal:///(app-pages-browser)/./node_modules/.pnpm/next@14.2.21_react-dom@18.3.1_react@18.3.1__react@18.3.1/node_modules/next/dist/client/components/not-found-boundary.js:76:9)
    at NotFoundBoundary (webpack-internal:///(app-pages-browser)/./node_modules/.pnpm/next@14.2.21_react-dom@18.3.1_react@18.3.1__react@18.3.1/node_modules/next/dist/client/components/not-found-boundary.js:84:11)
    at DevRootNotFoundBoundary (webpack-internal:///(app-pages-browser)/./node_modules/.pnpm/next@14.2.21_react-dom@18.3.1_react@18.3.1__react@18.3.1/node_modules/next/dist/client/components/dev-root-not-found-boundary.js:33:11)
    at ReactDevOverlay (webpack-internal:///(app-pages-browser)/./node_modules/.pnpm/next@14.2.21_react-dom@18.3.1_react@18.3.1__react@18.3.1/node_modules/next/dist/client/components/react-dev-overlay/app/ReactDevOverlay.js:87:9)
    at HotReload (webpack-internal:///(app-pages-browser)/./node_modules/.pnpm/next@14.2.21_react-dom@18.3.1_react@18.3.1__react@18.3.1/node_modules/next/dist/client/components/react-dev-overlay/app/hot-reloader-client.js:321:11)
    at Router (webpack-internal:///(app-pages-browser)/./node_modules/.pnpm/next@14.2.21_react-dom@18.3.1_react@18.3.1__react@18.3.1/node_modules/next/dist/client/components/app-router.js:207:11)
    at ErrorBoundaryHandler (webpack-internal:///(app-pages-browser)/./node_modules/.pnpm/next@14.2.21_react-dom@18.3.1_react@18.3.1__react@18.3.1/node_modules/next/dist/client/components/error-boundary.js:113:9)
    at ErrorBoundary (webpack-internal:///(app-pages-browser)/./node_modules/.pnpm/next@14.2.21_react-dom@18.3.1_react@18.3.1__react@18.3.1/node_modules/next/dist/client/components/error-boundary.js:160:11)
    at AppRouter (webpack-internal:///(app-pages-browser)/./node_modules/.pnpm/next@14.2.21_react-dom@18.3.1_react@18.3.1__react@18.3.1/node_modules/next/dist/client/components/app-router.js:585:13)
    at ServerRoot (webpack-internal:///(app-pages-browser)/./node_modules/.pnpm/next@14.2.21_react-dom@18.3.1_react@18.3.1__react@18.3.1/node_modules/next/dist/client/app-index.js:112:27)
    at Root (webpack-internal:///(app-pages-browser)/./node_modules/.pnpm/next@14.2.21_react-dom@18.3.1_react@18.3.1__react@18.3.1/node_modules/next/dist/client/app-index.js:117:11)

React will try to recreate this component tree from scratch using the error boundary you provided, ReactDevOverlay. @ webpack-internal:///(app-pages-browser)/./node_modules/.pnpm/next@14.2.21_react-dom@18.3.1_react@18.3.1__react@18.3.1/node_modules/next/dist/client/app-index.js:32
[  230763ms] [WARNING] [Fast Refresh] performing full reload because your application had an unrecoverable error @ webpack-internal:///(app-pages-browser)/./node_modules/.pnpm/next@14.2.21_react-dom@18.3.1_react@18.3.1__react@18.3.1/node_modules/next/dist/client/components/react-dev-overlay/app/hot-reloader-client.js:114
